genome_id,genome_name,taxon_id,antibiotic,label,resistant_phenotype,measurement,measurement_value,measurement_unit,measurement_sign,evidence,laboratory_typing_method,laboratory_typing_platform
562.64831,Escherichia coli strain AMC_358,562,amoxicillin,resistant,Resistant,,,,,Laboratory Method,,
562.64839,Escherichia coli strain AMC_350,562,amoxicillin,resistant,Resistant,,,,,Laboratory Method,,
562.64839,Escherichia coli strain AMC_350,562,amoxicillin,susceptible,Susceptible,,,,,Laboratory Method,,
562.64851,Escherichia coli strain AMC_969,562,amoxicillin,resistant,Resistant,,,,,Laboratory Method,,
562.64856,Escherichia coli strain AMC_966,562,amoxicillin,susceptible,Susceptible,,,,,Laboratory Method,,
562.64861,Escherichia coli strain AMC_964,562,amoxicillin,resistant,Resistant,,,,,Laboratory Method,,
562.64861,Escherichia coli strain AMC_964,562,amoxicillin,susceptible,Susceptible,,,,,Laboratory Method,,
562.64864,Escherichia coli strain AMC_960,562,amoxicillin,resistant,Resistant,,,,,Laboratory Method,,
562.64864,Escherichia coli strain AMC_960,562,amoxicillin,susceptible,Susceptible,,,,,Laboratory Method,,
562.64865,Escherichia coli strain AMC_961,562,amoxicillin,resistant,Resistant,,,,,Laboratory Method,,
562.64866,Escherichia coli strain AMC_958,562,amoxicillin,resistant,Resistant,,,,,Laboratory Method,,
562.64866,Escherichia coli strain AMC_958,562,amoxicillin,susceptible,Susceptible,,,,,Laboratory Method,,
562.64869,Escherichia coli strain AMC_947,562,amoxicillin,resistant,Resistant,,,,,Laboratory Method,,
562.64869,Escherichia coli strain AMC_947,562,amoxicillin,susceptible,Susceptible,,,,,Laboratory Method,,
562.64874,Escherichia coli strain AMC_955,562,amoxicillin,resistant,Resistant,,,,,Laboratory Method,,
562.64874,Escherichia coli strain AMC_955,562,amoxicillin,susceptible,Susceptible,,,,,Laboratory Method,,
562.64875,Escherichia coli strain AMC_950,562,amoxicillin,resistant,Resistant,,,,,Laboratory Method,,
562.64875,Escherichia coli strain AMC_950,562,amoxicillin,susceptible,Susceptible,,,,,Laboratory Method,,
562.64879,Escherichia coli strain AMC_935,562,amoxicillin,resistant,Resistant,,,,,Laboratory Method,,
562.64883,Escherichia coli strain AMC_934,562,amoxicillin,resistant,Resistant,,,,,Laboratory Method,,
562.64883,Escherichia coli strain AMC_934,562,amoxicillin,susceptible,Susceptible,,,,,Laboratory Method,,
562.64884,Escherichia coli strain AMC_939,562,amoxicillin,resistant,Resistant,,,,,Laboratory Method,,
562.64884,Escherichia coli strain AMC_939,562,amoxicillin,susceptible,Susceptible,,,,,Laboratory Method,,
562.64888,Escherichia coli strain AMC_938,562,amoxicillin,resistant,Resistant,,,,,Laboratory Method,,
562.64888,Escherichia coli strain AMC_938,562,amoxicillin,susceptible,Susceptible,,,,,Laboratory Method,,
562.64891,Escherichia coli strain AMC_929,562,amoxicillin,susceptible,Susceptible,,,,,Laboratory Method,,
562.64896,Escherichia coli strain AMC_925,562,amoxicillin,resistant,Resistant,,,,,Laboratory Method,,
562.64896,Escherichia coli strain AMC_925,562,amoxicillin,susceptible,Susceptible,,,,,Laboratory Method,,
562.64899,Escherichia coli strain AMC_928,562,amoxicillin,resistant,Resistant,,,,,Laboratory Method,,
562.64903,Escherichia coli strain AMC_915,562,amoxicillin,resistant,Resistant,,,,,Laboratory Method,,
562.64906,Escherichia coli strain AMC_921,562,amoxicillin,resistant,Resistant,,,,,Laboratory Method,,
562.64908,Escherichia coli strain AMC_918,562,amoxicillin,resistant,Resistant,,,,,Laboratory Method,,
562.64908,Escherichia coli strain AMC_918,562,amoxicillin,susceptible,Susceptible,,,,,Laboratory Method,,
562.64909,Escherichia coli strain AMC_919,562,amoxicillin,susceptible,Susceptible,,,,,Laboratory Method,,
562.64912,Escherichia coli strain AMC_904,562,amoxicillin,resistant,Resistant,,,,,Laboratory Method,,
562.64915,Escherichia coli strain AMC_902,562,amoxicillin,resistant,Resistant,,,,,Laboratory Method,,
562.64915,Escherichia coli strain AMC_902,562,amoxicillin,susceptible,Susceptible,,,,,Laboratory Method,,
562.64917,Escherichia coli strain AMC_911,562,amoxicillin,susceptible,Susceptible,,,,,Laboratory Method,,
562.64931,Escherichia coli strain AMC_337,562,amoxicillin,susceptible,Susceptible,,,,,Laboratory Method,,
562.64944,Escherichia coli strain AMC_318,562,amoxicillin,resistant,Resistant,,,,,Laboratory Method,,
562.64944,Escherichia coli strain AMC_318,562,amoxicillin,susceptible,Susceptible,,,,,Laboratory Method,,
562.64946,Escherichia coli strain AMC_315,562,amoxicillin,resistant,Resistant,,,,,Laboratory Method,,
562.64949,Escherichia coli strain AMC_316,562,amoxicillin,resistant,Resistant,,,,,Laboratory Method,,
562.64949,Escherichia coli strain AMC_316,562,amoxicillin,susceptible,Susceptible,,,,,Laboratory Method,,
562.64957,Escherichia coli strain AMC_104,562,amoxicillin,resistant,Resistant,,,,,Laboratory Method,,
562.64959,Escherichia coli strain AMC_105,562,amoxicillin,resistant,Resistant,,,,,Laboratory Method,,
562.64967,Escherichia coli strain AMC_98,562,amoxicillin,resistant,Resistant,,,,,Laboratory Method,,
562.64972,Escherichia coli strain AMC_97,562,amoxicillin,resistant,Resistant,,,,,Laboratory Method,,
562.64981,Escherichia coli strain AMC_87,562,amoxicillin,susceptible,Susceptible,,,,,Laboratory Method,,
562.64983,Escherichia coli strain AMC_756,562,amoxicillin,resistant,Resistant,,,,,Laboratory Method,,
562.64983,Escherichia coli strain AMC_756,562,amoxicillin,susceptible,Susceptible,,,,,Laboratory Method,,
562.64992,Escherichia coli strain AMC_747,562,amoxicillin,resistant,Resistant,,,,,Laboratory Method,,
562.65006,Escherichia coli strain AMC_734,562,amoxicillin,resistant,Resistant,,,,,Laboratory Method,,
562.65012,Escherichia coli strain AMC_302,562,amoxicillin,resistant,Resistant,,,,,Laboratory Method,,
562.65015,Escherichia coli strain AMC_304,562,amoxicillin,resistant,Resistant,,,,,Laboratory Method,,
562.65016,Escherichia coli strain AMC_305,562,amoxicillin,resistant,Resistant,,,,,Laboratory Method,,
562.65017,Escherichia coli strain AMC_307,562,amoxicillin,resistant,Resistant,,,,,Laboratory Method,,
562.65018,Escherichia coli strain AMC_306,562,amoxicillin,resistant,Resistant,,,,,Laboratory Method,,
562.65021,Escherichia coli strain AMC_288,562,amoxicillin,resistant,Resistant,,,,,Laboratory Method,,
562.65022,Escherichia coli strain AMC_292,562,amoxicillin,resistant,Resistant,,,,,Laboratory Method,,
562.65022,Escherichia coli strain AMC_292,562,amoxicillin,susceptible,Susceptible,,,,,Laboratory Method,,
562.65027,Escherichia coli strain AMC_299,562,amoxicillin,resistant,Resistant,,,,,Laboratory Method,,
562.65027,Escherichia coli strain AMC_299,562,amoxicillin,susceptible,Susceptible,,,,,Laboratory Method,,
562.65028,Escherichia coli strain AMC_297,562,amoxicillin,resistant,Resistant,,,,,Laboratory Method,,
562.65033,Escherichia coli strain AMC_276,562,amoxicillin,susceptible,Susceptible,,,,,Laboratory Method,,
562.65036,Escherichia coli strain AMC_284,562,amoxicillin,resistant,Resistant,,,,,Laboratory Method,,
562.65036,Escherichia coli strain AMC_284,562,amoxicillin,susceptible,Susceptible,,,,,Laboratory Method,,
562.65064,Escherichia coli strain AMC_2,562,amoxicillin,resistant,Resistant,,,,,Laboratory Method,,
562.65065,Escherichia coli strain AMC_246,562,amoxicillin,susceptible,Susceptible,,,,,Laboratory Method,,
562.65073,Escherichia coli strain AMC_1,562,amoxicillin,resistant,Resistant,,,,,Laboratory Method,,
562.65079,Escherichia coli strain AMC_241,562,amoxicillin,resistant,Resistant,,,,,Laboratory Method,,
562.65083,Escherichia coli strain AMC_240,562,amoxicillin,susceptible,Susceptible,,,,,Laboratory Method,,
562.65084,Escherichia coli strain AMC_237,562,amoxicillin,resistant,Resistant,,,,,Laboratory Method,,
562.65087,Escherichia coli strain AMC_897,562,amoxicillin,resistant,Resistant,,,,,Laboratory Method,,
562.65091,Escherichia coli strain AMC_229,562,amoxicillin,resistant,Resistant,,,,,Laboratory Method,,
562.65094,Escherichia coli strain AMC_234,562,amoxicillin,susceptible,Susceptible,,,,,Laboratory Method,,
562.65112,Escherichia coli strain AMC_880,562,amoxicillin,resistant,Resistant,,,,,Laboratory Method,,
562.65116,Escherichia coli strain AMC_879,562,amoxicillin,resistant,Resistant,,,,,Laboratory Method,,
562.65116,Escherichia coli strain AMC_879,562,amoxicillin,susceptible,Susceptible,,,,,Laboratory Method,,
562.65118,Escherichia coli strain AMC_875,562,amoxicillin,resistant,Resistant,,,,,Laboratory Method,,
562.65123,Escherichia coli strain AMC_181,562,amoxicillin,resistant,Resistant,,,,,Laboratory Method,,
562.65126,Escherichia coli strain AMC_176,562,amoxicillin,resistant,Resistant,,,,,Laboratory Method,,
562.65126,Escherichia coli strain AMC_176,562,amoxicillin,susceptible,Susceptible,,,,,Laboratory Method,,
562.65127,Escherichia coli strain AMC_175,562,amoxicillin,resistant,Resistant,,,,,Laboratory Method,,
562.65127,Escherichia coli strain AMC_175,562,amoxicillin,susceptible,Susceptible,,,,,Laboratory Method,,
562.65128,Escherichia coli strain AMC_174,562,amoxicillin,resistant,Resistant,,,,,Laboratory Method,,
562.65128,Escherichia coli strain AMC_174,562,amoxicillin,susceptible,Susceptible,,,,,Laboratory Method,,
562.65134,Escherichia coli strain AMC_558,562,amoxicillin,resistant,Resistant,,,,,Laboratory Method,,
562.65136,Escherichia coli strain AMC_172,562,amoxicillin,resistant,Resistant,,,,,Laboratory Method,,
562.65136,Escherichia coli strain AMC_172,562,amoxicillin,susceptible,Susceptible,,,,,Laboratory Method,,
562.65138,Escherichia coli strain AMC_554,562,amoxicillin,resistant,Resistant,,,,,Laboratory Method,,
562.65138,Escherichia coli strain AMC_554,562,amoxicillin,susceptible,Susceptible,,,,,Laboratory Method,,
562.65143,Escherichia coli strain AMC_551,562,amoxicillin,resistant,Resistant,,,,,Laboratory Method,,
562.65143,Escherichia coli strain AMC_551,562,amoxicillin,susceptible,Susceptible,,,,,Laboratory Method,,
562.65145,Escherichia coli strain AMC_552,562,amoxicillin,resistant,Resistant,,,,,Laboratory Method,,
562.65145,Escherichia coli strain AMC_552,562,amoxicillin,susceptible,Susceptible,,,,,Laboratory Method,,
562.65146,Escherichia coli strain AMC_553,562,amoxicillin,resistant,Resistant,,,,,Laboratory Method,,
562.65146,Escherichia coli strain AMC_553,562,amoxicillin,susceptible,Susceptible,,,,,Laboratory Method,,
562.65153,Escherichia coli strain AMC_547,562,amoxicillin,resistant,Resistant,,,,,Laboratory Method,,
562.65155,Escherichia coli strain AMC_539,562,amoxicillin,resistant,Resistant,,,,,Laboratory Method,,
562.65157,Escherichia coli strain AMC_538,562,amoxicillin,susceptible,Susceptible,,,,,Laboratory Method,,
562.65158,Escherichia coli strain AMC_532,562,amoxicillin,susceptible,Susceptible,,,,,Laboratory Method,,
562.65161,Escherichia coli strain AMC_533,562,amoxicillin,resistant,Resistant,,,,,Laboratory Method,,
562.65161,Escherichia coli strain AMC_533,562,amoxicillin,susceptible,Susceptible,,,,,Laboratory Method,,
562.65163,Escherichia coli strain AMC_536,562,amoxicillin,resistant,Resistant,,,,,Laboratory Method,,
562.65164,Escherichia coli strain AMC_534,562,amoxicillin,resistant,Resistant,,,,,Laboratory Method,,
562.65164,Escherichia coli strain AMC_534,562,amoxicillin,susceptible,Susceptible,,,,,Laboratory Method,,
562.65166,Escherichia coli strain AMC_525,562,amoxicillin,resistant,Resistant,,,,,Laboratory Method,,
562.65166,Escherichia coli strain AMC_525,562,amoxicillin,susceptible,Susceptible,,,,,Laboratory Method,,
562.65173,Escherichia coli strain AMC_524,562,amoxicillin,resistant,Resistant,,,,,Laboratory Method,,
562.65185,Escherichia coli strain AMC_519,562,amoxicillin,susceptible,Susceptible,,,,,Laboratory Method,,
562.65203,Escherichia coli strain AMC_504,562,amoxicillin,resistant,Resistant,,,,,Laboratory Method,,
562.65204,Escherichia coli strain AMC_505,562,amoxicillin,resistant,Resistant,,,,,Laboratory Method,,
562.65204,Escherichia coli strain AMC_505,562,amoxicillin,susceptible,Susceptible,,,,,Laboratory Method,,
562.65206,Escherichia coli strain AMC_508,562,amoxicillin,resistant,Resistant,,,,,Laboratory Method,,
562.65207,Escherichia coli strain AMC_493,562,amoxicillin,resistant,Resistant,,,,,Laboratory Method,,
562.65212,Escherichia coli strain AMC_488,562,amoxicillin,resistant,Resistant,,,,,Laboratory Method,,
562.65219,Escherichia coli strain AMC_483,562,amoxicillin,resistant,Resistant,,,,,Laboratory Method,,
562.65223,Escherichia coli strain AMC_485,562,amoxicillin,resistant,Resistant,,,,,Laboratory Method,,
562.65225,Escherichia coli strain AMC_479,562,amoxicillin,resistant,Resistant,,,,,Laboratory Method,,
562.65235,Escherichia coli strain AMC_467,562,amoxicillin,resistant,Resistant,,,,,Laboratory Method,,
562.65236,Escherichia coli strain AMC_466,562,amoxicillin,susceptible,Susceptible,,,,,Laboratory Method,,
562.65237,Escherichia coli strain AMC_476,562,amoxicillin,resistant,Resistant,,,,,Laboratory Method,,
562.65237,Escherichia coli strain AMC_476,562,amoxicillin,susceptible,Susceptible,,,,,Laboratory Method,,
562.65239,Escherichia coli strain AMC_475,562,amoxicillin,resistant,Resistant,,,,,Laboratory Method,,
562.65239,Escherichia coli strain AMC_475,562,amoxicillin,susceptible,Susceptible,,,,,Laboratory Method,,
562.65242,Escherichia coli strain AMC_465,562,amoxicillin,resistant,Resistant,,,,,Laboratory Method,,
562.65242,Escherichia coli strain AMC_465,562,amoxicillin,susceptible,Susceptible,,,,,Laboratory Method,,
562.65244,Escherichia coli strain AMC_458,562,amoxicillin,susceptible,Susceptible,,,,,Laboratory Method,,
562.65246,Escherichia coli strain AMC_456,562,amoxicillin,resistant,Resistant,,,,,Laboratory Method,,
562.65246,Escherichia coli strain AMC_456,562,amoxicillin,susceptible,Susceptible,,,,,Laboratory Method,,
562.65255,Escherichia coli strain AMC_454,562,amoxicillin,susceptible,Susceptible,,,,,Laboratory Method,,
562.65259,Escherichia coli strain AMC_448,562,amoxicillin,resistant,Resistant,,,,,Laboratory Method,,
562.65259,Escherichia coli strain AMC_448,562,amoxicillin,susceptible,Susceptible,,,,,Laboratory Method,,
562.65262,Escherichia coli strain AMC_443,562,amoxicillin,susceptible,Susceptible,,,,,Laboratory Method,,
562.65263,Escherichia coli strain AMC_434,562,amoxicillin,susceptible,Susceptible,,,,,Laboratory Method,,
562.65265,Escherichia coli strain AMC_437,562,amoxicillin,resistant,Resistant,,,,,Laboratory Method,,
562.65265,Escherichia coli strain AMC_437,562,amoxicillin,susceptible,Susceptible,,,,,Laboratory Method,,
562.65267,Escherichia coli strain AMC_435,562,amoxicillin,susceptible,Susceptible,,,,,Laboratory Method,,
562.65268,Escherichia coli strain AMC_441,562,amoxicillin,resistant,Resistant,,,,,Laboratory Method,,
562.65268,Escherichia coli strain AMC_441,562,amoxicillin,susceptible,Susceptible,,,,,Laboratory Method,,
562.65269,Escherichia coli strain AMC_440,562,amoxicillin,resistant,Resistant,,,,,Laboratory Method,,
562.65269,Escherichia coli strain AMC_440,562,amoxicillin,susceptible,Susceptible,,,,,Laboratory Method,,
562.65282,Escherichia coli strain AMC_425,562,amoxicillin,resistant,Resistant,,,,,Laboratory Method,,
562.65282,Escherichia coli strain AMC_425,562,amoxicillin,susceptible,Susceptible,,,,,Laboratory Method,,
562.65285,Escherichia coli strain AMC_420,562,amoxicillin,resistant,Resistant,,,,,Laboratory Method,,
562.65285,Escherichia coli strain AMC_420,562,amoxicillin,susceptible,Susceptible,,,,,Laboratory Method,,
562.65287,Escherichia coli strain AMC_418,562,amoxicillin,resistant,Resistant,,,,,Laboratory Method,,
562.65288,Escherichia coli strain AMC_414,562,amoxicillin,resistant,Resistant,,,,,Laboratory Method,,
562.65298,Escherichia coli strain AMC_403,562,amoxicillin,resistant,Resistant,,,,,Laboratory Method,,
562.65298,Escherichia coli strain AMC_403,562,amoxicillin,susceptible,Susceptible,,,,,Laboratory Method,,
562.65302,Escherichia coli strain AMC_409,562,amoxicillin,resistant,Resistant,,,,,Laboratory Method,,
562.65302,Escherichia coli strain AMC_409,562,amoxicillin,susceptible,Susceptible,,,,,Laboratory Method,,
562.65304,Escherichia coli strain AMC_406,562,amoxicillin,resistant,Resistant,,,,,Laboratory Method,,
562.65312,Escherichia coli strain AMC_397,562,amoxicillin,susceptible,Susceptible,,,,,Laboratory Method,,
562.65316,Escherichia coli strain AMC_82,562,amoxicillin,resistant,Resistant,,,,,Laboratory Method,,
562.65323,Escherichia coli strain AMC_77,562,amoxicillin,resistant,Resistant,,,,,Laboratory Method,,
562.65325,Escherichia coli strain AMC_78,562,amoxicillin,resistant,Resistant,,,,,Laboratory Method,,
562.65329,Escherichia coli strain AMC_68,562,amoxicillin,resistant,Resistant,,,,,Laboratory Method,,
562.65329,Escherichia coli strain AMC_68,562,amoxicillin,susceptible,Susceptible,,,,,Laboratory Method,,
562.65332,Escherichia coli strain AMC_63,562,amoxicillin,resistant,Resistant,,,,,Laboratory Method,,
562.65333,Escherichia coli strain AMC_61,562,amoxicillin,resistant,Resistant,,,,,Laboratory Method,,
562.65341,Escherichia coli strain AMC_391,562,amoxicillin,resistant,Resistant,,,,,Laboratory Method,,
562.65341,Escherichia coli strain AMC_391,562,amoxicillin,susceptible,Susceptible,,,,,Laboratory Method,,
562.65342,Escherichia coli strain AMC_392,562,amoxicillin,resistant,Resistant,,,,,Laboratory Method,,
562.65358,Escherichia coli strain AMC_381,562,amoxicillin,resistant,Resistant,,,,,Laboratory Method,,
562.65359,Escherichia coli strain AMC_380,562,amoxicillin,resistant,Resistant,,,,,Laboratory Method,,
562.65359,Escherichia coli strain AMC_380,562,amoxicillin,susceptible,Susceptible,,,,,Laboratory Method,,
562.65361,Escherichia coli strain AMC_368,562,amoxicillin,susceptible,Susceptible,,,,,Laboratory Method,,
562.65365,Escherichia coli strain AMC_58,562,amoxicillin,resistant,Resistant,,,,,Laboratory Method,,
562.65374,Escherichia coli strain AMC_51,562,amoxicillin,resistant,Resistant,,,,,Laboratory Method,,
562.65374,Escherichia coli strain AMC_51,562,amoxicillin,susceptible,Susceptible,,,,,Laboratory Method,,
562.65381,Escherichia coli strain AMC_43,562,amoxicillin,resistant,Resistant,,,,,Laboratory Method,,
562.65382,Escherichia coli strain AMC_44,562,amoxicillin,resistant,Resistant,,,,,Laboratory Method,,
562.65382,Escherichia coli strain AMC_44,562,amoxicillin,susceptible,Susceptible,,,,,Laboratory Method,,
562.65392,Escherichia coli strain AMC_32,562,amoxicillin,resistant,Resistant,,,,,Laboratory Method,,
562.65392,Escherichia coli strain AMC_32,562,amoxicillin,susceptible,Susceptible,,,,,Laboratory Method,,
562.65397,Escherichia coli strain AMC_28,562,amoxicillin,susceptible,Susceptible,,,,,Laboratory Method,,
562.65406,Escherichia coli strain AMC_19,562,amoxicillin,resistant,Resistant,,,,,Laboratory Method,,
562.65411,Escherichia coli strain AMC_10,562,amoxicillin,resistant,Resistant,,,,,Laboratory Method,,
562.65423,Escherichia coli strain AMC_816,562,amoxicillin,resistant,Resistant,,,,,Laboratory Method,,
562.65423,Escherichia coli strain AMC_816,562,amoxicillin,susceptible,Susceptible,,,,,Laboratory Method,,
562.65426,Escherichia coli strain AMC_7,562,amoxicillin,resistant,Resistant,,,,,Laboratory Method,,
562.65427,Escherichia coli strain AMC_6,562,amoxicillin,resistant,Resistant,,,,,Laboratory Method,,
562.65427,Escherichia coli strain AMC_6,562,amoxicillin,susceptible,Susceptible,,,,,Laboratory Method,,
562.65428,Escherichia coli strain AMC_865,562,amoxicillin,resistant,Resistant,,,,,Laboratory Method,,
562.65432,Escherichia coli strain AMC_867,562,amoxicillin,susceptible,Susceptible,,,,,Laboratory Method,,
562.65438,Escherichia coli strain AMC_850,562,amoxicillin,resistant,Resistant,,,,,Laboratory Method,,
562.65438,Escherichia coli strain AMC_850,562,amoxicillin,susceptible,Susceptible,,,,,Laboratory Method,,
562.65441,Escherichia coli strain AMC_843,562,amoxicillin,resistant,Resistant,,,,,Laboratory Method,,
562.65441,Escherichia coli strain AMC_843,562,amoxicillin,susceptible,Susceptible,,,,,Laboratory Method,,
562.65446,Escherichia coli strain AMC_725,562,amoxicillin,resistant,Resistant,,,,,Laboratory Method,,
562.65446,Escherichia coli strain AMC_725,562,amoxicillin,susceptible,Susceptible,,,,,Laboratory Method,,
562.65447,Escherichia coli strain AMC_722,562,amoxicillin,resistant,Resistant,,,,,Laboratory Method,,
562.65448,Escherichia coli strain AMC_724,562,amoxicillin,susceptible,Susceptible,,,,,Laboratory Method,,
562.65448,Escherichia coli strain AMC_724,562,amoxicillin,resistant,Resistant,,,,,Laboratory Method,,
562.65457,Escherichia coli strain AMC_716,562,amoxicillin,resistant,Resistant,,,,,Laboratory Method,,
562.65457,Escherichia coli strain AMC_716,562,amoxicillin,susceptible,Susceptible,,,,,Laboratory Method,,
562.65459,Escherichia coli strain AMC_714,562,amoxicillin,resistant,Resistant,,,,,Laboratory Method,,
562.65459,Escherichia coli strain AMC_714,562,amoxicillin,susceptible,Susceptible,,,,,Laboratory Method,,
562.65462,Escherichia coli strain AMC_703,562,amoxicillin,susceptible,Susceptible,,,,,Laboratory Method,,
562.65463,Escherichia coli strain AMC_169,562,amoxicillin,susceptible,Susceptible,,,,,Laboratory Method,,
562.65464,Escherichia coli strain AMC_168,562,amoxicillin,resistant,Resistant,,,,,Laboratory Method,,
562.65464,Escherichia coli strain AMC_168,562,amoxicillin,susceptible,Susceptible,,,,,Laboratory Method,,
562.65465,Escherichia coli strain AMC_707,562,amoxicillin,resistant,Resistant,,,,,Laboratory Method,,
562.65476,Escherichia coli strain AMC_158,562,amoxicillin,resistant,Resistant,,,,,Laboratory Method,,
562.65479,Escherichia coli strain AMC_159,562,amoxicillin,resistant,Resistant,,,,,Laboratory Method,,
562.65479,Escherichia coli strain AMC_159,562,amoxicillin,susceptible,Susceptible,,,,,Laboratory Method,,
562.65484,Escherichia coli strain AMC_155,562,amoxicillin,resistant,Resistant,,,,,Laboratory Method,,
562.65488,Escherichia coli strain AMC_149,562,amoxicillin,susceptible,Susceptible,,,,,Laboratory Method,,
562.65497,Escherichia coli strain AMC_698,562,amoxicillin,resistant,Resistant,,,,,Laboratory Method,,
562.65497,Escherichia coli strain AMC_698,562,amoxicillin,susceptible,Susceptible,,,,,Laboratory Method,,
562.65498,Escherichia coli strain AMC_700,562,amoxicillin,resistant,Resistant,,,,,Laboratory Method,,
562.65499,Escherichia coli strain AMC_701,562,amoxicillin,resistant,Resistant,,,,,Laboratory Method,,
562.65499,Escherichia coli strain AMC_701,562,amoxicillin,susceptible,Susceptible,,,,,Laboratory Method,,
562.65504,Escherichia coli strain AMC_145,562,amoxicillin,resistant,Resistant,,,,,Laboratory Method,,
562.65506,Escherichia coli strain AMC_693,562,amoxicillin,resistant,Resistant,,,,,Laboratory Method,,
562.65506,Escherichia coli strain AMC_693,562,amoxicillin,susceptible,Susceptible,,,,,Laboratory Method,,
562.65509,Escherichia coli strain AMC_684,562,amoxicillin,resistant,Resistant,,,,,Laboratory Method,,
562.65513,Escherichia coli strain AMC_690,562,amoxicillin,resistant,Resistant,,,,,Laboratory Method,,
562.65514,Escherichia coli strain AMC_688,562,amoxicillin,resistant,Resistant,,,,,Laboratory Method,,
562.65516,Escherichia coli strain AMC_681,562,amoxicillin,resistant,Resistant,,,,,Laboratory Method,,
562.65522,Escherichia coli strain AMC_677,562,amoxicillin,resistant,Resistant,,,,,Laboratory Method,,
562.65524,Escherichia coli strain AMC_682,562,amoxicillin,resistant,Resistant,,,,,Laboratory Method,,
562.65524,Escherichia coli strain AMC_682,562,amoxicillin,susceptible,Susceptible,,,,,Laboratory Method,,
562.65528,Escherichia coli strain AMC_669,562,amoxicillin,resistant,Resistant,,,,,Laboratory Method,,
562.65536,Escherichia coli strain AMC_666,562,amoxicillin,resistant,Resistant,,,,,Laboratory Method,,
562.65536,Escherichia coli strain AMC_666,562,amoxicillin,susceptible,Susceptible,,,,,Laboratory Method,,
562.65538,Escherichia coli strain AMC_652,562,amoxicillin,resistant,Resistant,,,,,Laboratory Method,,
562.65538,Escherichia coli strain AMC_652,562,amoxicillin,susceptible,Susceptible,,,,,Laboratory Method,,
562.65545,Escherichia coli strain AMC_660,562,amoxicillin,resistant,Resistant,,,,,Laboratory Method,,
562.65545,Escherichia coli strain AMC_660,562,amoxicillin,susceptible,Susceptible,,,,,Laboratory Method,,
562.65554,Escherichia coli strain AMC_645,562,amoxicillin,resistant,Resistant,,,,,Laboratory Method,,
562.65554,Escherichia coli strain AMC_645,562,amoxicillin,susceptible,Susceptible,,,,,Laboratory Method,,
562.65558,Escherichia coli strain AMC_647,562,amoxicillin,resistant,Resistant,,,,,Laboratory Method,,
562.65558,Escherichia coli strain AMC_647,562,amoxicillin,susceptible,Susceptible,,,,,Laboratory Method,,
562.65559,Escherichia coli strain AMC_650,562,amoxicillin,resistant,Resistant,,,,,Laboratory Method,,
562.65559,Escherichia coli strain AMC_650,562,amoxicillin,susceptible,Susceptible,,,,,Laboratory Method,,
562.65562,Escherichia coli strain AMC_636,562,amoxicillin,resistant,Resistant,,,,,Laboratory Method,,
562.65562,Escherichia coli strain AMC_636,562,amoxicillin,susceptible,Susceptible,,,,,Laboratory Method,,
562.65564,Escherichia coli strain AMC_635,562,amoxicillin,resistant,Resistant,,,,,Laboratory Method,,
562.65564,Escherichia coli strain AMC_635,562,amoxicillin,susceptible,Susceptible,,,,,Laboratory Method,,
562.65566,Escherichia coli strain AMC_632,562,amoxicillin,resistant,Resistant,,,,,Laboratory Method,,
562.65566,Escherichia coli strain AMC_632,562,amoxicillin,susceptible,Susceptible,,,,,Laboratory Method,,
562.65567,Escherichia coli strain AMC_631,562,amoxicillin,susceptible,Susceptible,,,,,Laboratory Method,,
562.65572,Escherichia coli strain AMC_626,562,amoxicillin,resistant,Resistant,,,,,Laboratory Method,,
562.65572,Escherichia coli strain AMC_626,562,amoxicillin,susceptible,Susceptible,,,,,Laboratory Method,,
562.65575,Escherichia coli strain AMC_624,562,amoxicillin,resistant,Resistant,,,,,Laboratory Method,,
562.65575,Escherichia coli strain AMC_624,562,amoxicillin,susceptible,Susceptible,,,,,Laboratory Method,,
562.65577,Escherichia coli strain AMC_619,562,amoxicillin,resistant,Resistant,,,,,Laboratory Method,,
562.65583,Escherichia coli strain AMC_612,562,amoxicillin,resistant,Resistant,,,,,Laboratory Method,,
562.65583,Escherichia coli strain AMC_612,562,amoxicillin,susceptible,Susceptible,,,,,Laboratory Method,,
562.65585,Escherichia coli strain AMC_615,562,amoxicillin,resistant,Resistant,,,,,Laboratory Method,,
562.65588,Escherichia coli strain AMC_609,562,amoxicillin,resistant,Resistant,,,,,Laboratory Method,,
562.65594,Escherichia coli strain AMC_617,562,amoxicillin,resistant,Resistant,,,,,Laboratory Method,,
562.65594,Escherichia coli strain AMC_617,562,amoxicillin,susceptible,Susceptible,,,,,Laboratory Method,,
562.65596,Escherichia coli strain AMC_603,562,amoxicillin,resistant,Resistant,,,,,Laboratory Method,,
562.65598,Escherichia coli strain AMC_604,562,amoxicillin,resistant,Resistant,,,,,Laboratory Method,,
562.65598,Escherichia coli strain AMC_604,562,amoxicillin,susceptible,Susceptible,,,,,Laboratory Method,,
562.65605,Escherichia coli strain AMC_606,562,amoxicillin,resistant,Resistant,,,,,Laboratory Method,,
562.65608,Escherichia coli strain AMC_140,562,amoxicillin,susceptible,Susceptible,,,,,Laboratory Method,,
562.65611,Escherichia coli strain AMC_595,562,amoxicillin,resistant,Resistant,,,,,Laboratory Method,,
562.65611,Escherichia coli strain AMC_595,562,amoxicillin,susceptible,Susceptible,,,,,Laboratory Method,,
562.65612,Escherichia coli strain AMC_591,562,amoxicillin,resistant,Resistant,,,,,Laboratory Method,,
562.65612,Escherichia coli strain AMC_591,562,amoxicillin,susceptible,Susceptible,,,,,Laboratory Method,,
562.65613,Escherichia coli strain AMC_141,562,amoxicillin,resistant,Resistant,,,,,Laboratory Method,,
562.65613,Escherichia coli strain AMC_141,562,amoxicillin,susceptible,Susceptible,,,,,Laboratory Method,,
562.65616,Escherichia coli strain AMC_593,562,amoxicillin,susceptible,Susceptible,,,,,Laboratory Method,,
562.65631,Escherichia coli strain AMC_119,562,amoxicillin,resistant,Resistant,,,,,Laboratory Method,,
562.65631,Escherichia coli strain AMC_119,562,amoxicillin,susceptible,Susceptible,,,,,Laboratory Method,,
562.65633,Escherichia coli strain AMC_123,562,amoxicillin,resistant,Resistant,,,,,Laboratory Method,,
562.65633,Escherichia coli strain AMC_123,562,amoxicillin,susceptible,Susceptible,,,,,Laboratory Method,,
562.65636,Escherichia coli strain AMC_116,562,amoxicillin,resistant,Resistant,,,,,Laboratory Method,,
562.65636,Escherichia coli strain AMC_116,562,amoxicillin,susceptible,Susceptible,,,,,Laboratory Method,,
562.65638,Escherichia coli strain AMC_124,562,amoxicillin,resistant,Resistant,,,,,Laboratory Method,,
562.65638,Escherichia coli strain AMC_124,562,amoxicillin,susceptible,Susceptible,,,,,Laboratory Method,,
562.65645,Escherichia coli strain AMC_588,562,amoxicillin,resistant,Resistant,,,,,Laboratory Method,,
562.65658,Escherichia coli strain AMC_574,562,amoxicillin,susceptible,Susceptible,,,,,Laboratory Method,,
562.65662,Escherichia coli strain AMC_564,562,amoxicillin,resistant,Resistant,,,,,Laboratory Method,,
562.65665,Escherichia coli strain AMC_567,562,amoxicillin,susceptible,Susceptible,,,,,Laboratory Method,,
562.65667,Escherichia coli strain AMC_196,562,amoxicillin,resistant,Resistant,,,,,Laboratory Method,,
562.65671,Escherichia coli strain AMC_195,562,amoxicillin,resistant,Resistant,,,,,Laboratory Method,,
562.65673,Escherichia coli strain AMC_193,562,amoxicillin,resistant,Resistant,,,,,Laboratory Method,,
562.65673,Escherichia coli strain AMC_193,562,amoxicillin,susceptible,Susceptible,,,,,Laboratory Method,,
562.65674,Escherichia coli strain AMC_192,562,amoxicillin,resistant,Resistant,,,,,Laboratory Method,,
562.65674,Escherichia coli strain AMC_192,562,amoxicillin,susceptible,Susceptible,,,,,Laboratory Method,,
562.65677,Escherichia coli strain AMC_191,562,amoxicillin,resistant,Resistant,,,,,Laboratory Method,,
562.65677,Escherichia coli strain AMC_191,562,amoxicillin,susceptible,Susceptible,,,,,Laboratory Method,,
562.65682,Escherichia coli strain AMC_188,562,amoxicillin,susceptible,Susceptible,,,,,Laboratory Method,,
562.65686,Escherichia coli strain AMC_807,562,amoxicillin,susceptible,Susceptible,,,,,Laboratory Method,,
562.65688,Escherichia coli strain AMC_811,562,amoxicillin,susceptible,Susceptible,,,,,Laboratory Method,,
562.65691,Escherichia coli strain AMC_814,562,amoxicillin,resistant,Resistant,,,,,Laboratory Method,,
562.65691,Escherichia coli strain AMC_814,562,amoxicillin,susceptible,Susceptible,,,,,Laboratory Method,,
562.65694,Escherichia coli strain AMC_805,562,amoxicillin,resistant,Resistant,,,,,Laboratory Method,,
562.65695,Escherichia coli strain AMC_796,562,amoxicillin,resistant,Resistant,,,,,Laboratory Method,,
562.65695,Escherichia coli strain AMC_796,562,amoxicillin,susceptible,Susceptible,,,,,Laboratory Method,,
562.65702,Escherichia coli strain AMC_799,562,amoxicillin,resistant,Resistant,,,,,Laboratory Method,,
562.65704,Escherichia coli strain AMC_793,562,amoxicillin,resistant,Resistant,,,,,Laboratory Method,,
562.65704,Escherichia coli strain AMC_793,562,amoxicillin,susceptible,Susceptible,,,,,Laboratory Method,,
562.65716,Escherichia coli strain AMC_782,562,amoxicillin,resistant,Resistant,,,,,Laboratory Method,,
562.65722,Escherichia coli strain AMC_779,562,amoxicillin,resistant,Resistant,,,,,Laboratory Method,,
562.65723,Escherichia coli strain AMC_778,562,amoxicillin,resistant,Resistant,,,,,Laboratory Method,,
562.65725,Escherichia coli strain AMC_772,562,amoxicillin,resistant,Resistant,,,,,Laboratory Method,,
562.65725,Escherichia coli strain AMC_772,562,amoxicillin,susceptible,Susceptible,,,,,Laboratory Method,,
562.65726,Escherichia coli strain AMC_774,562,amoxicillin,resistant,Resistant,,,,,Laboratory Method,,
562.65726,Escherichia coli strain AMC_774,562,amoxicillin,susceptible,Susceptible,,,,,Laboratory Method,,
562.65733,Escherichia coli strain AMC_223,562,amoxicillin,resistant,Resistant,,,,,Laboratory Method,,
562.65733,Escherichia coli strain AMC_223,562,amoxicillin,susceptible,Susceptible,,,,,Laboratory Method,,
562.65736,Escherichia coli strain AMC_225,562,amoxicillin,resistant,Resistant,,,,,Laboratory Method,,
562.65739,Escherichia coli strain AMC_760,562,amoxicillin,resistant,Resistant,,,,,Laboratory Method,,
562.65741,Escherichia coli strain AMC_222,562,amoxicillin,resistant,Resistant,,,,,Laboratory Method,,
562.65741,Escherichia coli strain AMC_222,562,amoxicillin,susceptible,Susceptible,,,,,Laboratory Method,,
562.65749,Escherichia coli strain AMC_762,562,amoxicillin,resistant,Resistant,,,,,Laboratory Method,,
562.65752,Escherichia coli strain AMC_207,562,amoxicillin,susceptible,Susceptible,,,,,Laboratory Method,,
562.65756,Escherichia coli strain AMC_208,562,amoxicillin,susceptible,Susceptible,,,,,Laboratory Method,,
562.65758,Escherichia coli strain AMC_210,562,amoxicillin,resistant,Resistant,,,,,Laboratory Method,,
562.65758,Escherichia coli strain AMC_210,562,amoxicillin,susceptible,Susceptible,,,,,Laboratory Method,,
562.65763,Escherichia coli strain AMC_201,562,amoxicillin,resistant,Resistant,,,,,Laboratory Method,,
562.65763,Escherichia coli strain AMC_201,562,amoxicillin,susceptible,Susceptible,,,,,Laboratory Method,,
562.65765,Escherichia coli strain AMC_205,562,amoxicillin,resistant,Resistant,,,,,Laboratory Method,,
562.65765,Escherichia coli strain AMC_205,562,amoxicillin,susceptible,Susceptible,,,,,Laboratory Method,,
1328432.3,Escherichia coli BWH 32,1328432,ampicillin,susceptible,Susceptible,,,,,Laboratory Method,Broth dilution,
1328433.3,Escherichia coli BWH 34,1328433,ampicillin,resistant,Resistant,,,,,Laboratory Method,Broth dilution,
1328434.3,Escherichia coli BWH 40,1328434,ampicillin,resistant,Resistant,,,,,Laboratory Method,Broth dilution,
1438684.3,Escherichia coli CHS 68,1438684,ampicillin,resistant,Resistant,,,,,Laboratory Method,Broth dilution,
1438685.3,Escherichia coli CHS 69,1438685,ampicillin,resistant,Resistant,,,,,Laboratory Method,Broth dilution,
1438686.3,Escherichia coli CHS 77,1438686,ampicillin,resistant,Resistant,,,,,Laboratory Method,Broth dilution,
562.13556,Escherichia coli MGL_106,562,ampicillin,resistant,Resistant,,,,,Laboratory Method,Disk diffusion,
562.135561,Escherichia coli MGL_91,562,ampicillin,resistant,Resistant,,,,,Laboratory Method,Disk diffusion,
562.135562,Escherichia coli MGL_87,562,ampicillin,resistant,Resistant,,,,,Laboratory Method,Disk diffusion,
562.135563,Escherichia coli MGL_86,562,ampicillin,resistant,Resistant,,,,,Laboratory Method,Disk diffusion,
562.135567,Escherichia coli 20200622_MGL_66,562,ampicillin,resistant,Resistant,,,,,Laboratory Method,Disk diffusion,
562.13557,Escherichia coli 20200203_MGL_22,562,ampicillin,resistant,Resistant,,,,,Laboratory Method,Disk diffusion,
562.135571,Escherichia coli MGL_125,562,ampicillin,resistant,Resistant,,,,,Laboratory Method,Disk diffusion,
562.135572,Escherichia coli MGL_123,562,ampicillin,resistant,Resistant,,,,,Laboratory Method,Disk diffusion,
562.135573,Escherichia coli MGL_117,562,ampicillin,resistant,Resistant,,,,,Laboratory Method,Disk diffusion,
562.135574,Escherichia coli MGL_116,562,ampicillin,resistant,Resistant,,,,,Laboratory Method,Disk diffusion,
562.135575,Escherichia coli MGL_118,562,ampicillin,resistant,Resistant,,,,,Laboratory Method,Disk diffusion,
562.135578,Escherichia coli 20200203_MGL_16,562,ampicillin,resistant,Resistant,,,,,Laboratory Method,Disk diffusion,
562.135579,Escherichia coli MGL_1560,562,ampicillin,resistant,Resistant,,,,,Laboratory Method,Disk diffusion,
562.135581,Escherichia coli 20200203_MGL_06,562,ampicillin,resistant,Resistant,,,,,Laboratory Method,Disk diffusion,
562.135582,Escherichia coli 20200203_MGL_05,562,ampicillin,resistant,Resistant,,,,,Laboratory Method,Disk diffusion,
562.135584,Escherichia coli 20200203_MGL_20,562,ampicillin,resistant,Resistant,12,12.0,mm,,Laboratory Method,Disk diffusion,
562.135586,Escherichia coli MGL_150,562,ampicillin,resistant,Resistant,,,,,Laboratory Method,Disk diffusion,
562.135588,Escherichia coli MGL_136,562,ampicillin,resistant,Resistant,,,,,Laboratory Method,Disk diffusion,
562.135591,Escherichia coli 20200203_MGL_12,562,ampicillin,resistant,Resistant,,,,,Laboratory Method,Disk diffusion,
562.135592,Escherichia coli MGL_131,562,ampicillin,resistant,Resistant,,,,,Laboratory Method,Disk diffusion,
562.135593,Escherichia coli MGL_126,562,ampicillin,resistant,Resistant,,,,,Laboratory Method,Disk diffusion,
562.135594,Escherichia coli 20200203_MGL_03,562,ampicillin,resistant,Resistant,,,,,Laboratory Method,Disk diffusion,
562.19151,Escherichia coli strain 104,562,ampicillin,resistant,Resistant,,,,,Laboratory Method,Disk diffusion,
562.42635,Escherichia coli strain 108,562,ampicillin,resistant,Resistant,,,,,Laboratory Method,Disk diffusion,
562.42686,Escherichia coli strain 24,562,ampicillin,resistant,Resistant,32,32.0,mg/L,>,Laboratory Method,Broth dilution,
562.48345,Escherichia coli 590,562,ampicillin,resistant,Resistant,>32,32.0,mg/L,>,Laboratory Method,,
562.48346,Escherichia coli 290,562,ampicillin,resistant,Resistant,>32,32.0,mg/L,>,Laboratory Method,,
562.48348,Escherichia coli 292,562,ampicillin,resistant,Resistant,>32,32.0,mg/L,>,Laboratory Method,,
562.48349,Escherichia coli 291,562,ampicillin,resistant,Resistant,>32,32.0,mg/L,>,Laboratory Method,,
562.58704,Escherichia coli strain 14037824,562,ampicillin,resistant,Resistant,128,128.0,mg/L,,Laboratory Method,Broth dilution,
562.58706,Escherichia coli strain 14043377,562,ampicillin,resistant,Resistant,>64,64.0,mg/L,>,Laboratory Method,Broth dilution,
562.58707,Escherichia coli strain 14043512,562,ampicillin,resistant,Resistant,128,128.0,mg/L,,Laboratory Method,Broth dilution,
562.58709,Escherichia coli strain 14045775,562,ampicillin,resistant,Resistant,>64,64.0,mg/L,>,Laboratory Method,Broth dilution,
562.58711,Escherichia coli strain 14063820,562,ampicillin,resistant,Resistant,128,128.0,mg/L,,Laboratory Method,Broth dilution,
562.58712,Escherichia coli strain 14053473,562,ampicillin,resistant,Resistant,64,64.0,mg/L,,Laboratory Method,Broth dilution,
562.58714,Escherichia coli strain 14047606,562,ampicillin,resistant,Resistant,64,64.0,mg/L,,Laboratory Method,Broth dilution,
562.58715,Escherichia coli strain 14050800,562,ampicillin,resistant,Resistant,128,128.0,mg/L,,Laboratory Method,Broth dilution,
562.58716,Escherichia coli strain 14057877,562,ampicillin,resistant,Resistant,64,64.0,mg/L,,Laboratory Method,Broth dilution,
562.58718,Escherichia coli strain 14062120,562,ampicillin,resistant,Resistant,128,128.0,mg/L,,Laboratory Method,Broth dilution,
562.58721,Escherichia coli strain 14066715,562,ampicillin,resistant,Resistant,128,128.0,mg/L,,Laboratory Method,Broth dilution,
562.58722,Escherichia coli strain 14067330,562,ampicillin,resistant,Resistant,64,64.0,mg/L,,Laboratory Method,Broth dilution,
562.58724,Escherichia coli strain 15038100,562,ampicillin,resistant,Resistant,128,128.0,mg/L,,Laboratory Method,Broth dilution,
562.58725,Escherichia coli strain 14091902,562,ampicillin,resistant,Resistant,128,128.0,mg/L,,Laboratory Method,Broth dilution,
562.58726,Escherichia coli strain 14085180,562,ampicillin,resistant,Resistant,64,64.0,mg/L,,Laboratory Method,Broth dilution,
562.58727,Escherichia coli strain 14083136,562,ampicillin,resistant,Resistant,64,64.0,mg/L,,Laboratory Method,Broth dilution,
562.58728,Escherichia coli strain 14087995,562,ampicillin,resistant,Resistant,128,128.0,mg/L,,Laboratory Method,Broth dilution,
562.58729,Escherichia coli strain 14073256,562,ampicillin,resistant,Resistant,128,128.0,mg/L,,Laboratory Method,Broth dilution,
562.58731,Escherichia coli strain 14072934,562,ampicillin,resistant,Resistant,128,128.0,mg/L,,Laboratory Method,Broth dilution,
562.58732,Escherichia coli strain 15051805,562,ampicillin,resistant,Resistant,128,128.0,mg/L,,Laboratory Method,Broth dilution,
562.58733,Escherichia coli strain 15050011,562,ampicillin,resistant,Resistant,128,128.0,mg/L,,Laboratory Method,Broth dilution,
562.58734,Escherichia coli strain 15054212,562,ampicillin,resistant,Resistant,128,128.0,mg/L,,Laboratory Method,Broth dilution,
562.58735,Escherichia coli strain 15056393,562,ampicillin,resistant,Resistant,128,128.0,mg/L,,Laboratory Method,Broth dilution,
562.58736,Escherichia coli strain 15062645,562,ampicillin,resistant,Resistant,128,128.0,mg/L,,Laboratory Method,Broth dilution,
562.58737,Escherichia coli strain 15057173,562,ampicillin,resistant,Resistant,128,128.0,mg/L,,Laboratory Method,Broth dilution,
562.58738,Escherichia coli strain 15078696,562,ampicillin,resistant,Resistant,128,128.0,mg/L,,Laboratory Method,Broth dilution,
562.58739,Escherichia coli strain 15056874,562,ampicillin,resistant,Resistant,128,128.0,mg/L,,Laboratory Method,Broth dilution,
562.58741,Escherichia coli strain 101,562,ampicillin,resistant,Resistant,,,,,Laboratory Method,Disk diffusion,
562.58743,Escherichia coli strain 103,562,ampicillin,resistant,Resistant,,,,,Laboratory Method,Disk diffusion,
562.58745,Escherichia coli strain 105,562,ampicillin,resistant,Resistant,,,,,Laboratory Method,Disk diffusion,
562.58748,Escherichia coli strain 112,562,ampicillin,resistant,Resistant,,,,,Laboratory Method,Disk diffusion,
562.58749,Escherichia coli strain 111,562,ampicillin,resistant,Resistant,,,,,Laboratory Method,Disk diffusion,
562.58751,Escherichia coli strain 106,562,ampicillin,resistant,Resistant,,,,,Laboratory Method,Disk diffusion,
562.58754,Escherichia coli strain 118,562,ampicillin,resistant,Resistant,,,,,Laboratory Method,Disk diffusion,
562.58755,Escherichia coli strain 117,562,ampicillin,resistant,Resistant,,,,,Laboratory Method,Disk diffusion,
562.58757,Escherichia coli strain 114,562,ampicillin,resistant,Resistant,,,,,Laboratory Method,Disk diffusion,
562.58761,Escherichia coli strain 201,562,ampicillin,resistant,Resistant,,,,,Laboratory Method,Disk diffusion,
562.58762,Escherichia coli strain 121,562,ampicillin,resistant,Resistant,,,,,Laboratory Method,Disk diffusion,
562.58763,Escherichia coli strain 202,562,ampicillin,resistant,Resistant,,,,,Laboratory Method,Disk diffusion,
562.58765,Escherichia coli strain 302,562,ampicillin,resistant,Resistant,,,,,Laboratory Method,Disk diffusion,
562.58766,Escherichia coli strain 203,562,ampicillin,resistant,Resistant,,,,,Laboratory Method,Disk diffusion,
562.58767,Escherichia coli strain 204,562,ampicillin,resistant,Resistant,,,,,Laboratory Method,Disk diffusion,
562.64831,Escherichia coli strain AMC_358,562,ampicillin,resistant,Resistant,,,,,Laboratory Method,,
562.64839,Escherichia coli strain AMC_350,562,ampicillin,resistant,Resistant,,,,,Laboratory Method,,
562.64851,Escherichia coli strain AMC_969,562,ampicillin,resistant,Resistant,,,,,Laboratory Method,,
562.64856,Escherichia coli strain AMC_966,562,ampicillin,susceptible,Susceptible,,,,,Laboratory Method,,
562.64861,Escherichia coli strain AMC_964,562,ampicillin,resistant,Resistant,,,,,Laboratory Method,,
562.64864,Escherichia coli strain AMC_960,562,ampicillin,resistant,Resistant,,,,,Laboratory Method,,
562.64865,Escherichia coli strain AMC_961,562,ampicillin,resistant,Resistant,,,,,Laboratory Method,,
562.64866,Escherichia coli strain AMC_958,562,ampicillin,resistant,Resistant,,,,,Laboratory Method,,
562.64869,Escherichia coli strain AMC_947,562,ampicillin,resistant,Resistant,,,,,Laboratory Method,,
562.64874,Escherichia coli strain AMC_955,562,ampicillin,resistant,Resistant,,,,,Laboratory Method,,
562.64875,Escherichia coli strain AMC_950,562,ampicillin,resistant,Resistant,,,,,Laboratory Method,,
562.64879,Escherichia coli strain AMC_935,562,ampicillin,resistant,Resistant,,,,,Laboratory Method,,
562.64883,Escherichia coli strain AMC_934,562,ampicillin,resistant,Resistant,,,,,Laboratory Method,,
562.64884,Escherichia coli strain AMC_939,562,ampicillin,resistant,Resistant,,,,,Laboratory Method,,
562.64888,Escherichia coli strain AMC_938,562,ampicillin,resistant,Resistant,,,,,Laboratory Method,,
562.64891,Escherichia coli strain AMC_929,562,ampicillin,susceptible,Susceptible,,,,,Laboratory Method,,
562.64896,Escherichia coli strain AMC_925,562,ampicillin,resistant,Resistant,,,,,Laboratory Method,,
562.64899,Escherichia coli strain AMC_928,562,ampicillin,resistant,Resistant,,,,,Laboratory Method,,
562.64903,Escherichia coli strain AMC_915,562,ampicillin,resistant,Resistant,,,,,Laboratory Method,,
562.64906,Escherichia coli strain AMC_921,562,ampicillin,resistant,Resistant,,,,,Laboratory Method,,
562.64908,Escherichia coli strain AMC_918,562,ampicillin,resistant,Resistant,,,,,Laboratory Method,,
562.64909,Escherichia coli strain AMC_919,562,ampicillin,susceptible,Susceptible,,,,,Laboratory Method,,
562.64912,Escherichia coli strain AMC_904,562,ampicillin,resistant,Resistant,,,,,Laboratory Method,,
562.64915,Escherichia coli strain AMC_902,562,ampicillin,resistant,Resistant,,,,,Laboratory Method,,
562.64917,Escherichia coli strain AMC_911,562,ampicillin,susceptible,Susceptible,,,,,Laboratory Method,,
562.64931,Escherichia coli strain AMC_337,562,ampicillin,susceptible,Susceptible,,,,,Laboratory Method,,
562.64944,Escherichia coli strain AMC_318,562,ampicillin,resistant,Resistant,,,,,Laboratory Method,,
562.64946,Escherichia coli strain AMC_315,562,ampicillin,resistant,Resistant,,,,,Laboratory Method,,
562.64949,Escherichia coli strain AMC_316,562,ampicillin,resistant,Resistant,,,,,Laboratory Method,,
562.64957,Escherichia coli strain AMC_104,562,ampicillin,resistant,Resistant,,,,,Laboratory Method,,
562.64959,Escherichia coli strain AMC_105,562,ampicillin,resistant,Resistant,,,,,Laboratory Method,,
562.64967,Escherichia coli strain AMC_98,562,ampicillin,resistant,Resistant,,,,,Laboratory Method,,
562.64972,Escherichia coli strain AMC_97,562,ampicillin,resistant,Resistant,,,,,Laboratory Method,,
562.64981,Escherichia coli strain AMC_87,562,ampicillin,susceptible,Susceptible,,,,,Laboratory Method,,
562.64983,Escherichia coli strain AMC_756,562,ampicillin,resistant,Resistant,,,,,Laboratory Method,,
562.64992,Escherichia coli strain AMC_747,562,ampicillin,resistant,Resistant,,,,,Laboratory Method,,
562.65006,Escherichia coli strain AMC_734,562,ampicillin,resistant,Resistant,,,,,Laboratory Method,,
562.65012,Escherichia coli strain AMC_302,562,ampicillin,resistant,Resistant,,,,,Laboratory Method,,
562.65015,Escherichia coli strain AMC_304,562,ampicillin,resistant,Resistant,,,,,Laboratory Method,,
562.65016,Escherichia coli strain AMC_305,562,ampicillin,resistant,Resistant,,,,,Laboratory Method,,
562.65017,Escherichia coli strain AMC_307,562,ampicillin,resistant,Resistant,,,,,Laboratory Method,,
562.65018,Escherichia coli strain AMC_306,562,ampicillin,resistant,Resistant,,,,,Laboratory Method,,
562.65021,Escherichia coli strain AMC_288,562,ampicillin,resistant,Resistant,,,,,Laboratory Method,,
562.65022,Escherichia coli strain AMC_292,562,ampicillin,resistant,Resistant,,,,,Laboratory Method,,
562.65027,Escherichia coli strain AMC_299,562,ampicillin,resistant,Resistant,,,,,Laboratory Method,,
562.65028,Escherichia coli strain AMC_297,562,ampicillin,resistant,Resistant,,,,,Laboratory Method,,
562.65033,Escherichia coli strain AMC_276,562,ampicillin,susceptible,Susceptible,,,,,Laboratory Method,,
562.65036,Escherichia coli strain AMC_284,562,ampicillin,resistant,Resistant,,,,,Laboratory Method,,
562.65064,Escherichia coli strain AMC_2,562,ampicillin,resistant,Resistant,,,,,Laboratory Method,,
562.65065,Escherichia coli strain AMC_246,562,ampicillin,susceptible,Susceptible,,,,,Laboratory Method,,
562.65073,Escherichia coli strain AMC_1,562,ampicillin,resistant,Resistant,,,,,Laboratory Method,,
562.65079,Escherichia coli strain AMC_241,562,ampicillin,resistant,Resistant,,,,,Laboratory Method,,
562.65083,Escherichia coli strain AMC_240,562,ampicillin,susceptible,Susceptible,,,,,Laboratory Method,,
562.65084,Escherichia coli strain AMC_237,562,ampicillin,resistant,Resistant,,,,,Laboratory Method,,
562.65087,Escherichia coli strain AMC_897,562,ampicillin,resistant,Resistant,,,,,Laboratory Method,,
562.65091,Escherichia coli strain AMC_229,562,ampicillin,resistant,Resistant,,,,,Laboratory Method,,
562.65094,Escherichia coli strain AMC_234,562,ampicillin,susceptible,Susceptible,,,,,Laboratory Method,,
562.65112,Escherichia coli strain AMC_880,562,ampicillin,resistant,Resistant,,,,,Laboratory Method,,
562.65116,Escherichia coli strain AMC_879,562,ampicillin,resistant,Resistant,,,,,Laboratory Method,,
562.65118,Escherichia coli strain AMC_875,562,ampicillin,resistant,Resistant,,,,,Laboratory Method,,
562.65123,Escherichia coli strain AMC_181,562,ampicillin,resistant,Resistant,,,,,Laboratory Method,,
562.65126,Escherichia coli strain AMC_176,562,ampicillin,resistant,Resistant,,,,,Laboratory Method,,
562.65127,Escherichia coli strain AMC_175,562,ampicillin,resistant,Resistant,,,,,Laboratory Method,,
562.65128,Escherichia coli strain AMC_174,562,ampicillin,resistant,Resistant,,,,,Laboratory Method,,
562.65134,Escherichia coli strain AMC_558,562,ampicillin,resistant,Resistant,,,,,Laboratory Method,,
562.65136,Escherichia coli strain AMC_172,562,ampicillin,resistant,Resistant,,,,,Laboratory Method,,
562.65138,Escherichia coli strain AMC_554,562,ampicillin,resistant,Resistant,,,,,Laboratory Method,,
562.65143,Escherichia coli strain AMC_551,562,ampicillin,resistant,Resistant,,,,,Laboratory Method,,
562.65145,Escherichia coli strain AMC_552,562,ampicillin,resistant,Resistant,,,,,Laboratory Method,,
562.65146,Escherichia coli strain AMC_553,562,ampicillin,resistant,Resistant,,,,,Laboratory Method,,
562.65153,Escherichia coli strain AMC_547,562,ampicillin,resistant,Resistant,,,,,Laboratory Method,,
562.65155,Escherichia coli strain AMC_539,562,ampicillin,resistant,Resistant,,,,,Laboratory Method,,
562.65157,Escherichia coli strain AMC_538,562,ampicillin,susceptible,Susceptible,,,,,Laboratory Method,,
562.65158,Escherichia coli strain AMC_532,562,ampicillin,susceptible,Susceptible,,,,,Laboratory Method,,
562.65161,Escherichia coli strain AMC_533,562,ampicillin,resistant,Resistant,,,,,Laboratory Method,,
562.65163,Escherichia coli strain AMC_536,562,ampicillin,resistant,Resistant,,,,,Laboratory Method,,
562.65164,Escherichia coli strain AMC_534,562,ampicillin,resistant,Resistant,,,,,Laboratory Method,,
562.65166,Escherichia coli strain AMC_525,562,ampicillin,resistant,Resistant,,,,,Laboratory Method,,
562.65173,Escherichia coli strain AMC_524,562,ampicillin,resistant,Resistant,,,,,Laboratory Method,,
562.65185,Escherichia coli strain AMC_519,562,ampicillin,susceptible,Susceptible,,,,,Laboratory Method,,
562.65203,Escherichia coli strain AMC_504,562,ampicillin,resistant,Resistant,,,,,Laboratory Method,,
562.65204,Escherichia coli strain AMC_505,562,ampicillin,resistant,Resistant,,,,,Laboratory Method,,
562.65206,Escherichia coli strain AMC_508,562,ampicillin,resistant,Resistant,,,,,Laboratory Method,,
562.65207,Escherichia coli strain AMC_493,562,ampicillin,resistant,Resistant,,,,,Laboratory Method,,
562.65212,Escherichia coli strain AMC_488,562,ampicillin,resistant,Resistant,,,,,Laboratory Method,,
562.65219,Escherichia coli strain AMC_483,562,ampicillin,resistant,Resistant,,,,,Laboratory Method,,
562.65223,Escherichia coli strain AMC_485,562,ampicillin,resistant,Resistant,,,,,Laboratory Method,,
562.65225,Escherichia coli strain AMC_479,562,ampicillin,resistant,Resistant,,,,,Laboratory Method,,
562.65235,Escherichia coli strain AMC_467,562,ampicillin,resistant,Resistant,,,,,Laboratory Method,,
562.65236,Escherichia coli strain AMC_466,562,ampicillin,resistant,Resistant,,,,,Laboratory Method,,
562.65237,Escherichia coli strain AMC_476,562,ampicillin,resistant,Resistant,,,,,Laboratory Method,,
562.65239,Escherichia coli strain AMC_475,562,ampicillin,resistant,Resistant,,,,,Laboratory Method,,
562.65242,Escherichia coli strain AMC_465,562,ampicillin,resistant,Resistant,,,,,Laboratory Method,,
562.65244,Escherichia coli strain AMC_458,562,ampicillin,resistant,Resistant,,,,,Laboratory Method,,
562.65246,Escherichia coli strain AMC_456,562,ampicillin,resistant,Resistant,,,,,Laboratory Method,,
562.65255,Escherichia coli strain AMC_454,562,ampicillin,susceptible,Susceptible,,,,,Laboratory Method,,
562.65259,Escherichia coli strain AMC_448,562,ampicillin,resistant,Resistant,,,,,Laboratory Method,,
562.65262,Escherichia coli strain AMC_443,562,ampicillin,susceptible,Susceptible,,,,,Laboratory Method,,
562.65263,Escherichia coli strain AMC_434,562,ampicillin,susceptible,Susceptible,,,,,Laboratory Method,,
562.65265,Escherichia coli strain AMC_437,562,ampicillin,resistant,Resistant,,,,,Laboratory Method,,
562.65267,Escherichia coli strain AMC_435,562,ampicillin,susceptible,Susceptible,,,,,Laboratory Method,,
562.65268,Escherichia coli strain AMC_441,562,ampicillin,resistant,Resistant,,,,,Laboratory Method,,
562.65269,Escherichia coli strain AMC_440,562,ampicillin,resistant,Resistant,,,,,Laboratory Method,,
562.65282,Escherichia coli strain AMC_425,562,ampicillin,resistant,Resistant,,,,,Laboratory Method,,
562.65285,Escherichia coli strain AMC_420,562,ampicillin,resistant,Resistant,,,,,Laboratory Method,,
562.65287,Escherichia coli strain AMC_418,562,ampicillin,resistant,Resistant,,,,,Laboratory Method,,
562.65288,Escherichia coli strain AMC_414,562,ampicillin,resistant,Resistant,,,,,Laboratory Method,,
562.65298,Escherichia coli strain AMC_403,562,ampicillin,resistant,Resistant,,,,,Laboratory Method,,
562.65302,Escherichia coli strain AMC_409,562,ampicillin,resistant,Resistant,,,,,Laboratory Method,,
562.65304,Escherichia coli strain AMC_406,562,ampicillin,resistant,Resistant,,,,,Laboratory Method,,
562.65312,Escherichia coli strain AMC_397,562,ampicillin,susceptible,Susceptible,,,,,Laboratory Method,,
562.65316,Escherichia coli strain AMC_82,562,ampicillin,resistant,Resistant,,,,,Laboratory Method,,
562.65323,Escherichia coli strain AMC_77,562,ampicillin,resistant,Resistant,,,,,Laboratory Method,,
562.65325,Escherichia coli strain AMC_78,562,ampicillin,resistant,Resistant,,,,,Laboratory Method,,
562.65329,Escherichia coli strain AMC_68,562,ampicillin,resistant,Resistant,,,,,Laboratory Method,,
562.65332,Escherichia coli strain AMC_63,562,ampicillin,resistant,Resistant,,,,,Laboratory Method,,
562.65333,Escherichia coli strain AMC_61,562,ampicillin,resistant,Resistant,,,,,Laboratory Method,,
562.65341,Escherichia coli strain AMC_391,562,ampicillin,resistant,Resistant,,,,,Laboratory Method,,
562.65342,Escherichia coli strain AMC_392,562,ampicillin,resistant,Resistant,,,,,Laboratory Method,,
562.65358,Escherichia coli strain AMC_381,562,ampicillin,resistant,Resistant,,,,,Laboratory Method,,
562.65359,Escherichia coli strain AMC_380,562,ampicillin,resistant,Resistant,,,,,Laboratory Method,,
562.65361,Escherichia coli strain AMC_368,562,ampicillin,susceptible,Susceptible,,,,,Laboratory Method,,
562.65365,Escherichia coli strain AMC_58,562,ampicillin,resistant,Resistant,,,,,Laboratory Method,,
562.65374,Escherichia coli strain AMC_51,562,ampicillin,resistant,Resistant,,,,,Laboratory Method,,
562.65381,Escherichia coli strain AMC_43,562,ampicillin,resistant,Resistant,,,,,Laboratory Method,,
562.65382,Escherichia coli strain AMC_44,562,ampicillin,resistant,Resistant,,,,,Laboratory Method,,
562.65384,Escherichia coli strain AMC_38,562,ampicillin,susceptible,Susceptible,,,,,Laboratory Method,,
562.65385,Escherichia coli strain AMC_41,562,ampicillin,susceptible,Susceptible,,,,,Laboratory Method,,
562.65386,Escherichia coli strain AMC_39,562,ampicillin,susceptible,Susceptible,,,,,Laboratory Method,,
562.65387,Escherichia coli strain AMC_42,562,ampicillin,susceptible,Susceptible,,,,,Laboratory Method,,
562.65388,Escherichia coli strain AMC_34,562,ampicillin,susceptible,Susceptible,,,,,Laboratory Method,,
562.65391,Escherichia coli strain AMC_35,562,ampicillin,susceptible,Susceptible,,,,,Laboratory Method,,
562.65392,Escherichia coli strain AMC_32,562,ampicillin,resistant,Resistant,,,,,Laboratory Method,,
562.65393,Escherichia coli strain AMC_33,562,ampicillin,susceptible,Susceptible,,,,,Laboratory Method,,
562.65395,Escherichia coli strain AMC_31,562,ampicillin,susceptible,Susceptible,,,,,Laboratory Method,,
562.65397,Escherichia coli strain AMC_28,562,ampicillin,susceptible,Susceptible,,,,,Laboratory Method,,
562.65399,Escherichia coli strain AMC_27,562,ampicillin,susceptible,Susceptible,,,,,Laboratory Method,,
562.65402,Escherichia coli strain AMC_24,562,ampicillin,susceptible,Susceptible,,,,,Laboratory Method,,
562.65403,Escherichia coli strain AMC_25,562,ampicillin,susceptible,Susceptible,,,,,Laboratory Method,,
562.65404,Escherichia coli strain AMC_20,562,ampicillin,susceptible,Susceptible,,,,,Laboratory Method,,
562.65405,Escherichia coli strain AMC_23,562,ampicillin,susceptible,Susceptible,,,,,Laboratory Method,,
562.65406,Escherichia coli strain AMC_19,562,ampicillin,resistant,Resistant,,,,,Laboratory Method,,
562.65408,Escherichia coli strain AMC_18,562,ampicillin,susceptible,Susceptible,,,,,Laboratory Method,,
562.65411,Escherichia coli strain AMC_10,562,ampicillin,resistant,Resistant,,,,,Laboratory Method,,
562.65413,Escherichia coli strain AMC_13,562,ampicillin,susceptible,Susceptible,,,,,Laboratory Method,,
562.65414,Escherichia coli strain AMC_11,562,ampicillin,susceptible,Susceptible,,,,,Laboratory Method,,
562.65415,Escherichia coli strain AMC_12,562,ampicillin,susceptible,Susceptible,,,,,Laboratory Method,,
562.65416,Escherichia coli strain AMC_14,562,ampicillin,susceptible,Susceptible,,,,,Laboratory Method,,
562.65419,Escherichia coli strain AMC_363,562,ampicillin,susceptible,Susceptible,,,,,Laboratory Method,,
562.65421,Escherichia coli strain AMC_815,562,ampicillin,susceptible,Susceptible,,,,,Laboratory Method,,
562.65422,Escherichia coli strain AMC_817,562,ampicillin,susceptible,Susceptible,,,,,Laboratory Method,,
562.65423,Escherichia coli strain AMC_816,562,ampicillin,resistant,Resistant,,,,,Laboratory Method,,
562.65424,Escherichia coli strain AMC_8,562,ampicillin,susceptible,Susceptible,,,,,Laboratory Method,,
562.65426,Escherichia coli strain AMC_7,562,ampicillin,resistant,Resistant,,,,,Laboratory Method,,
562.65427,Escherichia coli strain AMC_6,562,ampicillin,resistant,Resistant,,,,,Laboratory Method,,
562.65428,Escherichia coli strain AMC_865,562,ampicillin,resistant,Resistant,,,,,Laboratory Method,,
562.65432,Escherichia coli strain AMC_867,562,ampicillin,susceptible,Susceptible,,,,,Laboratory Method,,
562.65435,Escherichia coli strain AMC_846,562,ampicillin,susceptible,Susceptible,,,,,Laboratory Method,,
562.65437,Escherichia coli strain AMC_864,562,ampicillin,susceptible,Susceptible,,,,,Laboratory Method,,
562.65438,Escherichia coli strain AMC_850,562,ampicillin,resistant,Resistant,,,,,Laboratory Method,,
562.65439,Escherichia coli strain AMC_730,562,ampicillin,susceptible,Susceptible,,,,,Laboratory Method,,
562.65441,Escherichia coli strain AMC_843,562,ampicillin,resistant,Resistant,,,,,Laboratory Method,,
562.65443,Escherichia coli strain AMC_728,562,ampicillin,susceptible,Susceptible,,,,,Laboratory Method,,
562.65444,Escherichia coli strain AMC_726,562,ampicillin,susceptible,Susceptible,,,,,Laboratory Method,,
562.65445,Escherichia coli strain AMC_727,562,ampicillin,susceptible,Susceptible,,,,,Laboratory Method,,
562.65446,Escherichia coli strain AMC_725,562,ampicillin,resistant,Resistant,,,,,Laboratory Method,,
562.65447,Escherichia coli strain AMC_722,562,ampicillin,resistant,Resistant,,,,,Laboratory Method,,
562.65448,Escherichia coli strain AMC_724,562,ampicillin,susceptible,Susceptible,,,,,Laboratory Method,,
562.65449,Escherichia coli strain AMC_723,562,ampicillin,susceptible,Susceptible,,,,,Laboratory Method,,
562.65451,Escherichia coli strain AMC_719,562,ampicillin,susceptible,Susceptible,,,,,Laboratory Method,,
562.65452,Escherichia coli strain AMC_720,562,ampicillin,susceptible,Susceptible,,,,,Laboratory Method,,
562.65453,Escherichia coli strain AMC_718,562,ampicillin,susceptible,Susceptible,,,,,Laboratory Method,,
562.65454,Escherichia coli strain AMC_717,562,ampicillin,susceptible,Susceptible,,,,,Laboratory Method,,
562.65455,Escherichia coli strain AMC_713,562,ampicillin,susceptible,Susceptible,,,,,Laboratory Method,,
562.65456,Escherichia coli strain AMC_712,562,ampicillin,susceptible,Susceptible,,,,,Laboratory Method,,
562.65457,Escherichia coli strain AMC_716,562,ampicillin,resistant,Resistant,,,,,Laboratory Method,,
562.65458,Escherichia coli strain AMC_715,562,ampicillin,susceptible,Susceptible,,,,,Laboratory Method,,
562.65459,Escherichia coli strain AMC_714,562,ampicillin,resistant,Resistant,,,,,Laboratory Method,,
562.65461,Escherichia coli strain AMC_170,562,ampicillin,susceptible,Susceptible,,,,,Laboratory Method,,
562.65462,Escherichia coli strain AMC_703,562,ampicillin,susceptible,Susceptible,,,,,Laboratory Method,,
562.65463,Escherichia coli strain AMC_169,562,ampicillin,susceptible,Susceptible,,,,,Laboratory Method,,
562.65464,Escherichia coli strain AMC_168,562,ampicillin,resistant,Resistant,,,,,Laboratory Method,,
562.65465,Escherichia coli strain AMC_707,562,ampicillin,resistant,Resistant,,,,,Laboratory Method,,
562.65469,Escherichia coli strain AMC_708,562,ampicillin,susceptible,Susceptible,,,,,Laboratory Method,,
562.65474,Escherichia coli strain AMC_162,562,ampicillin,susceptible,Susceptible,,,,,Laboratory Method,,
562.65475,Escherichia coli strain AMC_161,562,ampicillin,susceptible,Susceptible,,,,,Laboratory Method,,
562.65476,Escherichia coli strain AMC_158,562,ampicillin,resistant,Resistant,,,,,Laboratory Method,,
562.65477,Escherichia coli strain AMC_160,562,ampicillin,susceptible,Susceptible,,,,,Laboratory Method,,
562.65479,Escherichia coli strain AMC_159,562,ampicillin,resistant,Resistant,,,,,Laboratory Method,,
562.65481,Escherichia coli strain AMC_165,562,ampicillin,susceptible,Susceptible,,,,,Laboratory Method,,
562.65482,Escherichia coli strain AMC_166,562,ampicillin,susceptible,Susceptible,,,,,Laboratory Method,,
562.65483,Escherichia coli strain AMC_154,562,ampicillin,susceptible,Susceptible,,,,,Laboratory Method,,
562.65484,Escherichia coli strain AMC_155,562,ampicillin,resistant,Resistant,,,,,Laboratory Method,,
562.65485,Escherichia coli strain AMC_152,562,ampicillin,susceptible,Susceptible,,,,,Laboratory Method,,
562.65486,Escherichia coli strain AMC_153,562,ampicillin,susceptible,Susceptible,,,,,Laboratory Method,,
562.65488,Escherichia coli strain AMC_149,562,ampicillin,susceptible,Susceptible,,,,,Laboratory Method,,
562.65489,Escherichia coli strain AMC_150,562,ampicillin,susceptible,Susceptible,,,,,Laboratory Method,,
562.65491,Escherichia coli strain AMC_146,562,ampicillin,susceptible,Susceptible,,,,,Laboratory Method,,
562.65492,Escherichia coli strain AMC_147,562,ampicillin,susceptible,Susceptible,,,,,Laboratory Method,,
562.65493,Escherichia coli strain AMC_702,562,ampicillin,susceptible,Susceptible,,,,,Laboratory Method,,
562.65494,Escherichia coli strain AMC_143,562,ampicillin,susceptible,Susceptible,,,,,Laboratory Method,,
562.65496,Escherichia coli strain AMC_696,562,ampicillin,susceptible,Susceptible,,,,,Laboratory Method,,
562.65497,Escherichia coli strain AMC_698,562,ampicillin,resistant,Resistant,,,,,Laboratory Method,,
562.65498,Escherichia coli strain AMC_700,562,ampicillin,resistant,Resistant,,,,,Laboratory Method,,
562.65499,Escherichia coli strain AMC_701,562,ampicillin,resistant,Resistant,,,,,Laboratory Method,,
562.65501,Escherichia coli strain AMC_697,562,ampicillin,susceptible,Susceptible,,,,,Laboratory Method,,
562.65502,Escherichia coli strain AMC_156,562,ampicillin,susceptible,Susceptible,,,,,Laboratory Method,,
562.65504,Escherichia coli strain AMC_145,562,ampicillin,resistant,Resistant,,,,,Laboratory Method,,
562.65505,Escherichia coli strain AMC_692,562,ampicillin,susceptible,Susceptible,,,,,Laboratory Method,,
562.65506,Escherichia coli strain AMC_693,562,ampicillin,resistant,Resistant,,,,,Laboratory Method,,
562.65508,Escherichia coli strain AMC_685,562,ampicillin,susceptible,Susceptible,,,,,Laboratory Method,,
562.65509,Escherichia coli strain AMC_684,562,ampicillin,resistant,Resistant,,,,,Laboratory Method,,
562.65511,Escherichia coli strain AMC_694,562,ampicillin,susceptible,Susceptible,,,,,Laboratory Method,,
562.65513,Escherichia coli strain AMC_690,562,ampicillin,resistant,Resistant,,,,,Laboratory Method,,
562.65514,Escherichia coli strain AMC_688,562,ampicillin,resistant,Resistant,,,,,Laboratory Method,,
562.65516,Escherichia coli strain AMC_681,562,ampicillin,resistant,Resistant,,,,,Laboratory Method,,
562.65518,Escherichia coli strain AMC_676,562,ampicillin,susceptible,Susceptible,,,,,Laboratory Method,,
562.65519,Escherichia coli strain AMC_675,562,ampicillin,susceptible,Susceptible,,,,,Laboratory Method,,
562.65521,Escherichia coli strain AMC_678,562,ampicillin,susceptible,Susceptible,,,,,Laboratory Method,,
562.65522,Escherichia coli strain AMC_677,562,ampicillin,resistant,Resistant,,,,,Laboratory Method,,
562.65524,Escherichia coli strain AMC_682,562,ampicillin,resistant,Resistant,,,,,Laboratory Method,,
562.65526,Escherichia coli strain AMC_687,562,ampicillin,susceptible,Susceptible,,,,,Laboratory Method,,
562.65527,Escherichia coli strain AMC_668,562,ampicillin,susceptible,Susceptible,,,,,Laboratory Method,,
562.65528,Escherichia coli strain AMC_669,562,ampicillin,resistant,Resistant,,,,,Laboratory Method,,
562.65532,Escherichia coli strain AMC_671,562,ampicillin,susceptible,Susceptible,,,,,Laboratory Method,,
562.65533,Escherichia coli strain AMC_664,562,ampicillin,susceptible,Susceptible,,,,,Laboratory Method,,
562.65535,Escherichia coli strain AMC_662,562,ampicillin,susceptible,Susceptible,,,,,Laboratory Method,,
562.65536,Escherichia coli strain AMC_666,562,ampicillin,resistant,Resistant,,,,,Laboratory Method,,
562.65538,Escherichia coli strain AMC_652,562,ampicillin,resistant,Resistant,,,,,Laboratory Method,,
562.65542,Escherichia coli strain AMC_661,562,ampicillin,susceptible,Susceptible,,,,,Laboratory Method,,
562.65543,Escherichia coli strain AMC_658,562,ampicillin,susceptible,Susceptible,,,,,Laboratory Method,,
562.65544,Escherichia coli strain AMC_659,562,ampicillin,susceptible,Susceptible,,,,,Laboratory Method,,
562.65545,Escherichia coli strain AMC_660,562,ampicillin,resistant,Resistant,,,,,Laboratory Method,,
562.65546,Escherichia coli strain AMC_657,562,ampicillin,susceptible,Susceptible,,,,,Laboratory Method,,
562.65547,Escherichia coli strain AMC_653,562,ampicillin,susceptible,Susceptible,,,,,Laboratory Method,,
562.65551,Escherichia coli strain AMC_641,562,ampicillin,susceptible,Susceptible,,,,,Laboratory Method,,
562.65552,Escherichia coli strain AMC_640,562,ampicillin,susceptible,Susceptible,,,,,Laboratory Method,,
562.65553,Escherichia coli strain AMC_648,562,ampicillin,susceptible,Susceptible,,,,,Laboratory Method,,
562.65554,Escherichia coli strain AMC_645,562,ampicillin,resistant,Resistant,,,,,Laboratory Method,,
562.65556,Escherichia coli strain AMC_642,562,ampicillin,susceptible,Susceptible,,,,,Laboratory Method,,
562.65557,Escherichia coli strain AMC_643,562,ampicillin,susceptible,Susceptible,,,,,Laboratory Method,,
562.65558,Escherichia coli strain AMC_647,562,ampicillin,resistant,Resistant,,,,,Laboratory Method,,
562.65559,Escherichia coli strain AMC_650,562,ampicillin,resistant,Resistant,,,,,Laboratory Method,,
562.65562,Escherichia coli strain AMC_636,562,ampicillin,resistant,Resistant,,,,,Laboratory Method,,
562.65564,Escherichia coli strain AMC_635,562,ampicillin,resistant,Resistant,,,,,Laboratory Method,,
562.65566,Escherichia coli strain AMC_632,562,ampicillin,resistant,Resistant,,,,,Laboratory Method,,
562.65567,Escherichia coli strain AMC_631,562,ampicillin,susceptible,Susceptible,,,,,Laboratory Method,,
562.65568,Escherichia coli strain AMC_630,562,ampicillin,susceptible,Susceptible,,,,,Laboratory Method,,
562.65571,Escherichia coli strain AMC_625,562,ampicillin,susceptible,Susceptible,,,,,Laboratory Method,,
562.65572,Escherichia coli strain AMC_626,562,ampicillin,resistant,Resistant,,,,,Laboratory Method,,
562.65573,Escherichia coli strain AMC_623,562,ampicillin,susceptible,Susceptible,,,,,Laboratory Method,,
562.65575,Escherichia coli strain AMC_624,562,ampicillin,resistant,Resistant,,,,,Laboratory Method,,
562.65577,Escherichia coli strain AMC_619,562,ampicillin,resistant,Resistant,,,,,Laboratory Method,,
562.65581,Escherichia coli strain AMC_628,562,ampicillin,susceptible,Susceptible,,,,,Laboratory Method,,
562.65583,Escherichia coli strain AMC_612,562,ampicillin,resistant,Resistant,,,,,Laboratory Method,,
562.65585,Escherichia coli strain AMC_615,562,ampicillin,resistant,Resistant,,,,,Laboratory Method,,
562.65586,Escherichia coli strain AMC_614,562,ampicillin,susceptible,Susceptible,,,,,Laboratory Method,,
562.65587,Escherichia coli strain AMC_608,562,ampicillin,susceptible,Susceptible,,,,,Laboratory Method,,
562.65588,Escherichia coli strain AMC_609,562,ampicillin,resistant,Resistant,,,,,Laboratory Method,,
562.65589,Escherichia coli strain AMC_607,562,ampicillin,susceptible,Susceptible,,,,,Laboratory Method,,
562.65593,Escherichia coli strain AMC_616,562,ampicillin,susceptible,Susceptible,,,,,Laboratory Method,,
562.65594,Escherichia coli strain AMC_617,562,ampicillin,resistant,Resistant,,,,,Laboratory Method,,
562.65596,Escherichia coli strain AMC_603,562,ampicillin,resistant,Resistant,,,,,Laboratory Method,,
562.65597,Escherichia coli strain AMC_602,562,ampicillin,susceptible,Susceptible,,,,,Laboratory Method,,
562.65598,Escherichia coli strain AMC_604,562,ampicillin,resistant,Resistant,,,,,Laboratory Method,,
562.65599,Escherichia coli strain AMC_601,562,ampicillin,susceptible,Susceptible,,,,,Laboratory Method,,
562.65601,Escherichia coli strain AMC_597,562,ampicillin,susceptible,Susceptible,,,,,Laboratory Method,,
562.65603,Escherichia coli strain AMC_596,562,ampicillin,susceptible,Susceptible,,,,,Laboratory Method,,
562.65605,Escherichia coli strain AMC_606,562,ampicillin,resistant,Resistant,,,,,Laboratory Method,,
562.65607,Escherichia coli strain AMC_138,562,ampicillin,susceptible,Susceptible,,,,,Laboratory Method,,
562.65608,Escherichia coli strain AMC_140,562,ampicillin,susceptible,Susceptible,,,,,Laboratory Method,,
562.65609,Escherichia coli strain AMC_137,562,ampicillin,susceptible,Susceptible,,,,,Laboratory Method,,
562.65611,Escherichia coli strain AMC_595,562,ampicillin,resistant,Resistant,,,,,Laboratory Method,,
562.65612,Escherichia coli strain AMC_591,562,ampicillin,resistant,Resistant,,,,,Laboratory Method,,
562.65613,Escherichia coli strain AMC_141,562,ampicillin,resistant,Resistant,,,,,Laboratory Method,,
562.65614,Escherichia coli strain AMC_142,562,ampicillin,susceptible,Susceptible,,,,,Laboratory Method,,
562.65616,Escherichia coli strain AMC_593,562,ampicillin,susceptible,Susceptible,,,,,Laboratory Method,,
562.65617,Escherichia coli strain AMC_599,562,ampicillin,susceptible,Susceptible,,,,,Laboratory Method,,
562.65619,Escherichia coli strain AMC_132,562,ampicillin,susceptible,Susceptible,,,,,Laboratory Method,,
562.65621,Escherichia coli strain AMC_126,562,ampicillin,susceptible,Susceptible,,,,,Laboratory Method,,
562.65622,Escherichia coli strain AMC_129,562,ampicillin,susceptible,Susceptible,,,,,Laboratory Method,,
562.65623,Escherichia coli strain AMC_131,562,ampicillin,susceptible,Susceptible,,,,,Laboratory Method,,
562.65624,Escherichia coli strain AMC_128,562,ampicillin,susceptible,Susceptible,,,,,Laboratory Method,,
562.65626,Escherichia coli strain AMC_127,562,ampicillin,susceptible,Susceptible,,,,,Laboratory Method,,
562.65628,Escherichia coli strain AMC_136,562,ampicillin,susceptible,Susceptible,,,,,Laboratory Method,,
562.65631,Escherichia coli strain AMC_119,562,ampicillin,resistant,Resistant,,,,,Laboratory Method,,
562.65632,Escherichia coli strain AMC_117,562,ampicillin,susceptible,Susceptible,,,,,Laboratory Method,,
562.65633,Escherichia coli strain AMC_123,562,ampicillin,resistant,Resistant,,,,,Laboratory Method,,
562.65634,Escherichia coli strain AMC_118,562,ampicillin,susceptible,Susceptible,,,,,Laboratory Method,,
562.65635,Escherichia coli strain AMC_115,562,ampicillin,susceptible,Susceptible,,,,,Laboratory Method,,
562.65636,Escherichia coli strain AMC_116,562,ampicillin,resistant,Resistant,,,,,Laboratory Method,,
562.65637,Escherichia coli strain AMC_122,562,ampicillin,susceptible,Susceptible,,,,,Laboratory Method,,
562.65638,Escherichia coli strain AMC_124,562,ampicillin,resistant,Resistant,,,,,Laboratory Method,,
562.65639,Escherichia coli strain AMC_125,562,ampicillin,susceptible,Susceptible,,,,,Laboratory Method,,
562.65642,Escherichia coli strain AMC_582,562,ampicillin,susceptible,Susceptible,,,,,Laboratory Method,,
562.65644,Escherichia coli strain AMC_581,562,ampicillin,susceptible,Susceptible,,,,,Laboratory Method,,
562.65645,Escherichia coli strain AMC_588,562,ampicillin,resistant,Resistant,,,,,Laboratory Method,,
562.65648,Escherichia coli strain AMC_580,562,ampicillin,susceptible,Susceptible,,,,,Laboratory Method,,
562.65649,Escherichia coli strain AMC_589,562,ampicillin,susceptible,Susceptible,,,,,Laboratory Method,,
562.65651,Escherichia coli strain AMC_579,562,ampicillin,susceptible,Susceptible,,,,,Laboratory Method,,
562.65652,Escherichia coli strain AMC_572,562,ampicillin,susceptible,Susceptible,,,,,Laboratory Method,,
562.65658,Escherichia coli strain AMC_574,562,ampicillin,susceptible,Susceptible,,,,,Laboratory Method,,
562.65659,Escherichia coli strain AMC_573,562,ampicillin,susceptible,Susceptible,,,,,Laboratory Method,,
562.65662,Escherichia coli strain AMC_564,562,ampicillin,resistant,Resistant,,,,,Laboratory Method,,
562.65663,Escherichia coli strain AMC_565,562,ampicillin,susceptible,Susceptible,,,,,Laboratory Method,,
562.65665,Escherichia coli strain AMC_567,562,ampicillin,susceptible,Susceptible,,,,,Laboratory Method,,
562.65666,Escherichia coli strain AMC_566,562,ampicillin,susceptible,Susceptible,,,,,Laboratory Method,,
562.65667,Escherichia coli strain AMC_196,562,ampicillin,resistant,Resistant,,,,,Laboratory Method,,
562.65668,Escherichia coli strain AMC_563,562,ampicillin,susceptible,Susceptible,,,,,Laboratory Method,,
562.65671,Escherichia coli strain AMC_195,562,ampicillin,resistant,Resistant,,,,,Laboratory Method,,
562.65672,Escherichia coli strain AMC_194,562,ampicillin,susceptible,Susceptible,,,,,Laboratory Method,,
562.65673,Escherichia coli strain AMC_193,562,ampicillin,resistant,Resistant,,,,,Laboratory Method,,
562.65674,Escherichia coli strain AMC_192,562,ampicillin,resistant,Resistant,,,,,Laboratory Method,,
562.65675,Escherichia coli strain AMC_189,562,ampicillin,susceptible,Susceptible,,,,,Laboratory Method,,
562.65676,Escherichia coli strain AMC_190,562,ampicillin,susceptible,Susceptible,,,,,Laboratory Method,,
562.65677,Escherichia coli strain AMC_191,562,ampicillin,resistant,Resistant,,,,,Laboratory Method,,
562.65679,Escherichia coli strain AMC_186,562,ampicillin,susceptible,Susceptible,,,,,Laboratory Method,,
562.65682,Escherichia coli strain AMC_188,562,ampicillin,susceptible,Susceptible,,,,,Laboratory Method,,
562.65684,Escherichia coli strain AMC_808,562,ampicillin,susceptible,Susceptible,,,,,Laboratory Method,,
562.65686,Escherichia coli strain AMC_807,562,ampicillin,susceptible,Susceptible,,,,,Laboratory Method,,
562.65688,Escherichia coli strain AMC_811,562,ampicillin,susceptible,Susceptible,,,,,Laboratory Method,,
562.65689,Escherichia coli strain AMC_810,562,ampicillin,susceptible,Susceptible,,,,,Laboratory Method,,
562.65691,Escherichia coli strain AMC_814,562,ampicillin,resistant,Resistant,,,,,Laboratory Method,,
562.65694,Escherichia coli strain AMC_805,562,ampicillin,resistant,Resistant,,,,,Laboratory Method,,
562.65695,Escherichia coli strain AMC_796,562,ampicillin,resistant,Resistant,,,,,Laboratory Method,,
562.65696,Escherichia coli strain AMC_795,562,ampicillin,susceptible,Susceptible,,,,,Laboratory Method,,
562.65699,Escherichia coli strain AMC_800,562,ampicillin,susceptible,Susceptible,,,,,Laboratory Method,,
562.65701,Escherichia coli strain AMC_798,562,ampicillin,susceptible,Susceptible,,,,,Laboratory Method,,
562.65702,Escherichia coli strain AMC_799,562,ampicillin,resistant,Resistant,,,,,Laboratory Method,,
562.65703,Escherichia coli strain AMC_803,562,ampicillin,susceptible,Susceptible,,,,,Laboratory Method,,
562.65704,Escherichia coli strain AMC_793,562,ampicillin,resistant,Resistant,,,,,Laboratory Method,,
562.65705,Escherichia coli strain AMC_794,562,ampicillin,susceptible,Susceptible,,,,,Laboratory Method,,
562.65706,Escherichia coli strain AMC_788,562,ampicillin,susceptible,Susceptible,,,,,Laboratory Method,,
562.65708,Escherichia coli strain AMC_784,562,ampicillin,susceptible,Susceptible,,,,,Laboratory Method,,
562.65709,Escherichia coli strain AMC_786,562,ampicillin,susceptible,Susceptible,,,,,Laboratory Method,,
562.65711,Escherichia coli strain AMC_790,562,ampicillin,susceptible,Susceptible,,,,,Laboratory Method,,
562.65712,Escherichia coli strain AMC_789,562,ampicillin,susceptible,Susceptible,,,,,Laboratory Method,,
562.65713,Escherichia coli strain AMC_792,562,ampicillin,susceptible,Susceptible,,,,,Laboratory Method,,
562.65714,Escherichia coli strain AMC_791,562,ampicillin,susceptible,Susceptible,,,,,Laboratory Method,,
562.65715,Escherichia coli strain AMC_783,562,ampicillin,susceptible,Susceptible,,,,,Laboratory Method,,
562.65716,Escherichia coli strain AMC_782,562,ampicillin,resistant,Resistant,,,,,Laboratory Method,,
562.65717,Escherichia coli strain AMC_780,562,ampicillin,susceptible,Susceptible,,,,,Laboratory Method,,
562.65718,Escherichia coli strain AMC_781,562,ampicillin,susceptible,Susceptible,,,,,Laboratory Method,,
562.65719,Escherichia coli strain AMC_776,562,ampicillin,susceptible,Susceptible,,,,,Laboratory Method,,
562.65721,Escherichia coli strain AMC_777,562,ampicillin,susceptible,Susceptible,,,,,Laboratory Method,,
562.65722,Escherichia coli strain AMC_779,562,ampicillin,resistant,Resistant,,,,,Laboratory Method,,
562.65723,Escherichia coli strain AMC_778,562,ampicillin,resistant,Resistant,,,,,Laboratory Method,,
562.65724,Escherichia coli strain AMC_771,562,ampicillin,susceptible,Susceptible,,,,,Laboratory Method,,
562.65725,Escherichia coli strain AMC_772,562,ampicillin,resistant,Resistant,,,,,Laboratory Method,,
562.65726,Escherichia coli strain AMC_774,562,ampicillin,resistant,Resistant,,,,,Laboratory Method,,
562.65727,Escherichia coli strain AMC_773,562,ampicillin,susceptible,Susceptible,,,,,Laboratory Method,,
562.65728,Escherichia coli strain AMC_766,562,ampicillin,susceptible,Susceptible,,,,,Laboratory Method,,
562.65729,Escherichia coli strain AMC_763,562,ampicillin,susceptible,Susceptible,,,,,Laboratory Method,,
562.65731,Escherichia coli strain AMC_764,562,ampicillin,susceptible,Susceptible,,,,,Laboratory Method,,
562.65732,Escherichia coli strain AMC_765,562,ampicillin,susceptible,Susceptible,,,,,Laboratory Method,,
562.65733,Escherichia coli strain AMC_223,562,ampicillin,resistant,Resistant,,,,,Laboratory Method,,
562.65734,Escherichia coli strain AMC_224,562,ampicillin,susceptible,Susceptible,,,,,Laboratory Method,,
562.65736,Escherichia coli strain AMC_225,562,ampicillin,resistant,Resistant,,,,,Laboratory Method,,
562.65737,Escherichia coli strain AMC_759,562,ampicillin,susceptible,Susceptible,,,,,Laboratory Method,,
562.65739,Escherichia coli strain AMC_760,562,ampicillin,resistant,Resistant,,,,,Laboratory Method,,
562.65741,Escherichia coli strain AMC_222,562,ampicillin,resistant,Resistant,,,,,Laboratory Method,,
562.65743,Escherichia coli strain AMC_218,562,ampicillin,susceptible,Susceptible,,,,,Laboratory Method,,
562.65745,Escherichia coli strain AMC_221,562,ampicillin,susceptible,Susceptible,,,,,Laboratory Method,,
562.65748,Escherichia coli strain AMC_770,562,ampicillin,susceptible,Susceptible,,,,,Laboratory Method,,
562.65749,Escherichia coli strain AMC_762,562,ampicillin,resistant,Resistant,,,,,Laboratory Method,,
562.65751,Escherichia coli strain AMC_215,562,ampicillin,susceptible,Susceptible,,,,,Laboratory Method,,
562.65752,Escherichia coli strain AMC_207,562,ampicillin,susceptible,Susceptible,,,,,Laboratory Method,,
562.65754,Escherichia coli strain AMC_206,562,ampicillin,susceptible,Susceptible,,,,,Laboratory Method,,
562.65756,Escherichia coli strain AMC_208,562,ampicillin,susceptible,Susceptible,,,,,Laboratory Method,,
562.65757,Escherichia coli strain AMC_213,562,ampicillin,susceptible,Susceptible,,,,,Laboratory Method,,
562.65758,Escherichia coli strain AMC_210,562,ampicillin,resistant,Resistant,,,,,Laboratory Method,,
562.65761,Escherichia coli strain AMC_202,562,ampicillin,susceptible,Susceptible,,,,,Laboratory Method,,
562.65763,Escherichia coli strain AMC_201,562,ampicillin,resistant,Resistant,,,,,Laboratory Method,,
562.65764,Escherichia coli strain AMC_200,562,ampicillin,susceptible,Susceptible,,,,,Laboratory Method,,
562.65765,Escherichia coli strain AMC_205,562,ampicillin,resistant,Resistant,,,,,Laboratory Method,,
562.65781,Escherichia coli strain CFS0344,562,ampicillin,resistant,Resistant,,,,,Laboratory Method,,
562.65783,Escherichia coli strain CFS0348,562,ampicillin,resistant,Resistant,,,,,Laboratory Method,,
562.65784,Escherichia coli strain CFS0349,562,ampicillin,resistant,Resistant,,,,,Laboratory Method,,
562.65785,Escherichia coli strain CFS0345,562,ampicillin,resistant,Resistant,,,,,Laboratory Method,,
562.65786,Escherichia coli strain CFS0347,562,ampicillin,resistant,Resistant,,,,,Laboratory Method,,
562.65787,Escherichia coli strain CFS0354,562,ampicillin,resistant,Resistant,,,,,Laboratory Method,,
562.65788,Escherichia coli strain CFS0359,562,ampicillin,resistant,Resistant,,,,,Laboratory Method,,
562.65789,Escherichia coli strain CFS0355,562,ampicillin,resistant,Resistant,,,,,Laboratory Method,,
562.65791,Escherichia coli strain CFS0360,562,ampicillin,resistant,Resistant,,,,,Laboratory Method,,
562.65796,Escherichia coli strain 123074,562,ampicillin,resistant,Resistant,,,,,Laboratory Method,,
562.65797,Escherichia coli strain 123445,562,ampicillin,resistant,Resistant,,,,,Laboratory Method,,
562.65798,Escherichia coli strain E003488,562,ampicillin,resistant,Resistant,,,,,Laboratory Method,,
562.65799,Escherichia coli strain E006910,562,ampicillin,resistant,Resistant,,,,,Laboratory Method,,
562.65801,Escherichia coli strain R37,562,ampicillin,resistant,Resistant,,,,,Laboratory Method,,
562.65802,Escherichia coli strain R61a,562,ampicillin,resistant,Resistant,,,,,Laboratory Method,,
562.65803,Escherichia coli strain R107,562,ampicillin,resistant,Resistant,,,,,Laboratory Method,,
562.65804,Escherichia coli strain R208,562,ampicillin,resistant,Resistant,,,,,Laboratory Method,,
562.65805,Escherichia coli strain R299,562,ampicillin,resistant,Resistant,,,,,Laboratory Method,,
562.65806,Escherichia coli strain R392,562,ampicillin,resistant,Resistant,,,,,Laboratory Method,,
562.65807,Escherichia coli strain R423,562,ampicillin,resistant,Resistant,,,,,Laboratory Method,,
562.65808,Escherichia coli strain R432,562,ampicillin,resistant,Resistant,,,,,Laboratory Method,,
562.65809,Escherichia coli strain RS119,562,ampicillin,resistant,Resistant,,,,,Laboratory Method,,
562.65811,Escherichia coli strain RS254,562,ampicillin,resistant,Resistant,,,,,Laboratory Method,,
562.65812,Escherichia coli strain RS288,562,ampicillin,resistant,Resistant,,,,,Laboratory Method,,
562.65813,Escherichia coli strain RS333,562,ampicillin,resistant,Resistant,,,,,Laboratory Method,,
562.65814,Escherichia coli strain V139,562,ampicillin,resistant,Resistant,,,,,Laboratory Method,,
562.65815,Escherichia coli strain RS334,562,ampicillin,resistant,Resistant,,,,,Laboratory Method,,
562.65816,Escherichia coli strain V210,562,ampicillin,resistant,Resistant,,,,,Laboratory Method,,
562.65817,Escherichia coli strain V177,562,ampicillin,resistant,Resistant,,,,,Laboratory Method,,
562.65818,Escherichia coli strain RS371,562,ampicillin,resistant,Resistant,,,,,Laboratory Method,,
562.65819,Escherichia coli strain V161,562,ampicillin,resistant,Resistant,,,,,Laboratory Method,,
1328432.3,Escherichia coli BWH 32,1328432,cefotaxime,susceptible,Susceptible,,,,,Laboratory Method,Broth dilution,
1328433.3,Escherichia coli BWH 34,1328433,cefotaxime,resistant,Resistant,,,,,Laboratory Method,Broth dilution,
1328434.3,Escherichia coli BWH 40,1328434,cefotaxime,resistant,Resistant,,,,,Laboratory Method,Broth dilution,
1438684.3,Escherichia coli CHS 68,1438684,cefotaxime,resistant,Resistant,,,,,Laboratory Method,Broth dilution,
1438685.3,Escherichia coli CHS 69,1438685,cefotaxime,resistant,Resistant,,,,,Laboratory Method,Broth dilution,
562.13671,Escherichia coli strain 116,562,cefotaxime,susceptible,Susceptible,,,,,Laboratory Method,Disk diffusion,
562.17359,Escherichia coli strain 81009,562,cefotaxime,resistant,Resistant,>128,128.0,mg/L,>,Laboratory Method,Broth dilution,
562.19151,Escherichia coli strain 104,562,cefotaxime,resistant,Resistant,,,,,Laboratory Method,Disk diffusion,
562.42635,Escherichia coli strain 108,562,cefotaxime,susceptible,Susceptible,,,,,Laboratory Method,Disk diffusion,
562.42686,Escherichia coli strain 24,562,cefotaxime,resistant,Resistant,32,32.0,mg/L,=,Laboratory Method,Broth dilution,
562.58704,Escherichia coli strain 14037824,562,cefotaxime,susceptible,Susceptible,0.25,0.25,mg/L,,Laboratory Method,Broth dilution,
562.58705,Escherichia coli strain 14040376,562,cefotaxime,susceptible,Susceptible,0.25,0.25,mg/L,,Laboratory Method,Broth dilution,
562.58706,Escherichia coli strain 14043377,562,cefotaxime,resistant,Resistant,4,4.0,mg/L,,Laboratory Method,Broth dilution,
562.58707,Escherichia coli strain 14043512,562,cefotaxime,susceptible,Susceptible,0.25,0.25,mg/L,,Laboratory Method,Broth dilution,
562.58709,Escherichia coli strain 14045775,562,cefotaxime,resistant,Resistant,4,4.0,mg/L,,Laboratory Method,Broth dilution,
562.58712,Escherichia coli strain 14053473,562,cefotaxime,resistant,Resistant,>4,4.0,mg/L,>,Laboratory Method,Broth dilution,
562.58713,Escherichia coli strain 14050802,562,cefotaxime,susceptible,Susceptible,0.25,0.25,mg/L,,Laboratory Method,Broth dilution,
562.58714,Escherichia coli strain 14047606,562,cefotaxime,resistant,Resistant,>4,4.0,mg/L,>,Laboratory Method,Broth dilution,
562.58715,Escherichia coli strain 14050800,562,cefotaxime,susceptible,Susceptible,0.25,0.25,mg/L,,Laboratory Method,Broth dilution,
562.58716,Escherichia coli strain 14057877,562,cefotaxime,resistant,Resistant,2,2.0,mg/L,,Laboratory Method,Broth dilution,
562.58717,Escherichia coli strain 14054555,562,cefotaxime,susceptible,Susceptible,0.25,0.25,mg/L,,Laboratory Method,Broth dilution,
562.58718,Escherichia coli strain 14062120,562,cefotaxime,susceptible,Susceptible,0.25,0.25,mg/L,,Laboratory Method,Broth dilution,
562.58719,Escherichia coli strain 14062104,562,cefotaxime,resistant,Resistant,1,1.0,mg/L,,Laboratory Method,Broth dilution,
562.58721,Escherichia coli strain 14066715,562,cefotaxime,susceptible,Susceptible,0.25,0.25,mg/L,,Laboratory Method,Broth dilution,
562.58723,Escherichia coli strain 14069546,562,cefotaxime,susceptible,Susceptible,0.25,0.25,mg/L,,Laboratory Method,Broth dilution,
562.58725,Escherichia coli strain 14091902,562,cefotaxime,susceptible,Susceptible,0.25,0.25,mg/L,,Laboratory Method,Broth dilution,
562.58726,Escherichia coli strain 14085180,562,cefotaxime,resistant,Resistant,>4,4.0,mg/L,>,Laboratory Method,Broth dilution,
562.58727,Escherichia coli strain 14083136,562,cefotaxime,susceptible,Susceptible,0.25,0.25,mg/L,,Laboratory Method,Broth dilution,
562.58728,Escherichia coli strain 14087995,562,cefotaxime,susceptible,Susceptible,0.25,0.25,mg/L,,Laboratory Method,Broth dilution,
562.58729,Escherichia coli strain 14073256,562,cefotaxime,susceptible,Susceptible,0.25,0.25,mg/L,,Laboratory Method,Broth dilution,
562.58731,Escherichia coli strain 14072934,562,cefotaxime,susceptible,Susceptible,0.25,0.25,mg/L,,Laboratory Method,Broth dilution,
562.58732,Escherichia coli strain 15051805,562,cefotaxime,resistant,Resistant,8,8.0,mg/L,,Laboratory Method,Broth dilution,
562.58733,Escherichia coli strain 15050011,562,cefotaxime,susceptible,Susceptible,0.25,0.25,mg/L,,Laboratory Method,Broth dilution,
562.58734,Escherichia coli strain 15054212,562,cefotaxime,resistant,Resistant,8,8.0,mg/L,,Laboratory Method,Broth dilution,
562.58735,Escherichia coli strain 15056393,562,cefotaxime,resistant,Resistant,8,8.0,mg/L,,Laboratory Method,Broth dilution,
562.58736,Escherichia coli strain 15062645,562,cefotaxime,resistant,Resistant,8,8.0,mg/L,,Laboratory Method,Broth dilution,
562.58737,Escherichia coli strain 15057173,562,cefotaxime,resistant,Resistant,8,8.0,mg/L,,Laboratory Method,Broth dilution,
562.58738,Escherichia coli strain 15078696,562,cefotaxime,resistant,Resistant,8,8.0,mg/L,,Laboratory Method,Broth dilution,
562.58739,Escherichia coli strain 15056874,562,cefotaxime,resistant,Resistant,8,8.0,mg/L,,Laboratory Method,Broth dilution,
562.58741,Escherichia coli strain 101,562,cefotaxime,susceptible,Susceptible,,,,,Laboratory Method,Disk diffusion,
562.58742,Escherichia coli strain 102,562,cefotaxime,susceptible,Susceptible,,,,,Laboratory Method,Disk diffusion,
562.58743,Escherichia coli strain 103,562,cefotaxime,resistant,Resistant,,,,,Laboratory Method,Disk diffusion,
562.58745,Escherichia coli strain 105,562,cefotaxime,resistant,Resistant,,,,,Laboratory Method,Disk diffusion,
562.58748,Escherichia coli strain 112,562,cefotaxime,susceptible,Susceptible,,,,,Laboratory Method,Disk diffusion,
562.58749,Escherichia coli strain 111,562,cefotaxime,susceptible,Susceptible,,,,,Laboratory Method,Disk diffusion,
562.58751,Escherichia coli strain 106,562,cefotaxime,resistant,Resistant,,,,,Laboratory Method,Disk diffusion,
562.58752,Escherichia coli strain 107,562,cefotaxime,resistant,Resistant,,,,,Laboratory Method,Disk diffusion,
562.58754,Escherichia coli strain 118,562,cefotaxime,susceptible,Susceptible,,,,,Laboratory Method,Disk diffusion,
562.58755,Escherichia coli strain 117,562,cefotaxime,susceptible,Susceptible,,,,,Laboratory Method,Disk diffusion,
562.58757,Escherichia coli strain 114,562,cefotaxime,susceptible,Susceptible,,,,,Laboratory Method,Disk diffusion,
562.58758,Escherichia coli strain 115,562,cefotaxime,susceptible,Susceptible,,,,,Laboratory Method,Disk diffusion,
562.58761,Escherichia coli strain 201,562,cefotaxime,susceptible,Susceptible,,,,,Laboratory Method,Disk diffusion,
562.58762,Escherichia coli strain 121,562,cefotaxime,susceptible,Susceptible,,,,,Laboratory Method,Disk diffusion,
562.58763,Escherichia coli strain 202,562,cefotaxime,resistant,Resistant,,,,,Laboratory Method,Disk diffusion,
562.58765,Escherichia coli strain 302,562,cefotaxime,susceptible,Susceptible,,,,,Laboratory Method,Disk diffusion,
562.58766,Escherichia coli strain 203,562,cefotaxime,resistant,Resistant,,,,,Laboratory Method,Disk diffusion,
562.58767,Escherichia coli strain 204,562,cefotaxime,resistant,Resistant,,,,,Laboratory Method,Disk diffusion,
562.65781,Escherichia coli strain CFS0344,562,cefotaxime,susceptible,Susceptible,,,,,Laboratory Method,,
562.65783,Escherichia coli strain CFS0348,562,cefotaxime,susceptible,Susceptible,,,,,Laboratory Method,,
562.65784,Escherichia coli strain CFS0349,562,cefotaxime,susceptible,Susceptible,,,,,Laboratory Method,,
562.65785,Escherichia coli strain CFS0345,562,cefotaxime,susceptible,Susceptible,,,,,Laboratory Method,,
562.65786,Escherichia coli strain CFS0347,562,cefotaxime,resistant,Resistant,,,,,Laboratory Method,,
562.65787,Escherichia coli strain CFS0354,562,cefotaxime,susceptible,Susceptible,,,,,Laboratory Method,,
562.65788,Escherichia coli strain CFS0359,562,cefotaxime,susceptible,Susceptible,,,,,Laboratory Method,,
562.65789,Escherichia coli strain CFS0355,562,cefotaxime,susceptible,Susceptible,,,,,Laboratory Method,,
562.65791,Escherichia coli strain CFS0360,562,cefotaxime,susceptible,Susceptible,,,,,Laboratory Method,,
562.65796,Escherichia coli strain 123074,562,cefotaxime,resistant,Resistant,,,,,Laboratory Method,,
562.65797,Escherichia coli strain 123445,562,cefotaxime,resistant,Resistant,,,,,Laboratory Method,,
562.65798,Escherichia coli strain E003488,562,cefotaxime,resistant,Resistant,,,,,Laboratory Method,,
562.65799,Escherichia coli strain E006910,562,cefotaxime,resistant,Resistant,,,,,Laboratory Method,,
562.65801,Escherichia coli strain R37,562,cefotaxime,resistant,Resistant,,,,,Laboratory Method,,
562.65802,Escherichia coli strain R61a,562,cefotaxime,resistant,Resistant,,,,,Laboratory Method,,
562.65803,Escherichia coli strain R107,562,cefotaxime,resistant,Resistant,,,,,Laboratory Method,,
562.65804,Escherichia coli strain R208,562,cefotaxime,resistant,Resistant,,,,,Laboratory Method,,
562.65805,Escherichia coli strain R299,562,cefotaxime,resistant,Resistant,,,,,Laboratory Method,,
562.65806,Escherichia coli strain R392,562,cefotaxime,resistant,Resistant,,,,,Laboratory Method,,
562.65807,Escherichia coli strain R423,562,cefotaxime,resistant,Resistant,,,,,Laboratory Method,,
562.65808,Escherichia coli strain R432,562,cefotaxime,resistant,Resistant,,,,,Laboratory Method,,
562.65809,Escherichia coli strain RS119,562,cefotaxime,resistant,Resistant,,,,,Laboratory Method,,
562.65811,Escherichia coli strain RS254,562,cefotaxime,resistant,Resistant,,,,,Laboratory Method,,
562.65812,Escherichia coli strain RS288,562,cefotaxime,resistant,Resistant,,,,,Laboratory Method,,
562.65813,Escherichia coli strain RS333,562,cefotaxime,resistant,Resistant,,,,,Laboratory Method,,
562.65814,Escherichia coli strain V139,562,cefotaxime,resistant,Resistant,,,,,Laboratory Method,,
562.65815,Escherichia coli strain RS334,562,cefotaxime,resistant,Resistant,,,,,Laboratory Method,,
562.65816,Escherichia coli strain V210,562,cefotaxime,resistant,Resistant,,,,,Laboratory Method,,
562.65817,Escherichia coli strain V177,562,cefotaxime,resistant,Resistant,,,,,Laboratory Method,,
562.65818,Escherichia coli strain RS371,562,cefotaxime,resistant,Resistant,,,,,Laboratory Method,,
562.65819,Escherichia coli strain V161,562,cefotaxime,resistant,Resistant,,,,,Laboratory Method,,
1328432.3,Escherichia coli BWH 32,1328432,ceftazidime,susceptible,Susceptible,,,,,Laboratory Method,Broth dilution,
1328433.3,Escherichia coli BWH 34,1328433,ceftazidime,resistant,Resistant,,,,,Laboratory Method,Broth dilution,
1328434.3,Escherichia coli BWH 40,1328434,ceftazidime,resistant,Resistant,,,,,Laboratory Method,Broth dilution,
1328437.3,Escherichia coli BIDMC 3,1328437,ceftazidime,resistant,Resistant,,,,,Laboratory Method,Broth dilution,
1328439.3,Escherichia coli BIDMC 9,1328439,ceftazidime,resistant,Resistant,,,,,Laboratory Method,Broth dilution,
1438684.3,Escherichia coli CHS 68,1438684,ceftazidime,resistant,Resistant,,,,,Laboratory Method,Broth dilution,
1438685.3,Escherichia coli CHS 69,1438685,ceftazidime,resistant,Resistant,,,,,Laboratory Method,Broth dilution,
1438686.3,Escherichia coli CHS 77,1438686,ceftazidime,susceptible,Susceptible,,,,,Laboratory Method,Broth dilution,
562.17359,Escherichia coli strain 81009,562,ceftazidime,resistant,Resistant,==16,16.0,mg/L,=,Laboratory Method,Broth dilution,
562.19151,Escherichia coli strain 104,562,ceftazidime,susceptible,Susceptible,,,,,Laboratory Method,Disk diffusion,
562.42635,Escherichia coli strain 108,562,ceftazidime,susceptible,Susceptible,,,,,Laboratory Method,Disk diffusion,
562.58704,Escherichia coli strain 14037824,562,ceftazidime,susceptible,Susceptible,0.5,0.5,mg/L,,Laboratory Method,Broth dilution,
562.58706,Escherichia coli strain 14043377,562,ceftazidime,resistant,Resistant,8,8.0,mg/L,,Laboratory Method,Broth dilution,
562.58707,Escherichia coli strain 14043512,562,ceftazidime,susceptible,Susceptible,0.5,0.5,mg/L,,Laboratory Method,Broth dilution,
562.58709,Escherichia coli strain 14045775,562,ceftazidime,resistant,Resistant,4,4.0,mg/L,,Laboratory Method,Broth dilution,
562.58711,Escherichia coli strain 14063820,562,ceftazidime,susceptible,Susceptible,0.5,0.5,mg/L,,Laboratory Method,Broth dilution,
562.58712,Escherichia coli strain 14053473,562,ceftazidime,resistant,Resistant,1,1.0,mg/L,,Laboratory Method,Broth dilution,
562.58713,Escherichia coli strain 14050802,562,ceftazidime,susceptible,Susceptible,0.5,0.5,mg/L,,Laboratory Method,Broth dilution,
562.58714,Escherichia coli strain 14047606,562,ceftazidime,resistant,Resistant,2,2.0,mg/L,,Laboratory Method,Broth dilution,
562.58715,Escherichia coli strain 14050800,562,ceftazidime,susceptible,Susceptible,0.5,0.5,mg/L,,Laboratory Method,Broth dilution,
562.58716,Escherichia coli strain 14057877,562,ceftazidime,resistant,Resistant,>8,8.0,mg/L,>,Laboratory Method,Broth dilution,
562.58718,Escherichia coli strain 14062120,562,ceftazidime,susceptible,Susceptible,0.5,0.5,mg/L,,Laboratory Method,Broth dilution,
562.58719,Escherichia coli strain 14062104,562,ceftazidime,resistant,Resistant,8,8.0,mg/L,,Laboratory Method,Broth dilution,
562.58721,Escherichia coli strain 14066715,562,ceftazidime,susceptible,Susceptible,0.5,0.5,mg/L,,Laboratory Method,Broth dilution,
562.58722,Escherichia coli strain 14067330,562,ceftazidime,resistant,Resistant,>8,8.0,mg/L,>,Laboratory Method,Broth dilution,
562.58723,Escherichia coli strain 14069546,562,ceftazidime,susceptible,Susceptible,0.5,0.5,mg/L,,Laboratory Method,Broth dilution,
562.58725,Escherichia coli strain 14091902,562,ceftazidime,susceptible,Susceptible,0.5,0.5,mg/L,,Laboratory Method,Broth dilution,
562.58726,Escherichia coli strain 14085180,562,ceftazidime,resistant,Resistant,1,1.0,mg/L,,Laboratory Method,Broth dilution,
562.58727,Escherichia coli strain 14083136,562,ceftazidime,susceptible,Susceptible,0.5,0.5,mg/L,,Laboratory Method,Broth dilution,
562.58728,Escherichia coli strain 14087995,562,ceftazidime,susceptible,Susceptible,0.5,0.5,mg/L,,Laboratory Method,Broth dilution,
562.58731,Escherichia coli strain 14072934,562,ceftazidime,susceptible,Susceptible,0.5,0.5,mg/L,,Laboratory Method,Broth dilution,
562.58732,Escherichia coli strain 15051805,562,ceftazidime,resistant,Resistant,2,2.0,mg/L,,Laboratory Method,Broth dilution,
562.58734,Escherichia coli strain 15054212,562,ceftazidime,resistant,Resistant,16,16.0,mg/L,,Laboratory Method,Broth dilution,
562.58735,Escherichia coli strain 15056393,562,ceftazidime,resistant,Resistant,4,4.0,mg/L,,Laboratory Method,Broth dilution,
562.58738,Escherichia coli strain 15078696,562,ceftazidime,resistant,Resistant,8,8.0,mg/L,,Laboratory Method,Broth dilution,
562.58739,Escherichia coli strain 15056874,562,ceftazidime,resistant,Resistant,4,4.0,mg/L,,Laboratory Method,Broth dilution,
562.58741,Escherichia coli strain 101,562,ceftazidime,susceptible,Susceptible,,,,,Laboratory Method,Disk diffusion,
562.58743,Escherichia coli strain 103,562,ceftazidime,susceptible,Susceptible,,,,,Laboratory Method,Disk diffusion,
562.58745,Escherichia coli strain 105,562,ceftazidime,susceptible,Susceptible,,,,,Laboratory Method,Disk diffusion,
562.58748,Escherichia coli strain 112,562,ceftazidime,susceptible,Susceptible,,,,,Laboratory Method,Disk diffusion,
562.58749,Escherichia coli strain 111,562,ceftazidime,susceptible,Susceptible,,,,,Laboratory Method,Disk diffusion,
562.58751,Escherichia coli strain 106,562,ceftazidime,resistant,Resistant,,,,,Laboratory Method,Disk diffusion,
562.58752,Escherichia coli strain 107,562,ceftazidime,resistant,Resistant,,,,,Laboratory Method,Disk diffusion,
562.58754,Escherichia coli strain 118,562,ceftazidime,susceptible,Susceptible,,,,,Laboratory Method,Disk diffusion,
562.58755,Escherichia coli strain 117,562,ceftazidime,susceptible,Susceptible,,,,,Laboratory Method,Disk diffusion,
562.58757,Escherichia coli strain 114,562,ceftazidime,susceptible,Susceptible,,,,,Laboratory Method,Disk diffusion,
562.58758,Escherichia coli strain 115,562,ceftazidime,resistant,Resistant,,,,,Laboratory Method,Disk diffusion,
562.58761,Escherichia coli strain 201,562,ceftazidime,susceptible,Susceptible,,,,,Laboratory Method,Disk diffusion,
562.58762,Escherichia coli strain 121,562,ceftazidime,susceptible,Susceptible,,,,,Laboratory Method,Disk diffusion,
562.58763,Escherichia coli strain 202,562,ceftazidime,resistant,Resistant,,,,,Laboratory Method,Disk diffusion,
562.58766,Escherichia coli strain 203,562,ceftazidime,resistant,Resistant,,,,,Laboratory Method,Disk diffusion,
562.58767,Escherichia coli strain 204,562,ceftazidime,resistant,Resistant,,,,,Laboratory Method,Disk diffusion,
562.65796,Escherichia coli strain 123074,562,ceftazidime,resistant,Resistant,,,,,Laboratory Method,,
562.65797,Escherichia coli strain 123445,562,ceftazidime,resistant,Resistant,,,,,Laboratory Method,,
562.65798,Escherichia coli strain E003488,562,ceftazidime,resistant,Resistant,,,,,Laboratory Method,,
562.65799,Escherichia coli strain E006910,562,ceftazidime,resistant,Resistant,,,,,Laboratory Method,,
562.65801,Escherichia coli strain R37,562,ceftazidime,resistant,Resistant,,,,,Laboratory Method,,
562.65802,Escherichia coli strain R61a,562,ceftazidime,resistant,Resistant,,,,,Laboratory Method,,
562.65803,Escherichia coli strain R107,562,ceftazidime,resistant,Resistant,,,,,Laboratory Method,,
562.65804,Escherichia coli strain R208,562,ceftazidime,resistant,Resistant,,,,,Laboratory Method,,
562.65805,Escherichia coli strain R299,562,ceftazidime,resistant,Resistant,,,,,Laboratory Method,,
562.65806,Escherichia coli strain R392,562,ceftazidime,resistant,Resistant,,,,,Laboratory Method,,
562.65807,Escherichia coli strain R423,562,ceftazidime,resistant,Resistant,,,,,Laboratory Method,,
562.65808,Escherichia coli strain R432,562,ceftazidime,resistant,Resistant,,,,,Laboratory Method,,
562.65809,Escherichia coli strain RS119,562,ceftazidime,resistant,Resistant,,,,,Laboratory Method,,
562.65811,Escherichia coli strain RS254,562,ceftazidime,resistant,Resistant,,,,,Laboratory Method,,
562.65812,Escherichia coli strain RS288,562,ceftazidime,resistant,Resistant,,,,,Laboratory Method,,
562.65813,Escherichia coli strain RS333,562,ceftazidime,resistant,Resistant,,,,,Laboratory Method,,
562.65815,Escherichia coli strain RS334,562,ceftazidime,resistant,Resistant,,,,,Laboratory Method,,
562.65816,Escherichia coli strain V210,562,ceftazidime,resistant,Resistant,,,,,Laboratory Method,,
562.65817,Escherichia coli strain V177,562,ceftazidime,resistant,Resistant,,,,,Laboratory Method,,
562.65818,Escherichia coli strain RS371,562,ceftazidime,resistant,Resistant,,,,,Laboratory Method,,
562.65819,Escherichia coli strain V161,562,ceftazidime,resistant,Resistant,,,,,Laboratory Method,,
562.13556,Escherichia coli MGL_106,562,chloramphenicol,susceptible,Susceptible,19,19.0,mm,,Laboratory Method,Disk diffusion,
562.135561,Escherichia coli MGL_91,562,chloramphenicol,resistant,Resistant,12,12.0,mm,,Laboratory Method,Disk diffusion,
562.135562,Escherichia coli MGL_87,562,chloramphenicol,susceptible,Susceptible,18,18.0,mm,,Laboratory Method,Disk diffusion,
562.135563,Escherichia coli MGL_86,562,chloramphenicol,susceptible,Susceptible,28,28.0,mm,,Laboratory Method,Disk diffusion,
562.135567,Escherichia coli 20200622_MGL_66,562,chloramphenicol,resistant,Resistant,,,,,Laboratory Method,Disk diffusion,
562.135569,Escherichia coli 20200203_MGL_07,562,chloramphenicol,resistant,Resistant,11,11.0,mm,,Laboratory Method,Disk diffusion,
562.13557,Escherichia coli 20200203_MGL_22,562,chloramphenicol,resistant,Resistant,10,10.0,mm,,Laboratory Method,Disk diffusion,
562.135571,Escherichia coli MGL_125,562,chloramphenicol,susceptible,Susceptible,18,18.0,mm,,Laboratory Method,Disk diffusion,
562.135572,Escherichia coli MGL_123,562,chloramphenicol,resistant,Resistant,,,,,Laboratory Method,Disk diffusion,
562.135573,Escherichia coli MGL_117,562,chloramphenicol,susceptible,Susceptible,22,22.0,mm,,Laboratory Method,Disk diffusion,
562.135574,Escherichia coli MGL_116,562,chloramphenicol,resistant,Resistant,,,,,Laboratory Method,Disk diffusion,
562.135575,Escherichia coli MGL_118,562,chloramphenicol,susceptible,Susceptible,22,22.0,mm,,Laboratory Method,Disk diffusion,
562.135578,Escherichia coli 20200203_MGL_16,562,chloramphenicol,resistant,Resistant,,,,,Laboratory Method,Disk diffusion,
562.135579,Escherichia coli MGL_1560,562,chloramphenicol,resistant,Resistant,,,,,Laboratory Method,Disk diffusion,
562.135581,Escherichia coli 20200203_MGL_06,562,chloramphenicol,resistant,Resistant,11,11.0,mm,,Laboratory Method,Disk diffusion,
562.135582,Escherichia coli 20200203_MGL_05,562,chloramphenicol,resistant,Resistant,11,11.0,mm,,Laboratory Method,Disk diffusion,
562.135584,Escherichia coli 20200203_MGL_20,562,chloramphenicol,resistant,Resistant,10,10.0,mm,,Laboratory Method,Disk diffusion,
562.135586,Escherichia coli MGL_150,562,chloramphenicol,susceptible,Susceptible,18,18.0,mm,,Laboratory Method,Disk diffusion,
562.135588,Escherichia coli MGL_136,562,chloramphenicol,susceptible,Susceptible,25,25.0,mm,,Laboratory Method,Disk diffusion,
562.13559,Escherichia coli 20200203_MGL_01,562,chloramphenicol,susceptible,Susceptible,20,20.0,mm,,Laboratory Method,Disk diffusion,
562.135591,Escherichia coli 20200203_MGL_12,562,chloramphenicol,resistant,Resistant,11,11.0,mm,,Laboratory Method,Disk diffusion,
562.135592,Escherichia coli MGL_131,562,chloramphenicol,resistant,Resistant,10,10.0,mm,,Laboratory Method,Disk diffusion,
562.135593,Escherichia coli MGL_126,562,chloramphenicol,resistant,Resistant,,,,,Laboratory Method,Disk diffusion,
562.135594,Escherichia coli 20200203_MGL_03,562,chloramphenicol,susceptible,Susceptible,19,19.0,mm,,Laboratory Method,Disk diffusion,
562.17359,Escherichia coli strain 81009,562,chloramphenicol,susceptible,Susceptible,==4,4.0,mg/L,=,Laboratory Method,Broth dilution,
562.48345,Escherichia coli 590,562,chloramphenicol,susceptible,Susceptible,=8,8.0,mg/L,=,Laboratory Method,,
562.48346,Escherichia coli 290,562,chloramphenicol,susceptible,Susceptible,=8,8.0,mg/L,=,Laboratory Method,,
562.48348,Escherichia coli 292,562,chloramphenicol,susceptible,Susceptible,=8,8.0,mg/L,=,Laboratory Method,,
562.48349,Escherichia coli 291,562,chloramphenicol,susceptible,Susceptible,=8,8.0,mg/L,=,Laboratory Method,,
562.58704,Escherichia coli strain 14037824,562,chloramphenicol,resistant,Resistant,128,128.0,mg/L,,Laboratory Method,Broth dilution,
562.58705,Escherichia coli strain 14040376,562,chloramphenicol,resistant,Resistant,256,256.0,mg/L,,Laboratory Method,Broth dilution,
562.58706,Escherichia coli strain 14043377,562,chloramphenicol,susceptible,Susceptible,8,8.0,mg/L,,Laboratory Method,Broth dilution,
562.58707,Escherichia coli strain 14043512,562,chloramphenicol,susceptible,Susceptible,8,8.0,mg/L,,Laboratory Method,Broth dilution,
562.58709,Escherichia coli strain 14045775,562,chloramphenicol,resistant,Resistant,>128,128.0,mg/L,>,Laboratory Method,Broth dilution,
562.58712,Escherichia coli strain 14053473,562,chloramphenicol,resistant,Resistant,128,128.0,mg/L,,Laboratory Method,Broth dilution,
562.58713,Escherichia coli strain 14050802,562,chloramphenicol,susceptible,Susceptible,8,8.0,mg/L,,Laboratory Method,Broth dilution,
562.58714,Escherichia coli strain 14047606,562,chloramphenicol,resistant,Resistant,>128,128.0,mg/L,>,Laboratory Method,Broth dilution,
562.58715,Escherichia coli strain 14050800,562,chloramphenicol,susceptible,Susceptible,8,8.0,mg/L,,Laboratory Method,Broth dilution,
562.58716,Escherichia coli strain 14057877,562,chloramphenicol,resistant,Resistant,>128,128.0,mg/L,>,Laboratory Method,Broth dilution,
562.58717,Escherichia coli strain 14054555,562,chloramphenicol,susceptible,Susceptible,8,8.0,mg/L,,Laboratory Method,Broth dilution,
562.58718,Escherichia coli strain 14062120,562,chloramphenicol,resistant,Resistant,256,256.0,mg/L,,Laboratory Method,Broth dilution,
562.58719,Escherichia coli strain 14062104,562,chloramphenicol,susceptible,Susceptible,8,8.0,mg/L,,Laboratory Method,Broth dilution,
562.58721,Escherichia coli strain 14066715,562,chloramphenicol,resistant,Resistant,256,256.0,mg/L,,Laboratory Method,Broth dilution,
562.58722,Escherichia coli strain 14067330,562,chloramphenicol,resistant,Resistant,64,64.0,mg/L,,Laboratory Method,Broth dilution,
562.58723,Escherichia coli strain 14069546,562,chloramphenicol,resistant,Resistant,256,256.0,mg/L,,Laboratory Method,Broth dilution,
562.58724,Escherichia coli strain 15038100,562,chloramphenicol,resistant,Resistant,256,256.0,mg/L,,Laboratory Method,Broth dilution,
562.58725,Escherichia coli strain 14091902,562,chloramphenicol,susceptible,Susceptible,8,8.0,mg/L,,Laboratory Method,Broth dilution,
562.58726,Escherichia coli strain 14085180,562,chloramphenicol,resistant,Resistant,128,128.0,mg/L,,Laboratory Method,Broth dilution,
562.58727,Escherichia coli strain 14083136,562,chloramphenicol,resistant,Resistant,>128,128.0,mg/L,>,Laboratory Method,Broth dilution,
562.58728,Escherichia coli strain 14087995,562,chloramphenicol,resistant,Resistant,256,256.0,mg/L,,Laboratory Method,Broth dilution,
562.58732,Escherichia coli strain 15051805,562,chloramphenicol,resistant,Resistant,128,128.0,mg/L,,Laboratory Method,Broth dilution,
562.58733,Escherichia coli strain 15050011,562,chloramphenicol,resistant,Resistant,256,256.0,mg/L,,Laboratory Method,Broth dilution,
562.58734,Escherichia coli strain 15054212,562,chloramphenicol,resistant,Resistant,256,256.0,mg/L,,Laboratory Method,Broth dilution,
562.58736,Escherichia coli strain 15062645,562,chloramphenicol,resistant,Resistant,256,256.0,mg/L,,Laboratory Method,Broth dilution,
562.58737,Escherichia coli strain 15057173,562,chloramphenicol,resistant,Resistant,256,256.0,mg/L,,Laboratory Method,Broth dilution,
562.58738,Escherichia coli strain 15078696,562,chloramphenicol,resistant,Resistant,128,128.0,mg/L,,Laboratory Method,Broth dilution,
562.58739,Escherichia coli strain 15056874,562,chloramphenicol,resistant,Resistant,256,256.0,mg/L,,Laboratory Method,Broth dilution,
562.65781,Escherichia coli strain CFS0344,562,chloramphenicol,resistant,Resistant,,,,,Laboratory Method,,
562.65783,Escherichia coli strain CFS0348,562,chloramphenicol,resistant,Resistant,,,,,Laboratory Method,,
562.65784,Escherichia coli strain CFS0349,562,chloramphenicol,resistant,Resistant,,,,,Laboratory Method,,
562.65785,Escherichia coli strain CFS0345,562,chloramphenicol,resistant,Resistant,,,,,Laboratory Method,,
562.65786,Escherichia coli strain CFS0347,562,chloramphenicol,resistant,Resistant,,,,,Laboratory Method,,
562.65787,Escherichia coli strain CFS0354,562,chloramphenicol,resistant,Resistant,,,,,Laboratory Method,,
562.65788,Escherichia coli strain CFS0359,562,chloramphenicol,resistant,Resistant,,,,,Laboratory Method,,
562.65789,Escherichia coli strain CFS0355,562,chloramphenicol,susceptible,Susceptible,,,,,Laboratory Method,,
562.65791,Escherichia coli strain CFS0360,562,chloramphenicol,resistant,Resistant,,,,,Laboratory Method,,
562.65796,Escherichia coli strain 123074,562,chloramphenicol,resistant,Resistant,,,,,Laboratory Method,,
562.65797,Escherichia coli strain 123445,562,chloramphenicol,resistant,Resistant,,,,,Laboratory Method,,
562.65799,Escherichia coli strain E006910,562,chloramphenicol,susceptible,Susceptible,,,,,Laboratory Method,,
562.65801,Escherichia coli strain R37,562,chloramphenicol,susceptible,Susceptible,,,,,Laboratory Method,,
562.65802,Escherichia coli strain R61a,562,chloramphenicol,resistant,Resistant,,,,,Laboratory Method,,
562.65803,Escherichia coli strain R107,562,chloramphenicol,susceptible,Susceptible,,,,,Laboratory Method,,
562.65804,Escherichia coli strain R208,562,chloramphenicol,susceptible,Susceptible,,,,,Laboratory Method,,
562.65805,Escherichia coli strain R299,562,chloramphenicol,resistant,Resistant,,,,,Laboratory Method,,
562.65806,Escherichia coli strain R392,562,chloramphenicol,resistant,Resistant,,,,,Laboratory Method,,
562.65807,Escherichia coli strain R423,562,chloramphenicol,resistant,Resistant,,,,,Laboratory Method,,
562.65808,Escherichia coli strain R432,562,chloramphenicol,resistant,Resistant,,,,,Laboratory Method,,
562.65809,Escherichia coli strain RS119,562,chloramphenicol,resistant,Resistant,,,,,Laboratory Method,,
562.65811,Escherichia coli strain RS254,562,chloramphenicol,resistant,Resistant,,,,,Laboratory Method,,
562.65812,Escherichia coli strain RS288,562,chloramphenicol,resistant,Resistant,,,,,Laboratory Method,,
562.65813,Escherichia coli strain RS333,562,chloramphenicol,resistant,Resistant,,,,,Laboratory Method,,
562.65814,Escherichia coli strain V139,562,chloramphenicol,resistant,Resistant,,,,,Laboratory Method,,
562.65815,Escherichia coli strain RS334,562,chloramphenicol,resistant,Resistant,,,,,Laboratory Method,,
562.65816,Escherichia coli strain V210,562,chloramphenicol,resistant,Resistant,,,,,Laboratory Method,,
562.65817,Escherichia coli strain V177,562,chloramphenicol,resistant,Resistant,,,,,Laboratory Method,,
562.65818,Escherichia coli strain RS371,562,chloramphenicol,resistant,Resistant,,,,,Laboratory Method,,
562.65819,Escherichia coli strain V161,562,chloramphenicol,resistant,Resistant,,,,,Laboratory Method,,
1328432.3,Escherichia coli BWH 32,1328432,gentamicin,susceptible,Susceptible,,,,,Laboratory Method,Broth dilution,
1328433.3,Escherichia coli BWH 34,1328433,gentamicin,susceptible,Susceptible,,,,,Laboratory Method,Broth dilution,
1328434.3,Escherichia coli BWH 40,1328434,gentamicin,susceptible,Susceptible,,,,,Laboratory Method,Broth dilution,
1438684.3,Escherichia coli CHS 68,1438684,gentamicin,resistant,Resistant,,,,,Laboratory Method,Broth dilution,
1438685.3,Escherichia coli CHS 69,1438685,gentamicin,resistant,Resistant,,,,,Laboratory Method,Broth dilution,
1438686.3,Escherichia coli CHS 77,1438686,gentamicin,susceptible,Susceptible,,,,,Laboratory Method,Broth dilution,
562.13671,Escherichia coli strain 116,562,gentamicin,resistant,Resistant,,,,,Laboratory Method,Disk diffusion,
562.42635,Escherichia coli strain 108,562,gentamicin,susceptible,Susceptible,,,,,Laboratory Method,Disk diffusion,
562.42686,Escherichia coli strain 24,562,gentamicin,resistant,Resistant,16,16.0,mg/L,>,Laboratory Method,Broth dilution,
562.48345,Escherichia coli 590,562,gentamicin,susceptible,Susceptible,=1,1.0,mg/L,=,Laboratory Method,,
562.48346,Escherichia coli 290,562,gentamicin,susceptible,Susceptible,=1,1.0,mg/L,=,Laboratory Method,,
562.48348,Escherichia coli 292,562,gentamicin,susceptible,Susceptible,=0.5,0.5,mg/L,=,Laboratory Method,,
562.48349,Escherichia coli 291,562,gentamicin,susceptible,Susceptible,=1,1.0,mg/L,=,Laboratory Method,,
562.58704,Escherichia coli strain 14037824,562,gentamicin,resistant,Resistant,32,32.0,mg/L,,Laboratory Method,Broth dilution,
562.58705,Escherichia coli strain 14040376,562,gentamicin,susceptible,Susceptible,1,1.0,mg/L,,Laboratory Method,Broth dilution,
562.58709,Escherichia coli strain 14045775,562,gentamicin,susceptible,Susceptible,0.5,0.5,mg/L,,Laboratory Method,Broth dilution,
562.58711,Escherichia coli strain 14063820,562,gentamicin,susceptible,Susceptible,0.5,0.5,mg/L,,Laboratory Method,Broth dilution,
562.58712,Escherichia coli strain 14053473,562,gentamicin,susceptible,Susceptible,0.5,0.5,mg/L,,Laboratory Method,Broth dilution,
562.58714,Escherichia coli strain 14047606,562,gentamicin,susceptible,Susceptible,0.5,0.5,mg/L,,Laboratory Method,Broth dilution,
562.58715,Escherichia coli strain 14050800,562,gentamicin,susceptible,Susceptible,0.5,0.5,mg/L,,Laboratory Method,Broth dilution,
562.58716,Escherichia coli strain 14057877,562,gentamicin,susceptible,Susceptible,2,2.0,mg/L,,Laboratory Method,Broth dilution,
562.58718,Escherichia coli strain 14062120,562,gentamicin,resistant,Resistant,64,64.0,mg/L,,Laboratory Method,Broth dilution,
562.58719,Escherichia coli strain 14062104,562,gentamicin,susceptible,Susceptible,0.5,0.5,mg/L,,Laboratory Method,Broth dilution,
562.58721,Escherichia coli strain 14066715,562,gentamicin,resistant,Resistant,64,64.0,mg/L,,Laboratory Method,Broth dilution,
562.58723,Escherichia coli strain 14069546,562,gentamicin,susceptible,Susceptible,2,2.0,mg/L,,Laboratory Method,Broth dilution,
562.58724,Escherichia coli strain 15038100,562,gentamicin,resistant,Resistant,32,32.0,mg/L,,Laboratory Method,Broth dilution,
562.58725,Escherichia coli strain 14091902,562,gentamicin,resistant,Resistant,64,64.0,mg/L,,Laboratory Method,Broth dilution,
562.58726,Escherichia coli strain 14085180,562,gentamicin,susceptible,Susceptible,0.5,0.5,mg/L,,Laboratory Method,Broth dilution,
562.58727,Escherichia coli strain 14083136,562,gentamicin,resistant,Resistant,4,4.0,mg/L,,Laboratory Method,Broth dilution,
562.58728,Escherichia coli strain 14087995,562,gentamicin,susceptible,Susceptible,1,1.0,mg/L,,Laboratory Method,Broth dilution,
562.58729,Escherichia coli strain 14073256,562,gentamicin,resistant,Resistant,32,32.0,mg/L,,Laboratory Method,Broth dilution,
562.58731,Escherichia coli strain 14072934,562,gentamicin,susceptible,Susceptible,0.5,0.5,mg/L,,Laboratory Method,Broth dilution,
562.58732,Escherichia coli strain 15051805,562,gentamicin,resistant,Resistant,32,32.0,mg/L,,Laboratory Method,Broth dilution,
562.58733,Escherichia coli strain 15050011,562,gentamicin,resistant,Resistant,64,64.0,mg/L,,Laboratory Method,Broth dilution,
562.58734,Escherichia coli strain 15054212,562,gentamicin,resistant,Resistant,32,32.0,mg/L,,Laboratory Method,Broth dilution,
562.58735,Escherichia coli strain 15056393,562,gentamicin,resistant,Resistant,64,64.0,mg/L,,Laboratory Method,Broth dilution,
562.58736,Escherichia coli strain 15062645,562,gentamicin,resistant,Resistant,64,64.0,mg/L,,Laboratory Method,Broth dilution,
562.58741,Escherichia coli strain 101,562,gentamicin,susceptible,Susceptible,,,,,Laboratory Method,Disk diffusion,
562.58742,Escherichia coli strain 102,562,gentamicin,susceptible,Susceptible,,,,,Laboratory Method,Disk diffusion,
562.58743,Escherichia coli strain 103,562,gentamicin,susceptible,Susceptible,,,,,Laboratory Method,Disk diffusion,
562.58745,Escherichia coli strain 105,562,gentamicin,susceptible,Susceptible,,,,,Laboratory Method,Disk diffusion,
562.58748,Escherichia coli strain 112,562,gentamicin,resistant,Resistant,,,,,Laboratory Method,Disk diffusion,
562.58749,Escherichia coli strain 111,562,gentamicin,susceptible,Susceptible,,,,,Laboratory Method,Disk diffusion,
562.58751,Escherichia coli strain 106,562,gentamicin,susceptible,Susceptible,,,,,Laboratory Method,Disk diffusion,
562.58752,Escherichia coli strain 107,562,gentamicin,susceptible,Susceptible,,,,,Laboratory Method,Disk diffusion,
562.58754,Escherichia coli strain 118,562,gentamicin,susceptible,Susceptible,,,,,Laboratory Method,Disk diffusion,
562.58755,Escherichia coli strain 117,562,gentamicin,susceptible,Susceptible,,,,,Laboratory Method,Disk diffusion,
562.58757,Escherichia coli strain 114,562,gentamicin,susceptible,Susceptible,,,,,Laboratory Method,Disk diffusion,
562.58758,Escherichia coli strain 115,562,gentamicin,susceptible,Susceptible,,,,,Laboratory Method,Disk diffusion,
562.58761,Escherichia coli strain 201,562,gentamicin,resistant,Resistant,,,,,Laboratory Method,Disk diffusion,
562.58762,Escherichia coli strain 121,562,gentamicin,susceptible,Susceptible,,,,,Laboratory Method,Disk diffusion,
562.58763,Escherichia coli strain 202,562,gentamicin,resistant,Resistant,,,,,Laboratory Method,Disk diffusion,
562.58766,Escherichia coli strain 203,562,gentamicin,resistant,Resistant,,,,,Laboratory Method,Disk diffusion,
562.58767,Escherichia coli strain 204,562,gentamicin,susceptible,Susceptible,,,,,Laboratory Method,Disk diffusion,
562.65781,Escherichia coli strain CFS0344,562,gentamicin,resistant,Resistant,,,,,Laboratory Method,,
562.65783,Escherichia coli strain CFS0348,562,gentamicin,resistant,Resistant,,,,,Laboratory Method,,
562.65784,Escherichia coli strain CFS0349,562,gentamicin,susceptible,Susceptible,,,,,Laboratory Method,,
562.65785,Escherichia coli strain CFS0345,562,gentamicin,resistant,Resistant,,,,,Laboratory Method,,
562.65786,Escherichia coli strain CFS0347,562,gentamicin,resistant,Resistant,,,,,Laboratory Method,,
562.65787,Escherichia coli strain CFS0354,562,gentamicin,susceptible,Susceptible,,,,,Laboratory Method,,
562.65788,Escherichia coli strain CFS0359,562,gentamicin,susceptible,Susceptible,,,,,Laboratory Method,,
562.65789,Escherichia coli strain CFS0355,562,gentamicin,resistant,Resistant,,,,,Laboratory Method,,
562.65791,Escherichia coli strain CFS0360,562,gentamicin,susceptible,Susceptible,,,,,Laboratory Method,,
562.65796,Escherichia coli strain 123074,562,gentamicin,resistant,Resistant,,,,,Laboratory Method,,
562.65798,Escherichia coli strain E003488,562,gentamicin,susceptible,Susceptible,,,,,Laboratory Method,,
562.65799,Escherichia coli strain E006910,562,gentamicin,susceptible,Susceptible,,,,,Laboratory Method,,
562.65801,Escherichia coli strain R37,562,gentamicin,susceptible,Susceptible,,,,,Laboratory Method,,
562.65802,Escherichia coli strain R61a,562,gentamicin,resistant,Resistant,,,,,Laboratory Method,,
562.65803,Escherichia coli strain R107,562,gentamicin,susceptible,Susceptible,,,,,Laboratory Method,,
562.65804,Escherichia coli strain R208,562,gentamicin,susceptible,Susceptible,,,,,Laboratory Method,,
562.65805,Escherichia coli strain R299,562,gentamicin,resistant,Resistant,,,,,Laboratory Method,,
562.65806,Escherichia coli strain R392,562,gentamicin,resistant,Resistant,,,,,Laboratory Method,,
562.65807,Escherichia coli strain R423,562,gentamicin,resistant,Resistant,,,,,Laboratory Method,,
562.65808,Escherichia coli strain R432,562,gentamicin,resistant,Resistant,,,,,Laboratory Method,,
562.65809,Escherichia coli strain RS119,562,gentamicin,resistant,Resistant,,,,,Laboratory Method,,
562.65811,Escherichia coli strain RS254,562,gentamicin,resistant,Resistant,,,,,Laboratory Method,,
562.65812,Escherichia coli strain RS288,562,gentamicin,resistant,Resistant,,,,,Laboratory Method,,
562.65813,Escherichia coli strain RS333,562,gentamicin,susceptible,Susceptible,,,,,Laboratory Method,,
562.65814,Escherichia coli strain V139,562,gentamicin,susceptible,Susceptible,,,,,Laboratory Method,,
562.65815,Escherichia coli strain RS334,562,gentamicin,resistant,Resistant,,,,,Laboratory Method,,
562.65816,Escherichia coli strain V210,562,gentamicin,resistant,Resistant,,,,,Laboratory Method,,
562.65817,Escherichia coli strain V177,562,gentamicin,susceptible,Susceptible,,,,,Laboratory Method,,
562.65818,Escherichia coli strain RS371,562,gentamicin,resistant,Resistant,,,,,Laboratory Method,,
562.65819,Escherichia coli strain V161,562,gentamicin,susceptible,Susceptible,,,,,Laboratory Method,,
