genome_id,antibiotic,target_status,target_present,matched_target_markers,molecular_targets,target_confidence,target_source_count,target_gate_reason
1438684.3,cefotaxime,present,True,product:d-alanyl-d-alanine carboxypeptidase; product:penicillin-binding protein,penicillin-binding proteins,curated_class_level,2,matched configured target marker
1438684.3,chloramphenicol,present,True,product:23s rrna; product:50s ribosomal protein; product:large subunit ribosomal rna; product:lsu rrna,"50S ribosomal subunit, 23S rRNA peptidyl-transferase center",curated_class_level,2,matched configured target marker
1438684.3,gentamicin,present,True,product:16s rrna; product:ribosomal protein s12; product:small subunit ribosomal rna; product:ssu rrna,"30S ribosomal subunit, 16S rRNA A-site",curated_class_level,1,matched configured target marker
1438684.3,ampicillin,present,True,product:d-alanyl-d-alanine carboxypeptidase; product:penicillin-binding protein,penicillin-binding proteins,curated_class_level,2,matched configured target marker
1438684.3,amoxicillin,present,True,product:d-alanyl-d-alanine carboxypeptidase; product:penicillin-binding protein,penicillin-binding proteins,curated_class_level,2,matched configured target marker
1438684.3,ceftazidime,present,True,product:d-alanyl-d-alanine carboxypeptidase; product:penicillin-binding protein,penicillin-binding proteins,curated_class_level,2,matched configured target marker
1438685.3,cefotaxime,present,True,product:d-alanyl-d-alanine carboxypeptidase; product:penicillin-binding protein,penicillin-binding proteins,curated_class_level,2,matched configured target marker
1438685.3,chloramphenicol,present,True,product:23s rrna; product:50s ribosomal protein; product:large subunit ribosomal rna; product:lsu rrna,"50S ribosomal subunit, 23S rRNA peptidyl-transferase center",curated_class_level,2,matched configured target marker
1438685.3,gentamicin,present,True,product:16s rrna; product:ribosomal protein s12; product:small subunit ribosomal rna; product:ssu rrna,"30S ribosomal subunit, 16S rRNA A-site",curated_class_level,1,matched configured target marker
1438685.3,ampicillin,present,True,product:d-alanyl-d-alanine carboxypeptidase; product:penicillin-binding protein,penicillin-binding proteins,curated_class_level,2,matched configured target marker
1438685.3,amoxicillin,present,True,product:d-alanyl-d-alanine carboxypeptidase; product:penicillin-binding protein,penicillin-binding proteins,curated_class_level,2,matched configured target marker
1438685.3,ceftazidime,present,True,product:d-alanyl-d-alanine carboxypeptidase; product:penicillin-binding protein,penicillin-binding proteins,curated_class_level,2,matched configured target marker
1438686.3,cefotaxime,present,True,product:d-alanyl-d-alanine carboxypeptidase; product:penicillin-binding protein,penicillin-binding proteins,curated_class_level,2,matched configured target marker
1438686.3,chloramphenicol,present,True,product:23s rrna; product:50s ribosomal protein; product:large subunit ribosomal rna; product:lsu rrna,"50S ribosomal subunit, 23S rRNA peptidyl-transferase center",curated_class_level,2,matched configured target marker
1438686.3,gentamicin,present,True,product:16s rrna; product:ribosomal protein s12; product:small subunit ribosomal rna; product:ssu rrna,"30S ribosomal subunit, 16S rRNA A-site",curated_class_level,1,matched configured target marker
1438686.3,ampicillin,present,True,product:d-alanyl-d-alanine carboxypeptidase; product:penicillin-binding protein,penicillin-binding proteins,curated_class_level,2,matched configured target marker
1438686.3,amoxicillin,present,True,product:d-alanyl-d-alanine carboxypeptidase; product:penicillin-binding protein,penicillin-binding proteins,curated_class_level,2,matched configured target marker
1438686.3,ceftazidime,present,True,product:d-alanyl-d-alanine carboxypeptidase; product:penicillin-binding protein,penicillin-binding proteins,curated_class_level,2,matched configured target marker
1328432.3,cefotaxime,present,True,product:d-alanyl-d-alanine carboxypeptidase; product:penicillin-binding protein,penicillin-binding proteins,curated_class_level,2,matched configured target marker
1328432.3,chloramphenicol,present,True,product:23s rrna; product:50s ribosomal protein; product:large subunit ribosomal rna; product:lsu rrna,"50S ribosomal subunit, 23S rRNA peptidyl-transferase center",curated_class_level,2,matched configured target marker
1328432.3,gentamicin,present,True,product:16s rrna; product:ribosomal protein s12; product:small subunit ribosomal rna; product:ssu rrna,"30S ribosomal subunit, 16S rRNA A-site",curated_class_level,1,matched configured target marker
1328432.3,ampicillin,present,True,product:d-alanyl-d-alanine carboxypeptidase; product:penicillin-binding protein,penicillin-binding proteins,curated_class_level,2,matched configured target marker
1328432.3,amoxicillin,present,True,product:d-alanyl-d-alanine carboxypeptidase; product:penicillin-binding protein,penicillin-binding proteins,curated_class_level,2,matched configured target marker
1328432.3,ceftazidime,present,True,product:d-alanyl-d-alanine carboxypeptidase; product:penicillin-binding protein,penicillin-binding proteins,curated_class_level,2,matched configured target marker
1328433.3,cefotaxime,present,True,product:d-alanyl-d-alanine carboxypeptidase; product:penicillin-binding protein,penicillin-binding proteins,curated_class_level,2,matched configured target marker
1328433.3,chloramphenicol,present,True,product:23s rrna; product:50s ribosomal protein; product:large subunit ribosomal rna; product:lsu rrna,"50S ribosomal subunit, 23S rRNA peptidyl-transferase center",curated_class_level,2,matched configured target marker
1328433.3,gentamicin,present,True,product:16s rrna; product:ribosomal protein s12; product:small subunit ribosomal rna; product:ssu rrna,"30S ribosomal subunit, 16S rRNA A-site",curated_class_level,1,matched configured target marker
1328433.3,ampicillin,present,True,product:d-alanyl-d-alanine carboxypeptidase; product:penicillin-binding protein,penicillin-binding proteins,curated_class_level,2,matched configured target marker
1328433.3,amoxicillin,present,True,product:d-alanyl-d-alanine carboxypeptidase; product:penicillin-binding protein,penicillin-binding proteins,curated_class_level,2,matched configured target marker
1328433.3,ceftazidime,present,True,product:d-alanyl-d-alanine carboxypeptidase; product:penicillin-binding protein,penicillin-binding proteins,curated_class_level,2,matched configured target marker
1328434.3,cefotaxime,present,True,product:d-alanyl-d-alanine carboxypeptidase; product:penicillin-binding protein,penicillin-binding proteins,curated_class_level,2,matched configured target marker
1328434.3,chloramphenicol,present,True,product:23s rrna; product:50s ribosomal protein; product:large subunit ribosomal rna; product:lsu rrna,"50S ribosomal subunit, 23S rRNA peptidyl-transferase center",curated_class_level,2,matched configured target marker
1328434.3,gentamicin,present,True,product:16s rrna; product:ribosomal protein s12; product:small subunit ribosomal rna; product:ssu rrna,"30S ribosomal subunit, 16S rRNA A-site",curated_class_level,1,matched configured target marker
1328434.3,ampicillin,present,True,product:d-alanyl-d-alanine carboxypeptidase; product:penicillin-binding protein,penicillin-binding proteins,curated_class_level,2,matched configured target marker
1328434.3,amoxicillin,present,True,product:d-alanyl-d-alanine carboxypeptidase; product:penicillin-binding protein,penicillin-binding proteins,curated_class_level,2,matched configured target marker
1328434.3,ceftazidime,present,True,product:d-alanyl-d-alanine carboxypeptidase; product:penicillin-binding protein,penicillin-binding proteins,curated_class_level,2,matched configured target marker
562.17359,cefotaxime,present,True,gene:daca; gene:dacb; gene:ftsi; gene:mrca; gene:mrcb; gene:mrda; product:d-alanyl-d-alanine carboxypeptidase; product:penicillin-binding protein,penicillin-binding proteins,curated_class_level,2,matched configured target marker
562.17359,chloramphenicol,present,True,product:23s rrna; product:50s ribosomal protein; product:lsu rrna,"50S ribosomal subunit, 23S rRNA peptidyl-transferase center",curated_class_level,2,matched configured target marker
562.17359,gentamicin,present,True,gene:rpsl; product:16s rrna; product:ribosomal protein s12; product:ssu rrna,"30S ribosomal subunit, 16S rRNA A-site",curated_class_level,1,matched configured target marker
562.17359,ampicillin,present,True,gene:daca; gene:dacb; gene:ftsi; gene:mrca; gene:mrcb; gene:mrda; product:d-alanyl-d-alanine carboxypeptidase; product:penicillin-binding protein,penicillin-binding proteins,curated_class_level,2,matched configured target marker
562.17359,amoxicillin,present,True,gene:daca; gene:dacb; gene:ftsi; gene:mrca; gene:mrcb; gene:mrda; product:d-alanyl-d-alanine carboxypeptidase; product:penicillin-binding protein,penicillin-binding proteins,curated_class_level,2,matched configured target marker
562.17359,ceftazidime,present,True,gene:daca; gene:dacb; gene:ftsi; gene:mrca; gene:mrcb; gene:mrda; product:d-alanyl-d-alanine carboxypeptidase; product:penicillin-binding protein,penicillin-binding proteins,curated_class_level,2,matched configured target marker
562.19151,cefotaxime,present,True,gene:mrcb; product:d-alanyl-d-alanine carboxypeptidase; product:penicillin-binding protein,penicillin-binding proteins,curated_class_level,2,matched configured target marker
562.19151,chloramphenicol,present,True,product:23s rrna; product:50s ribosomal protein; product:lsu rrna,"50S ribosomal subunit, 23S rRNA peptidyl-transferase center",curated_class_level,2,matched configured target marker
562.19151,gentamicin,present,True,product:16s rrna; product:ribosomal protein s12; product:small subunit ribosomal rna; product:ssu rrna,"30S ribosomal subunit, 16S rRNA A-site",curated_class_level,1,matched configured target marker
562.19151,ampicillin,present,True,gene:mrcb; product:d-alanyl-d-alanine carboxypeptidase; product:penicillin-binding protein,penicillin-binding proteins,curated_class_level,2,matched configured target marker
562.19151,amoxicillin,present,True,gene:mrcb; product:d-alanyl-d-alanine carboxypeptidase; product:penicillin-binding protein,penicillin-binding proteins,curated_class_level,2,matched configured target marker
562.19151,ceftazidime,present,True,gene:mrcb; product:d-alanyl-d-alanine carboxypeptidase; product:penicillin-binding protein,penicillin-binding proteins,curated_class_level,2,matched configured target marker
562.42635,cefotaxime,present,True,product:d-alanyl-d-alanine carboxypeptidase; product:penicillin-binding protein,penicillin-binding proteins,curated_class_level,2,matched configured target marker
562.42635,chloramphenicol,present,True,product:23s rrna; product:large subunit ribosomal rna; product:lsu rrna,"50S ribosomal subunit, 23S rRNA peptidyl-transferase center",curated_class_level,2,matched configured target marker
562.42635,gentamicin,present,True,product:16s rrna; product:ribosomal protein s12; product:small subunit ribosomal rna; product:ssu rrna,"30S ribosomal subunit, 16S rRNA A-site",curated_class_level,1,matched configured target marker
562.42635,ampicillin,present,True,product:d-alanyl-d-alanine carboxypeptidase; product:penicillin-binding protein,penicillin-binding proteins,curated_class_level,2,matched configured target marker
562.42635,amoxicillin,present,True,product:d-alanyl-d-alanine carboxypeptidase; product:penicillin-binding protein,penicillin-binding proteins,curated_class_level,2,matched configured target marker
562.42635,ceftazidime,present,True,product:d-alanyl-d-alanine carboxypeptidase; product:penicillin-binding protein,penicillin-binding proteins,curated_class_level,2,matched configured target marker
562.42686,cefotaxime,present,True,product:d-alanyl-d-alanine carboxypeptidase; product:penicillin-binding protein,penicillin-binding proteins,curated_class_level,2,matched configured target marker
562.42686,chloramphenicol,present,True,product:23s rrna; product:large subunit ribosomal rna; product:lsu rrna,"50S ribosomal subunit, 23S rRNA peptidyl-transferase center",curated_class_level,2,matched configured target marker
562.42686,gentamicin,present,True,product:16s rrna; product:ribosomal protein s12; product:small subunit ribosomal rna; product:ssu rrna,"30S ribosomal subunit, 16S rRNA A-site",curated_class_level,1,matched configured target marker
562.42686,ampicillin,present,True,product:d-alanyl-d-alanine carboxypeptidase; product:penicillin-binding protein,penicillin-binding proteins,curated_class_level,2,matched configured target marker
562.42686,amoxicillin,present,True,product:d-alanyl-d-alanine carboxypeptidase; product:penicillin-binding protein,penicillin-binding proteins,curated_class_level,2,matched configured target marker
562.42686,ceftazidime,present,True,product:d-alanyl-d-alanine carboxypeptidase; product:penicillin-binding protein,penicillin-binding proteins,curated_class_level,2,matched configured target marker
562.48345,cefotaxime,present,True,product:d-alanyl-d-alanine carboxypeptidase; product:penicillin-binding protein,penicillin-binding proteins,curated_class_level,2,matched configured target marker
562.48345,chloramphenicol,present,True,product:23s rrna; product:large subunit ribosomal rna; product:lsu rrna,"50S ribosomal subunit, 23S rRNA peptidyl-transferase center",curated_class_level,2,matched configured target marker
562.48345,gentamicin,present,True,product:16s rrna; product:ribosomal protein s12; product:small subunit ribosomal rna; product:ssu rrna,"30S ribosomal subunit, 16S rRNA A-site",curated_class_level,1,matched configured target marker
562.48345,ampicillin,present,True,product:d-alanyl-d-alanine carboxypeptidase; product:penicillin-binding protein,penicillin-binding proteins,curated_class_level,2,matched configured target marker
562.48345,amoxicillin,present,True,product:d-alanyl-d-alanine carboxypeptidase; product:penicillin-binding protein,penicillin-binding proteins,curated_class_level,2,matched configured target marker
562.48345,ceftazidime,present,True,product:d-alanyl-d-alanine carboxypeptidase; product:penicillin-binding protein,penicillin-binding proteins,curated_class_level,2,matched configured target marker
562.48346,cefotaxime,present,True,product:d-alanyl-d-alanine carboxypeptidase; product:penicillin-binding protein,penicillin-binding proteins,curated_class_level,2,matched configured target marker
562.48346,chloramphenicol,present,True,product:23s rrna; product:large subunit ribosomal rna; product:lsu rrna,"50S ribosomal subunit, 23S rRNA peptidyl-transferase center",curated_class_level,2,matched configured target marker
562.48346,gentamicin,present,True,product:16s rrna; product:ribosomal protein s12; product:small subunit ribosomal rna; product:ssu rrna,"30S ribosomal subunit, 16S rRNA A-site",curated_class_level,1,matched configured target marker
562.48346,ampicillin,present,True,product:d-alanyl-d-alanine carboxypeptidase; product:penicillin-binding protein,penicillin-binding proteins,curated_class_level,2,matched configured target marker
562.48346,amoxicillin,present,True,product:d-alanyl-d-alanine carboxypeptidase; product:penicillin-binding protein,penicillin-binding proteins,curated_class_level,2,matched configured target marker
562.48346,ceftazidime,present,True,product:d-alanyl-d-alanine carboxypeptidase; product:penicillin-binding protein,penicillin-binding proteins,curated_class_level,2,matched configured target marker
562.48348,cefotaxime,present,True,product:d-alanyl-d-alanine carboxypeptidase; product:penicillin-binding protein,penicillin-binding proteins,curated_class_level,2,matched configured target marker
562.48348,chloramphenicol,present,True,product:23s rrna; product:large subunit ribosomal rna; product:lsu rrna,"50S ribosomal subunit, 23S rRNA peptidyl-transferase center",curated_class_level,2,matched configured target marker
562.48348,gentamicin,present,True,product:16s rrna; product:ribosomal protein s12; product:small subunit ribosomal rna; product:ssu rrna,"30S ribosomal subunit, 16S rRNA A-site",curated_class_level,1,matched configured target marker
562.48348,ampicillin,present,True,product:d-alanyl-d-alanine carboxypeptidase; product:penicillin-binding protein,penicillin-binding proteins,curated_class_level,2,matched configured target marker
562.48348,amoxicillin,present,True,product:d-alanyl-d-alanine carboxypeptidase; product:penicillin-binding protein,penicillin-binding proteins,curated_class_level,2,matched configured target marker
562.48348,ceftazidime,present,True,product:d-alanyl-d-alanine carboxypeptidase; product:penicillin-binding protein,penicillin-binding proteins,curated_class_level,2,matched configured target marker
562.48349,cefotaxime,present,True,product:d-alanyl-d-alanine carboxypeptidase; product:penicillin-binding protein,penicillin-binding proteins,curated_class_level,2,matched configured target marker
562.48349,chloramphenicol,present,True,product:23s rrna; product:large subunit ribosomal rna; product:lsu rrna,"50S ribosomal subunit, 23S rRNA peptidyl-transferase center",curated_class_level,2,matched configured target marker
562.48349,gentamicin,present,True,product:16s rrna; product:ribosomal protein s12; product:small subunit ribosomal rna; product:ssu rrna,"30S ribosomal subunit, 16S rRNA A-site",curated_class_level,1,matched configured target marker
562.48349,ampicillin,present,True,product:d-alanyl-d-alanine carboxypeptidase; product:penicillin-binding protein,penicillin-binding proteins,curated_class_level,2,matched configured target marker
562.48349,amoxicillin,present,True,product:d-alanyl-d-alanine carboxypeptidase; product:penicillin-binding protein,penicillin-binding proteins,curated_class_level,2,matched configured target marker
562.48349,ceftazidime,present,True,product:d-alanyl-d-alanine carboxypeptidase; product:penicillin-binding protein,penicillin-binding proteins,curated_class_level,2,matched configured target marker
562.58704,cefotaxime,present,True,product:d-alanyl-d-alanine carboxypeptidase; product:penicillin-binding protein,penicillin-binding proteins,curated_class_level,2,matched configured target marker
562.58704,chloramphenicol,present,True,product:23s rrna; product:large subunit ribosomal rna; product:lsu rrna,"50S ribosomal subunit, 23S rRNA peptidyl-transferase center",curated_class_level,2,matched configured target marker
562.58704,gentamicin,present,True,product:16s rrna; product:ribosomal protein s12; product:small subunit ribosomal rna; product:ssu rrna,"30S ribosomal subunit, 16S rRNA A-site",curated_class_level,1,matched configured target marker
562.58704,ampicillin,present,True,product:d-alanyl-d-alanine carboxypeptidase; product:penicillin-binding protein,penicillin-binding proteins,curated_class_level,2,matched configured target marker
562.58704,amoxicillin,present,True,product:d-alanyl-d-alanine carboxypeptidase; product:penicillin-binding protein,penicillin-binding proteins,curated_class_level,2,matched configured target marker
562.58704,ceftazidime,present,True,product:d-alanyl-d-alanine carboxypeptidase; product:penicillin-binding protein,penicillin-binding proteins,curated_class_level,2,matched configured target marker
562.58705,cefotaxime,present,True,product:d-alanyl-d-alanine carboxypeptidase; product:penicillin-binding protein,penicillin-binding proteins,curated_class_level,2,matched configured target marker
562.58705,chloramphenicol,present,True,product:23s rrna; product:large subunit ribosomal rna; product:lsu rrna,"50S ribosomal subunit, 23S rRNA peptidyl-transferase center",curated_class_level,2,matched configured target marker
562.58705,gentamicin,present,True,product:16s rrna; product:ribosomal protein s12; product:small subunit ribosomal rna; product:ssu rrna,"30S ribosomal subunit, 16S rRNA A-site",curated_class_level,1,matched configured target marker
562.58705,ampicillin,present,True,product:d-alanyl-d-alanine carboxypeptidase; product:penicillin-binding protein,penicillin-binding proteins,curated_class_level,2,matched configured target marker
562.58705,amoxicillin,present,True,product:d-alanyl-d-alanine carboxypeptidase; product:penicillin-binding protein,penicillin-binding proteins,curated_class_level,2,matched configured target marker
562.58705,ceftazidime,present,True,product:d-alanyl-d-alanine carboxypeptidase; product:penicillin-binding protein,penicillin-binding proteins,curated_class_level,2,matched configured target marker
562.58706,cefotaxime,present,True,product:d-alanyl-d-alanine carboxypeptidase; product:penicillin-binding protein,penicillin-binding proteins,curated_class_level,2,matched configured target marker
562.58706,chloramphenicol,present,True,product:23s rrna; product:large subunit ribosomal rna; product:lsu rrna,"50S ribosomal subunit, 23S rRNA peptidyl-transferase center",curated_class_level,2,matched configured target marker
562.58706,gentamicin,present,True,product:16s rrna; product:ribosomal protein s12; product:small subunit ribosomal rna; product:ssu rrna,"30S ribosomal subunit, 16S rRNA A-site",curated_class_level,1,matched configured target marker
562.58706,ampicillin,present,True,product:d-alanyl-d-alanine carboxypeptidase; product:penicillin-binding protein,penicillin-binding proteins,curated_class_level,2,matched configured target marker
562.58706,amoxicillin,present,True,product:d-alanyl-d-alanine carboxypeptidase; product:penicillin-binding protein,penicillin-binding proteins,curated_class_level,2,matched configured target marker
562.58706,ceftazidime,present,True,product:d-alanyl-d-alanine carboxypeptidase; product:penicillin-binding protein,penicillin-binding proteins,curated_class_level,2,matched configured target marker
562.58707,cefotaxime,present,True,product:d-alanyl-d-alanine carboxypeptidase; product:penicillin-binding protein,penicillin-binding proteins,curated_class_level,2,matched configured target marker
562.58707,chloramphenicol,present,True,product:23s rrna; product:large subunit ribosomal rna; product:lsu rrna,"50S ribosomal subunit, 23S rRNA peptidyl-transferase center",curated_class_level,2,matched configured target marker
562.58707,gentamicin,present,True,product:16s rrna; product:ribosomal protein s12; product:small subunit ribosomal rna; product:ssu rrna,"30S ribosomal subunit, 16S rRNA A-site",curated_class_level,1,matched configured target marker
562.58707,ampicillin,present,True,product:d-alanyl-d-alanine carboxypeptidase; product:penicillin-binding protein,penicillin-binding proteins,curated_class_level,2,matched configured target marker
562.58707,amoxicillin,present,True,product:d-alanyl-d-alanine carboxypeptidase; product:penicillin-binding protein,penicillin-binding proteins,curated_class_level,2,matched configured target marker
562.58707,ceftazidime,present,True,product:d-alanyl-d-alanine carboxypeptidase; product:penicillin-binding protein,penicillin-binding proteins,curated_class_level,2,matched configured target marker
562.58709,cefotaxime,present,True,product:d-alanyl-d-alanine carboxypeptidase; product:penicillin-binding protein,penicillin-binding proteins,curated_class_level,2,matched configured target marker
562.58709,chloramphenicol,present,True,product:23s rrna; product:large subunit ribosomal rna; product:lsu rrna,"50S ribosomal subunit, 23S rRNA peptidyl-transferase center",curated_class_level,2,matched configured target marker
562.58709,gentamicin,present,True,product:16s rrna; product:ribosomal protein s12; product:small subunit ribosomal rna; product:ssu rrna,"30S ribosomal subunit, 16S rRNA A-site",curated_class_level,1,matched configured target marker
562.58709,ampicillin,present,True,product:d-alanyl-d-alanine carboxypeptidase; product:penicillin-binding protein,penicillin-binding proteins,curated_class_level,2,matched configured target marker
562.58709,amoxicillin,present,True,product:d-alanyl-d-alanine carboxypeptidase; product:penicillin-binding protein,penicillin-binding proteins,curated_class_level,2,matched configured target marker
562.58709,ceftazidime,present,True,product:d-alanyl-d-alanine carboxypeptidase; product:penicillin-binding protein,penicillin-binding proteins,curated_class_level,2,matched configured target marker
562.58711,cefotaxime,present,True,product:d-alanyl-d-alanine carboxypeptidase; product:penicillin-binding protein,penicillin-binding proteins,curated_class_level,2,matched configured target marker
562.58711,chloramphenicol,present,True,product:23s rrna; product:large subunit ribosomal rna; product:lsu rrna,"50S ribosomal subunit, 23S rRNA peptidyl-transferase center",curated_class_level,2,matched configured target marker
562.58711,gentamicin,present,True,product:16s rrna; product:ribosomal protein s12; product:small subunit ribosomal rna; product:ssu rrna,"30S ribosomal subunit, 16S rRNA A-site",curated_class_level,1,matched configured target marker
562.58711,ampicillin,present,True,product:d-alanyl-d-alanine carboxypeptidase; product:penicillin-binding protein,penicillin-binding proteins,curated_class_level,2,matched configured target marker
562.58711,amoxicillin,present,True,product:d-alanyl-d-alanine carboxypeptidase; product:penicillin-binding protein,penicillin-binding proteins,curated_class_level,2,matched configured target marker
562.58711,ceftazidime,present,True,product:d-alanyl-d-alanine carboxypeptidase; product:penicillin-binding protein,penicillin-binding proteins,curated_class_level,2,matched configured target marker
562.58712,cefotaxime,present,True,product:d-alanyl-d-alanine carboxypeptidase; product:penicillin-binding protein,penicillin-binding proteins,curated_class_level,2,matched configured target marker
562.58712,chloramphenicol,present,True,product:23s rrna; product:large subunit ribosomal rna; product:lsu rrna,"50S ribosomal subunit, 23S rRNA peptidyl-transferase center",curated_class_level,2,matched configured target marker
562.58712,gentamicin,present,True,product:16s rrna; product:ribosomal protein s12; product:small subunit ribosomal rna; product:ssu rrna,"30S ribosomal subunit, 16S rRNA A-site",curated_class_level,1,matched configured target marker
562.58712,ampicillin,present,True,product:d-alanyl-d-alanine carboxypeptidase; product:penicillin-binding protein,penicillin-binding proteins,curated_class_level,2,matched configured target marker
562.58712,amoxicillin,present,True,product:d-alanyl-d-alanine carboxypeptidase; product:penicillin-binding protein,penicillin-binding proteins,curated_class_level,2,matched configured target marker
562.58712,ceftazidime,present,True,product:d-alanyl-d-alanine carboxypeptidase; product:penicillin-binding protein,penicillin-binding proteins,curated_class_level,2,matched configured target marker
562.58713,cefotaxime,present,True,product:d-alanyl-d-alanine carboxypeptidase; product:penicillin-binding protein,penicillin-binding proteins,curated_class_level,2,matched configured target marker
562.58713,chloramphenicol,present,True,product:23s rrna; product:large subunit ribosomal rna; product:lsu rrna,"50S ribosomal subunit, 23S rRNA peptidyl-transferase center",curated_class_level,2,matched configured target marker
562.58713,gentamicin,present,True,product:16s rrna; product:ribosomal protein s12; product:small subunit ribosomal rna; product:ssu rrna,"30S ribosomal subunit, 16S rRNA A-site",curated_class_level,1,matched configured target marker
562.58713,ampicillin,present,True,product:d-alanyl-d-alanine carboxypeptidase; product:penicillin-binding protein,penicillin-binding proteins,curated_class_level,2,matched configured target marker
562.58713,amoxicillin,present,True,product:d-alanyl-d-alanine carboxypeptidase; product:penicillin-binding protein,penicillin-binding proteins,curated_class_level,2,matched configured target marker
562.58713,ceftazidime,present,True,product:d-alanyl-d-alanine carboxypeptidase; product:penicillin-binding protein,penicillin-binding proteins,curated_class_level,2,matched configured target marker
562.58714,cefotaxime,present,True,product:d-alanyl-d-alanine carboxypeptidase; product:penicillin-binding protein,penicillin-binding proteins,curated_class_level,2,matched configured target marker
562.58714,chloramphenicol,present,True,product:23s rrna; product:large subunit ribosomal rna; product:lsu rrna,"50S ribosomal subunit, 23S rRNA peptidyl-transferase center",curated_class_level,2,matched configured target marker
562.58714,gentamicin,present,True,product:16s rrna; product:ribosomal protein s12; product:small subunit ribosomal rna; product:ssu rrna,"30S ribosomal subunit, 16S rRNA A-site",curated_class_level,1,matched configured target marker
562.58714,ampicillin,present,True,product:d-alanyl-d-alanine carboxypeptidase; product:penicillin-binding protein,penicillin-binding proteins,curated_class_level,2,matched configured target marker
562.58714,amoxicillin,present,True,product:d-alanyl-d-alanine carboxypeptidase; product:penicillin-binding protein,penicillin-binding proteins,curated_class_level,2,matched configured target marker
562.58714,ceftazidime,present,True,product:d-alanyl-d-alanine carboxypeptidase; product:penicillin-binding protein,penicillin-binding proteins,curated_class_level,2,matched configured target marker
562.58715,cefotaxime,present,True,product:d-alanyl-d-alanine carboxypeptidase; product:penicillin-binding protein,penicillin-binding proteins,curated_class_level,2,matched configured target marker
562.58715,chloramphenicol,present,True,product:23s rrna; product:large subunit ribosomal rna; product:lsu rrna,"50S ribosomal subunit, 23S rRNA peptidyl-transferase center",curated_class_level,2,matched configured target marker
562.58715,gentamicin,present,True,product:16s rrna; product:ribosomal protein s12; product:small subunit ribosomal rna; product:ssu rrna,"30S ribosomal subunit, 16S rRNA A-site",curated_class_level,1,matched configured target marker
562.58715,ampicillin,present,True,product:d-alanyl-d-alanine carboxypeptidase; product:penicillin-binding protein,penicillin-binding proteins,curated_class_level,2,matched configured target marker
562.58715,amoxicillin,present,True,product:d-alanyl-d-alanine carboxypeptidase; product:penicillin-binding protein,penicillin-binding proteins,curated_class_level,2,matched configured target marker
562.58715,ceftazidime,present,True,product:d-alanyl-d-alanine carboxypeptidase; product:penicillin-binding protein,penicillin-binding proteins,curated_class_level,2,matched configured target marker
562.58716,cefotaxime,present,True,product:d-alanyl-d-alanine carboxypeptidase; product:penicillin-binding protein,penicillin-binding proteins,curated_class_level,2,matched configured target marker
562.58716,chloramphenicol,present,True,product:23s rrna; product:large subunit ribosomal rna; product:lsu rrna,"50S ribosomal subunit, 23S rRNA peptidyl-transferase center",curated_class_level,2,matched configured target marker
562.58716,gentamicin,present,True,product:16s rrna; product:ribosomal protein s12; product:small subunit ribosomal rna; product:ssu rrna,"30S ribosomal subunit, 16S rRNA A-site",curated_class_level,1,matched configured target marker
562.58716,ampicillin,present,True,product:d-alanyl-d-alanine carboxypeptidase; product:penicillin-binding protein,penicillin-binding proteins,curated_class_level,2,matched configured target marker
562.58716,amoxicillin,present,True,product:d-alanyl-d-alanine carboxypeptidase; product:penicillin-binding protein,penicillin-binding proteins,curated_class_level,2,matched configured target marker
562.58716,ceftazidime,present,True,product:d-alanyl-d-alanine carboxypeptidase; product:penicillin-binding protein,penicillin-binding proteins,curated_class_level,2,matched configured target marker
562.58717,cefotaxime,present,True,product:d-alanyl-d-alanine carboxypeptidase; product:penicillin-binding protein,penicillin-binding proteins,curated_class_level,2,matched configured target marker
562.58717,chloramphenicol,present,True,product:23s rrna; product:large subunit ribosomal rna; product:lsu rrna,"50S ribosomal subunit, 23S rRNA peptidyl-transferase center",curated_class_level,2,matched configured target marker
562.58717,gentamicin,present,True,product:16s rrna; product:ribosomal protein s12; product:small subunit ribosomal rna; product:ssu rrna,"30S ribosomal subunit, 16S rRNA A-site",curated_class_level,1,matched configured target marker
562.58717,ampicillin,present,True,product:d-alanyl-d-alanine carboxypeptidase; product:penicillin-binding protein,penicillin-binding proteins,curated_class_level,2,matched configured target marker
562.58717,amoxicillin,present,True,product:d-alanyl-d-alanine carboxypeptidase; product:penicillin-binding protein,penicillin-binding proteins,curated_class_level,2,matched configured target marker
562.58717,ceftazidime,present,True,product:d-alanyl-d-alanine carboxypeptidase; product:penicillin-binding protein,penicillin-binding proteins,curated_class_level,2,matched configured target marker
562.58718,cefotaxime,present,True,product:d-alanyl-d-alanine carboxypeptidase; product:penicillin-binding protein,penicillin-binding proteins,curated_class_level,2,matched configured target marker
562.58718,chloramphenicol,present,True,product:23s rrna; product:large subunit ribosomal rna; product:lsu rrna,"50S ribosomal subunit, 23S rRNA peptidyl-transferase center",curated_class_level,2,matched configured target marker
562.58718,gentamicin,present,True,product:16s rrna; product:ribosomal protein s12; product:small subunit ribosomal rna; product:ssu rrna,"30S ribosomal subunit, 16S rRNA A-site",curated_class_level,1,matched configured target marker
562.58718,ampicillin,present,True,product:d-alanyl-d-alanine carboxypeptidase; product:penicillin-binding protein,penicillin-binding proteins,curated_class_level,2,matched configured target marker
562.58718,amoxicillin,present,True,product:d-alanyl-d-alanine carboxypeptidase; product:penicillin-binding protein,penicillin-binding proteins,curated_class_level,2,matched configured target marker
562.58718,ceftazidime,present,True,product:d-alanyl-d-alanine carboxypeptidase; product:penicillin-binding protein,penicillin-binding proteins,curated_class_level,2,matched configured target marker
562.58719,cefotaxime,present,True,product:d-alanyl-d-alanine carboxypeptidase; product:penicillin-binding protein,penicillin-binding proteins,curated_class_level,2,matched configured target marker
562.58719,chloramphenicol,present,True,product:23s rrna; product:large subunit ribosomal rna; product:lsu rrna,"50S ribosomal subunit, 23S rRNA peptidyl-transferase center",curated_class_level,2,matched configured target marker
562.58719,gentamicin,present,True,product:16s rrna; product:ribosomal protein s12; product:small subunit ribosomal rna; product:ssu rrna,"30S ribosomal subunit, 16S rRNA A-site",curated_class_level,1,matched configured target marker
562.58719,ampicillin,present,True,product:d-alanyl-d-alanine carboxypeptidase; product:penicillin-binding protein,penicillin-binding proteins,curated_class_level,2,matched configured target marker
562.58719,amoxicillin,present,True,product:d-alanyl-d-alanine carboxypeptidase; product:penicillin-binding protein,penicillin-binding proteins,curated_class_level,2,matched configured target marker
562.58719,ceftazidime,present,True,product:d-alanyl-d-alanine carboxypeptidase; product:penicillin-binding protein,penicillin-binding proteins,curated_class_level,2,matched configured target marker
562.58721,cefotaxime,present,True,product:d-alanyl-d-alanine carboxypeptidase; product:penicillin-binding protein,penicillin-binding proteins,curated_class_level,2,matched configured target marker
562.58721,chloramphenicol,present,True,product:23s rrna; product:large subunit ribosomal rna; product:lsu rrna,"50S ribosomal subunit, 23S rRNA peptidyl-transferase center",curated_class_level,2,matched configured target marker
562.58721,gentamicin,present,True,product:16s rrna; product:ribosomal protein s12; product:small subunit ribosomal rna; product:ssu rrna,"30S ribosomal subunit, 16S rRNA A-site",curated_class_level,1,matched configured target marker
562.58721,ampicillin,present,True,product:d-alanyl-d-alanine carboxypeptidase; product:penicillin-binding protein,penicillin-binding proteins,curated_class_level,2,matched configured target marker
562.58721,amoxicillin,present,True,product:d-alanyl-d-alanine carboxypeptidase; product:penicillin-binding protein,penicillin-binding proteins,curated_class_level,2,matched configured target marker
562.58721,ceftazidime,present,True,product:d-alanyl-d-alanine carboxypeptidase; product:penicillin-binding protein,penicillin-binding proteins,curated_class_level,2,matched configured target marker
562.58722,cefotaxime,present,True,product:d-alanyl-d-alanine carboxypeptidase; product:penicillin-binding protein,penicillin-binding proteins,curated_class_level,2,matched configured target marker
562.58722,chloramphenicol,present,True,product:23s rrna; product:large subunit ribosomal rna; product:lsu rrna,"50S ribosomal subunit, 23S rRNA peptidyl-transferase center",curated_class_level,2,matched configured target marker
562.58722,gentamicin,present,True,product:16s rrna; product:ribosomal protein s12; product:small subunit ribosomal rna; product:ssu rrna,"30S ribosomal subunit, 16S rRNA A-site",curated_class_level,1,matched configured target marker
562.58722,ampicillin,present,True,product:d-alanyl-d-alanine carboxypeptidase; product:penicillin-binding protein,penicillin-binding proteins,curated_class_level,2,matched configured target marker
562.58722,amoxicillin,present,True,product:d-alanyl-d-alanine carboxypeptidase; product:penicillin-binding protein,penicillin-binding proteins,curated_class_level,2,matched configured target marker
562.58722,ceftazidime,present,True,product:d-alanyl-d-alanine carboxypeptidase; product:penicillin-binding protein,penicillin-binding proteins,curated_class_level,2,matched configured target marker
562.58723,cefotaxime,present,True,product:d-alanyl-d-alanine carboxypeptidase; product:penicillin-binding protein,penicillin-binding proteins,curated_class_level,2,matched configured target marker
562.58723,chloramphenicol,present,True,product:23s rrna; product:large subunit ribosomal rna; product:lsu rrna,"50S ribosomal subunit, 23S rRNA peptidyl-transferase center",curated_class_level,2,matched configured target marker
562.58723,gentamicin,present,True,product:16s rrna; product:ribosomal protein s12; product:small subunit ribosomal rna; product:ssu rrna,"30S ribosomal subunit, 16S rRNA A-site",curated_class_level,1,matched configured target marker
562.58723,ampicillin,present,True,product:d-alanyl-d-alanine carboxypeptidase; product:penicillin-binding protein,penicillin-binding proteins,curated_class_level,2,matched configured target marker
562.58723,amoxicillin,present,True,product:d-alanyl-d-alanine carboxypeptidase; product:penicillin-binding protein,penicillin-binding proteins,curated_class_level,2,matched configured target marker
562.58723,ceftazidime,present,True,product:d-alanyl-d-alanine carboxypeptidase; product:penicillin-binding protein,penicillin-binding proteins,curated_class_level,2,matched configured target marker
562.58724,cefotaxime,present,True,product:d-alanyl-d-alanine carboxypeptidase; product:penicillin-binding protein,penicillin-binding proteins,curated_class_level,2,matched configured target marker
562.58724,chloramphenicol,present,True,product:23s rrna; product:large subunit ribosomal rna; product:lsu rrna,"50S ribosomal subunit, 23S rRNA peptidyl-transferase center",curated_class_level,2,matched configured target marker
562.58724,gentamicin,present,True,product:16s rrna; product:ribosomal protein s12; product:small subunit ribosomal rna; product:ssu rrna,"30S ribosomal subunit, 16S rRNA A-site",curated_class_level,1,matched configured target marker
562.58724,ampicillin,present,True,product:d-alanyl-d-alanine carboxypeptidase; product:penicillin-binding protein,penicillin-binding proteins,curated_class_level,2,matched configured target marker
562.58724,amoxicillin,present,True,product:d-alanyl-d-alanine carboxypeptidase; product:penicillin-binding protein,penicillin-binding proteins,curated_class_level,2,matched configured target marker
562.58724,ceftazidime,present,True,product:d-alanyl-d-alanine carboxypeptidase; product:penicillin-binding protein,penicillin-binding proteins,curated_class_level,2,matched configured target marker
562.58725,cefotaxime,present,True,product:d-alanyl-d-alanine carboxypeptidase; product:penicillin-binding protein,penicillin-binding proteins,curated_class_level,2,matched configured target marker
562.58725,chloramphenicol,present,True,product:23s rrna; product:large subunit ribosomal rna; product:lsu rrna,"50S ribosomal subunit, 23S rRNA peptidyl-transferase center",curated_class_level,2,matched configured target marker
562.58725,gentamicin,present,True,product:16s rrna; product:ribosomal protein s12; product:small subunit ribosomal rna; product:ssu rrna,"30S ribosomal subunit, 16S rRNA A-site",curated_class_level,1,matched configured target marker
562.58725,ampicillin,present,True,product:d-alanyl-d-alanine carboxypeptidase; product:penicillin-binding protein,penicillin-binding proteins,curated_class_level,2,matched configured target marker
562.58725,amoxicillin,present,True,product:d-alanyl-d-alanine carboxypeptidase; product:penicillin-binding protein,penicillin-binding proteins,curated_class_level,2,matched configured target marker
562.58725,ceftazidime,present,True,product:d-alanyl-d-alanine carboxypeptidase; product:penicillin-binding protein,penicillin-binding proteins,curated_class_level,2,matched configured target marker
562.58726,cefotaxime,present,True,product:d-alanyl-d-alanine carboxypeptidase; product:penicillin-binding protein,penicillin-binding proteins,curated_class_level,2,matched configured target marker
562.58726,chloramphenicol,present,True,product:23s rrna; product:large subunit ribosomal rna; product:lsu rrna,"50S ribosomal subunit, 23S rRNA peptidyl-transferase center",curated_class_level,2,matched configured target marker
562.58726,gentamicin,present,True,product:16s rrna; product:ribosomal protein s12; product:small subunit ribosomal rna; product:ssu rrna,"30S ribosomal subunit, 16S rRNA A-site",curated_class_level,1,matched configured target marker
562.58726,ampicillin,present,True,product:d-alanyl-d-alanine carboxypeptidase; product:penicillin-binding protein,penicillin-binding proteins,curated_class_level,2,matched configured target marker
562.58726,amoxicillin,present,True,product:d-alanyl-d-alanine carboxypeptidase; product:penicillin-binding protein,penicillin-binding proteins,curated_class_level,2,matched configured target marker
562.58726,ceftazidime,present,True,product:d-alanyl-d-alanine carboxypeptidase; product:penicillin-binding protein,penicillin-binding proteins,curated_class_level,2,matched configured target marker
562.58727,cefotaxime,present,True,product:d-alanyl-d-alanine carboxypeptidase; product:penicillin-binding protein,penicillin-binding proteins,curated_class_level,2,matched configured target marker
562.58727,chloramphenicol,present,True,product:23s rrna; product:large subunit ribosomal rna; product:lsu rrna,"50S ribosomal subunit, 23S rRNA peptidyl-transferase center",curated_class_level,2,matched configured target marker
562.58727,gentamicin,present,True,product:16s rrna; product:ribosomal protein s12; product:small subunit ribosomal rna; product:ssu rrna,"30S ribosomal subunit, 16S rRNA A-site",curated_class_level,1,matched configured target marker
562.58727,ampicillin,present,True,product:d-alanyl-d-alanine carboxypeptidase; product:penicillin-binding protein,penicillin-binding proteins,curated_class_level,2,matched configured target marker
562.58727,amoxicillin,present,True,product:d-alanyl-d-alanine carboxypeptidase; product:penicillin-binding protein,penicillin-binding proteins,curated_class_level,2,matched configured target marker
562.58727,ceftazidime,present,True,product:d-alanyl-d-alanine carboxypeptidase; product:penicillin-binding protein,penicillin-binding proteins,curated_class_level,2,matched configured target marker
562.58728,cefotaxime,present,True,product:d-alanyl-d-alanine carboxypeptidase; product:penicillin-binding protein,penicillin-binding proteins,curated_class_level,2,matched configured target marker
562.58728,chloramphenicol,present,True,product:23s rrna; product:large subunit ribosomal rna; product:lsu rrna,"50S ribosomal subunit, 23S rRNA peptidyl-transferase center",curated_class_level,2,matched configured target marker
562.58728,gentamicin,present,True,product:16s rrna; product:ribosomal protein s12; product:small subunit ribosomal rna; product:ssu rrna,"30S ribosomal subunit, 16S rRNA A-site",curated_class_level,1,matched configured target marker
562.58728,ampicillin,present,True,product:d-alanyl-d-alanine carboxypeptidase; product:penicillin-binding protein,penicillin-binding proteins,curated_class_level,2,matched configured target marker
562.58728,amoxicillin,present,True,product:d-alanyl-d-alanine carboxypeptidase; product:penicillin-binding protein,penicillin-binding proteins,curated_class_level,2,matched configured target marker
562.58728,ceftazidime,present,True,product:d-alanyl-d-alanine carboxypeptidase; product:penicillin-binding protein,penicillin-binding proteins,curated_class_level,2,matched configured target marker
562.58729,cefotaxime,present,True,product:d-alanyl-d-alanine carboxypeptidase; product:penicillin-binding protein,penicillin-binding proteins,curated_class_level,2,matched configured target marker
562.58729,chloramphenicol,present,True,product:23s rrna; product:large subunit ribosomal rna; product:lsu rrna,"50S ribosomal subunit, 23S rRNA peptidyl-transferase center",curated_class_level,2,matched configured target marker
562.58729,gentamicin,present,True,product:16s rrna; product:ribosomal protein s12; product:small subunit ribosomal rna; product:ssu rrna,"30S ribosomal subunit, 16S rRNA A-site",curated_class_level,1,matched configured target marker
562.58729,ampicillin,present,True,product:d-alanyl-d-alanine carboxypeptidase; product:penicillin-binding protein,penicillin-binding proteins,curated_class_level,2,matched configured target marker
562.58729,amoxicillin,present,True,product:d-alanyl-d-alanine carboxypeptidase; product:penicillin-binding protein,penicillin-binding proteins,curated_class_level,2,matched configured target marker
562.58729,ceftazidime,present,True,product:d-alanyl-d-alanine carboxypeptidase; product:penicillin-binding protein,penicillin-binding proteins,curated_class_level,2,matched configured target marker
562.58731,cefotaxime,present,True,product:d-alanyl-d-alanine carboxypeptidase; product:penicillin-binding protein,penicillin-binding proteins,curated_class_level,2,matched configured target marker
562.58731,chloramphenicol,present,True,product:23s rrna; product:large subunit ribosomal rna; product:lsu rrna,"50S ribosomal subunit, 23S rRNA peptidyl-transferase center",curated_class_level,2,matched configured target marker
562.58731,gentamicin,present,True,product:16s rrna; product:ribosomal protein s12; product:small subunit ribosomal rna; product:ssu rrna,"30S ribosomal subunit, 16S rRNA A-site",curated_class_level,1,matched configured target marker
562.58731,ampicillin,present,True,product:d-alanyl-d-alanine carboxypeptidase; product:penicillin-binding protein,penicillin-binding proteins,curated_class_level,2,matched configured target marker
562.58731,amoxicillin,present,True,product:d-alanyl-d-alanine carboxypeptidase; product:penicillin-binding protein,penicillin-binding proteins,curated_class_level,2,matched configured target marker
562.58731,ceftazidime,present,True,product:d-alanyl-d-alanine carboxypeptidase; product:penicillin-binding protein,penicillin-binding proteins,curated_class_level,2,matched configured target marker
562.58732,cefotaxime,present,True,product:d-alanyl-d-alanine carboxypeptidase; product:penicillin-binding protein,penicillin-binding proteins,curated_class_level,2,matched configured target marker
562.58732,chloramphenicol,present,True,product:23s rrna; product:large subunit ribosomal rna; product:lsu rrna,"50S ribosomal subunit, 23S rRNA peptidyl-transferase center",curated_class_level,2,matched configured target marker
562.58732,gentamicin,present,True,product:16s rrna; product:ribosomal protein s12; product:small subunit ribosomal rna; product:ssu rrna,"30S ribosomal subunit, 16S rRNA A-site",curated_class_level,1,matched configured target marker
562.58732,ampicillin,present,True,product:d-alanyl-d-alanine carboxypeptidase; product:penicillin-binding protein,penicillin-binding proteins,curated_class_level,2,matched configured target marker
562.58732,amoxicillin,present,True,product:d-alanyl-d-alanine carboxypeptidase; product:penicillin-binding protein,penicillin-binding proteins,curated_class_level,2,matched configured target marker
562.58732,ceftazidime,present,True,product:d-alanyl-d-alanine carboxypeptidase; product:penicillin-binding protein,penicillin-binding proteins,curated_class_level,2,matched configured target marker
562.58733,cefotaxime,present,True,product:d-alanyl-d-alanine carboxypeptidase; product:penicillin-binding protein,penicillin-binding proteins,curated_class_level,2,matched configured target marker
562.58733,chloramphenicol,present,True,product:23s rrna; product:large subunit ribosomal rna; product:lsu rrna,"50S ribosomal subunit, 23S rRNA peptidyl-transferase center",curated_class_level,2,matched configured target marker
562.58733,gentamicin,present,True,product:16s rrna; product:ribosomal protein s12; product:small subunit ribosomal rna; product:ssu rrna,"30S ribosomal subunit, 16S rRNA A-site",curated_class_level,1,matched configured target marker
562.58733,ampicillin,present,True,product:d-alanyl-d-alanine carboxypeptidase; product:penicillin-binding protein,penicillin-binding proteins,curated_class_level,2,matched configured target marker
562.58733,amoxicillin,present,True,product:d-alanyl-d-alanine carboxypeptidase; product:penicillin-binding protein,penicillin-binding proteins,curated_class_level,2,matched configured target marker
562.58733,ceftazidime,present,True,product:d-alanyl-d-alanine carboxypeptidase; product:penicillin-binding protein,penicillin-binding proteins,curated_class_level,2,matched configured target marker
562.58734,cefotaxime,present,True,product:d-alanyl-d-alanine carboxypeptidase; product:penicillin-binding protein,penicillin-binding proteins,curated_class_level,2,matched configured target marker
562.58734,chloramphenicol,present,True,product:23s rrna; product:large subunit ribosomal rna; product:lsu rrna,"50S ribosomal subunit, 23S rRNA peptidyl-transferase center",curated_class_level,2,matched configured target marker
562.58734,gentamicin,present,True,product:16s rrna; product:ribosomal protein s12; product:small subunit ribosomal rna; product:ssu rrna,"30S ribosomal subunit, 16S rRNA A-site",curated_class_level,1,matched configured target marker
562.58734,ampicillin,present,True,product:d-alanyl-d-alanine carboxypeptidase; product:penicillin-binding protein,penicillin-binding proteins,curated_class_level,2,matched configured target marker
562.58734,amoxicillin,present,True,product:d-alanyl-d-alanine carboxypeptidase; product:penicillin-binding protein,penicillin-binding proteins,curated_class_level,2,matched configured target marker
562.58734,ceftazidime,present,True,product:d-alanyl-d-alanine carboxypeptidase; product:penicillin-binding protein,penicillin-binding proteins,curated_class_level,2,matched configured target marker
562.58735,cefotaxime,present,True,product:d-alanyl-d-alanine carboxypeptidase; product:penicillin-binding protein,penicillin-binding proteins,curated_class_level,2,matched configured target marker
562.58735,chloramphenicol,present,True,product:23s rrna; product:large subunit ribosomal rna; product:lsu rrna,"50S ribosomal subunit, 23S rRNA peptidyl-transferase center",curated_class_level,2,matched configured target marker
562.58735,gentamicin,present,True,product:16s rrna; product:ribosomal protein s12; product:small subunit ribosomal rna; product:ssu rrna,"30S ribosomal subunit, 16S rRNA A-site",curated_class_level,1,matched configured target marker
562.58735,ampicillin,present,True,product:d-alanyl-d-alanine carboxypeptidase; product:penicillin-binding protein,penicillin-binding proteins,curated_class_level,2,matched configured target marker
562.58735,amoxicillin,present,True,product:d-alanyl-d-alanine carboxypeptidase; product:penicillin-binding protein,penicillin-binding proteins,curated_class_level,2,matched configured target marker
562.58735,ceftazidime,present,True,product:d-alanyl-d-alanine carboxypeptidase; product:penicillin-binding protein,penicillin-binding proteins,curated_class_level,2,matched configured target marker
562.58736,cefotaxime,present,True,product:d-alanyl-d-alanine carboxypeptidase; product:penicillin-binding protein,penicillin-binding proteins,curated_class_level,2,matched configured target marker
562.58736,chloramphenicol,present,True,product:23s rrna; product:large subunit ribosomal rna; product:lsu rrna,"50S ribosomal subunit, 23S rRNA peptidyl-transferase center",curated_class_level,2,matched configured target marker
562.58736,gentamicin,present,True,product:16s rrna; product:ribosomal protein s12; product:small subunit ribosomal rna; product:ssu rrna,"30S ribosomal subunit, 16S rRNA A-site",curated_class_level,1,matched configured target marker
562.58736,ampicillin,present,True,product:d-alanyl-d-alanine carboxypeptidase; product:penicillin-binding protein,penicillin-binding proteins,curated_class_level,2,matched configured target marker
562.58736,amoxicillin,present,True,product:d-alanyl-d-alanine carboxypeptidase; product:penicillin-binding protein,penicillin-binding proteins,curated_class_level,2,matched configured target marker
562.58736,ceftazidime,present,True,product:d-alanyl-d-alanine carboxypeptidase; product:penicillin-binding protein,penicillin-binding proteins,curated_class_level,2,matched configured target marker
562.58737,cefotaxime,present,True,product:d-alanyl-d-alanine carboxypeptidase; product:penicillin-binding protein,penicillin-binding proteins,curated_class_level,2,matched configured target marker
562.58737,chloramphenicol,present,True,product:23s rrna; product:large subunit ribosomal rna; product:lsu rrna,"50S ribosomal subunit, 23S rRNA peptidyl-transferase center",curated_class_level,2,matched configured target marker
562.58737,gentamicin,present,True,product:16s rrna; product:ribosomal protein s12; product:small subunit ribosomal rna; product:ssu rrna,"30S ribosomal subunit, 16S rRNA A-site",curated_class_level,1,matched configured target marker
562.58737,ampicillin,present,True,product:d-alanyl-d-alanine carboxypeptidase; product:penicillin-binding protein,penicillin-binding proteins,curated_class_level,2,matched configured target marker
562.58737,amoxicillin,present,True,product:d-alanyl-d-alanine carboxypeptidase; product:penicillin-binding protein,penicillin-binding proteins,curated_class_level,2,matched configured target marker
562.58737,ceftazidime,present,True,product:d-alanyl-d-alanine carboxypeptidase; product:penicillin-binding protein,penicillin-binding proteins,curated_class_level,2,matched configured target marker
562.58738,cefotaxime,present,True,product:d-alanyl-d-alanine carboxypeptidase; product:penicillin-binding protein,penicillin-binding proteins,curated_class_level,2,matched configured target marker
562.58738,chloramphenicol,present,True,product:23s rrna; product:large subunit ribosomal rna; product:lsu rrna,"50S ribosomal subunit, 23S rRNA peptidyl-transferase center",curated_class_level,2,matched configured target marker
562.58738,gentamicin,present,True,product:16s rrna; product:ribosomal protein s12; product:small subunit ribosomal rna; product:ssu rrna,"30S ribosomal subunit, 16S rRNA A-site",curated_class_level,1,matched configured target marker
562.58738,ampicillin,present,True,product:d-alanyl-d-alanine carboxypeptidase; product:penicillin-binding protein,penicillin-binding proteins,curated_class_level,2,matched configured target marker
562.58738,amoxicillin,present,True,product:d-alanyl-d-alanine carboxypeptidase; product:penicillin-binding protein,penicillin-binding proteins,curated_class_level,2,matched configured target marker
562.58738,ceftazidime,present,True,product:d-alanyl-d-alanine carboxypeptidase; product:penicillin-binding protein,penicillin-binding proteins,curated_class_level,2,matched configured target marker
562.58739,cefotaxime,present,True,product:d-alanyl-d-alanine carboxypeptidase; product:penicillin-binding protein,penicillin-binding proteins,curated_class_level,2,matched configured target marker
562.58739,chloramphenicol,present,True,product:23s rrna; product:large subunit ribosomal rna; product:lsu rrna,"50S ribosomal subunit, 23S rRNA peptidyl-transferase center",curated_class_level,2,matched configured target marker
562.58739,gentamicin,present,True,product:16s rrna; product:ribosomal protein s12; product:small subunit ribosomal rna; product:ssu rrna,"30S ribosomal subunit, 16S rRNA A-site",curated_class_level,1,matched configured target marker
562.58739,ampicillin,present,True,product:d-alanyl-d-alanine carboxypeptidase; product:penicillin-binding protein,penicillin-binding proteins,curated_class_level,2,matched configured target marker
562.58739,amoxicillin,present,True,product:d-alanyl-d-alanine carboxypeptidase; product:penicillin-binding protein,penicillin-binding proteins,curated_class_level,2,matched configured target marker
562.58739,ceftazidime,present,True,product:d-alanyl-d-alanine carboxypeptidase; product:penicillin-binding protein,penicillin-binding proteins,curated_class_level,2,matched configured target marker
562.58741,cefotaxime,present,True,product:d-alanyl-d-alanine carboxypeptidase; product:penicillin-binding protein,penicillin-binding proteins,curated_class_level,2,matched configured target marker
562.58741,chloramphenicol,present,True,product:23s rrna; product:large subunit ribosomal rna; product:lsu rrna,"50S ribosomal subunit, 23S rRNA peptidyl-transferase center",curated_class_level,2,matched configured target marker
562.58741,gentamicin,present,True,product:16s rrna; product:ribosomal protein s12; product:small subunit ribosomal rna; product:ssu rrna,"30S ribosomal subunit, 16S rRNA A-site",curated_class_level,1,matched configured target marker
562.58741,ampicillin,present,True,product:d-alanyl-d-alanine carboxypeptidase; product:penicillin-binding protein,penicillin-binding proteins,curated_class_level,2,matched configured target marker
562.58741,amoxicillin,present,True,product:d-alanyl-d-alanine carboxypeptidase; product:penicillin-binding protein,penicillin-binding proteins,curated_class_level,2,matched configured target marker
562.58741,ceftazidime,present,True,product:d-alanyl-d-alanine carboxypeptidase; product:penicillin-binding protein,penicillin-binding proteins,curated_class_level,2,matched configured target marker
562.58742,cefotaxime,present,True,product:d-alanyl-d-alanine carboxypeptidase; product:penicillin-binding protein,penicillin-binding proteins,curated_class_level,2,matched configured target marker
562.58742,chloramphenicol,present,True,product:23s rrna; product:large subunit ribosomal rna; product:lsu rrna,"50S ribosomal subunit, 23S rRNA peptidyl-transferase center",curated_class_level,2,matched configured target marker
562.58742,gentamicin,present,True,product:16s rrna; product:ribosomal protein s12; product:small subunit ribosomal rna; product:ssu rrna,"30S ribosomal subunit, 16S rRNA A-site",curated_class_level,1,matched configured target marker
562.58742,ampicillin,present,True,product:d-alanyl-d-alanine carboxypeptidase; product:penicillin-binding protein,penicillin-binding proteins,curated_class_level,2,matched configured target marker
562.58742,amoxicillin,present,True,product:d-alanyl-d-alanine carboxypeptidase; product:penicillin-binding protein,penicillin-binding proteins,curated_class_level,2,matched configured target marker
562.58742,ceftazidime,present,True,product:d-alanyl-d-alanine carboxypeptidase; product:penicillin-binding protein,penicillin-binding proteins,curated_class_level,2,matched configured target marker
562.58743,cefotaxime,present,True,product:d-alanyl-d-alanine carboxypeptidase; product:penicillin-binding protein,penicillin-binding proteins,curated_class_level,2,matched configured target marker
562.58743,chloramphenicol,present,True,product:23s rrna; product:large subunit ribosomal rna; product:lsu rrna,"50S ribosomal subunit, 23S rRNA peptidyl-transferase center",curated_class_level,2,matched configured target marker
562.58743,gentamicin,present,True,product:16s rrna; product:ribosomal protein s12; product:small subunit ribosomal rna; product:ssu rrna,"30S ribosomal subunit, 16S rRNA A-site",curated_class_level,1,matched configured target marker
562.58743,ampicillin,present,True,product:d-alanyl-d-alanine carboxypeptidase; product:penicillin-binding protein,penicillin-binding proteins,curated_class_level,2,matched configured target marker
562.58743,amoxicillin,present,True,product:d-alanyl-d-alanine carboxypeptidase; product:penicillin-binding protein,penicillin-binding proteins,curated_class_level,2,matched configured target marker
562.58743,ceftazidime,present,True,product:d-alanyl-d-alanine carboxypeptidase; product:penicillin-binding protein,penicillin-binding proteins,curated_class_level,2,matched configured target marker
562.58745,cefotaxime,present,True,product:d-alanyl-d-alanine carboxypeptidase; product:penicillin-binding protein,penicillin-binding proteins,curated_class_level,2,matched configured target marker
562.58745,chloramphenicol,present,True,product:23s rrna; product:large subunit ribosomal rna; product:lsu rrna,"50S ribosomal subunit, 23S rRNA peptidyl-transferase center",curated_class_level,2,matched configured target marker
562.58745,gentamicin,present,True,product:16s rrna; product:ribosomal protein s12; product:small subunit ribosomal rna; product:ssu rrna,"30S ribosomal subunit, 16S rRNA A-site",curated_class_level,1,matched configured target marker
562.58745,ampicillin,present,True,product:d-alanyl-d-alanine carboxypeptidase; product:penicillin-binding protein,penicillin-binding proteins,curated_class_level,2,matched configured target marker
562.58745,amoxicillin,present,True,product:d-alanyl-d-alanine carboxypeptidase; product:penicillin-binding protein,penicillin-binding proteins,curated_class_level,2,matched configured target marker
562.58745,ceftazidime,present,True,product:d-alanyl-d-alanine carboxypeptidase; product:penicillin-binding protein,penicillin-binding proteins,curated_class_level,2,matched configured target marker
562.58748,cefotaxime,present,True,product:d-alanyl-d-alanine carboxypeptidase; product:penicillin-binding protein,penicillin-binding proteins,curated_class_level,2,matched configured target marker
562.58748,chloramphenicol,present,True,product:23s rrna; product:large subunit ribosomal rna; product:lsu rrna,"50S ribosomal subunit, 23S rRNA peptidyl-transferase center",curated_class_level,2,matched configured target marker
562.58748,gentamicin,present,True,product:16s rrna; product:ribosomal protein s12; product:small subunit ribosomal rna; product:ssu rrna,"30S ribosomal subunit, 16S rRNA A-site",curated_class_level,1,matched configured target marker
562.58748,ampicillin,present,True,product:d-alanyl-d-alanine carboxypeptidase; product:penicillin-binding protein,penicillin-binding proteins,curated_class_level,2,matched configured target marker
562.58748,amoxicillin,present,True,product:d-alanyl-d-alanine carboxypeptidase; product:penicillin-binding protein,penicillin-binding proteins,curated_class_level,2,matched configured target marker
562.58748,ceftazidime,present,True,product:d-alanyl-d-alanine carboxypeptidase; product:penicillin-binding protein,penicillin-binding proteins,curated_class_level,2,matched configured target marker
562.58749,cefotaxime,present,True,product:d-alanyl-d-alanine carboxypeptidase; product:penicillin-binding protein,penicillin-binding proteins,curated_class_level,2,matched configured target marker
562.58749,chloramphenicol,present,True,product:23s rrna; product:large subunit ribosomal rna; product:lsu rrna,"50S ribosomal subunit, 23S rRNA peptidyl-transferase center",curated_class_level,2,matched configured target marker
562.58749,gentamicin,present,True,product:16s rrna; product:ribosomal protein s12; product:small subunit ribosomal rna; product:ssu rrna,"30S ribosomal subunit, 16S rRNA A-site",curated_class_level,1,matched configured target marker
562.58749,ampicillin,present,True,product:d-alanyl-d-alanine carboxypeptidase; product:penicillin-binding protein,penicillin-binding proteins,curated_class_level,2,matched configured target marker
562.58749,amoxicillin,present,True,product:d-alanyl-d-alanine carboxypeptidase; product:penicillin-binding protein,penicillin-binding proteins,curated_class_level,2,matched configured target marker
562.58749,ceftazidime,present,True,product:d-alanyl-d-alanine carboxypeptidase; product:penicillin-binding protein,penicillin-binding proteins,curated_class_level,2,matched configured target marker
562.58751,cefotaxime,present,True,product:d-alanyl-d-alanine carboxypeptidase; product:penicillin-binding protein,penicillin-binding proteins,curated_class_level,2,matched configured target marker
562.58751,chloramphenicol,present,True,product:23s rrna; product:large subunit ribosomal rna; product:lsu rrna,"50S ribosomal subunit, 23S rRNA peptidyl-transferase center",curated_class_level,2,matched configured target marker
562.58751,gentamicin,present,True,product:16s rrna; product:ribosomal protein s12; product:small subunit ribosomal rna; product:ssu rrna,"30S ribosomal subunit, 16S rRNA A-site",curated_class_level,1,matched configured target marker
562.58751,ampicillin,present,True,product:d-alanyl-d-alanine carboxypeptidase; product:penicillin-binding protein,penicillin-binding proteins,curated_class_level,2,matched configured target marker
562.58751,amoxicillin,present,True,product:d-alanyl-d-alanine carboxypeptidase; product:penicillin-binding protein,penicillin-binding proteins,curated_class_level,2,matched configured target marker
562.58751,ceftazidime,present,True,product:d-alanyl-d-alanine carboxypeptidase; product:penicillin-binding protein,penicillin-binding proteins,curated_class_level,2,matched configured target marker
562.58752,cefotaxime,present,True,product:d-alanyl-d-alanine carboxypeptidase; product:penicillin-binding protein,penicillin-binding proteins,curated_class_level,2,matched configured target marker
562.58752,chloramphenicol,present,True,product:23s rrna; product:large subunit ribosomal rna; product:lsu rrna,"50S ribosomal subunit, 23S rRNA peptidyl-transferase center",curated_class_level,2,matched configured target marker
562.58752,gentamicin,present,True,product:16s rrna; product:ribosomal protein s12; product:small subunit ribosomal rna; product:ssu rrna,"30S ribosomal subunit, 16S rRNA A-site",curated_class_level,1,matched configured target marker
562.58752,ampicillin,present,True,product:d-alanyl-d-alanine carboxypeptidase; product:penicillin-binding protein,penicillin-binding proteins,curated_class_level,2,matched configured target marker
562.58752,amoxicillin,present,True,product:d-alanyl-d-alanine carboxypeptidase; product:penicillin-binding protein,penicillin-binding proteins,curated_class_level,2,matched configured target marker
562.58752,ceftazidime,present,True,product:d-alanyl-d-alanine carboxypeptidase; product:penicillin-binding protein,penicillin-binding proteins,curated_class_level,2,matched configured target marker
562.58754,cefotaxime,present,True,product:d-alanyl-d-alanine carboxypeptidase; product:penicillin-binding protein,penicillin-binding proteins,curated_class_level,2,matched configured target marker
562.58754,chloramphenicol,present,True,product:23s rrna; product:large subunit ribosomal rna; product:lsu rrna,"50S ribosomal subunit, 23S rRNA peptidyl-transferase center",curated_class_level,2,matched configured target marker
562.58754,gentamicin,present,True,product:16s rrna; product:ribosomal protein s12; product:small subunit ribosomal rna; product:ssu rrna,"30S ribosomal subunit, 16S rRNA A-site",curated_class_level,1,matched configured target marker
562.58754,ampicillin,present,True,product:d-alanyl-d-alanine carboxypeptidase; product:penicillin-binding protein,penicillin-binding proteins,curated_class_level,2,matched configured target marker
562.58754,amoxicillin,present,True,product:d-alanyl-d-alanine carboxypeptidase; product:penicillin-binding protein,penicillin-binding proteins,curated_class_level,2,matched configured target marker
562.58754,ceftazidime,present,True,product:d-alanyl-d-alanine carboxypeptidase; product:penicillin-binding protein,penicillin-binding proteins,curated_class_level,2,matched configured target marker
562.58755,cefotaxime,present,True,product:d-alanyl-d-alanine carboxypeptidase; product:penicillin-binding protein,penicillin-binding proteins,curated_class_level,2,matched configured target marker
562.58755,chloramphenicol,present,True,product:23s rrna; product:large subunit ribosomal rna; product:lsu rrna,"50S ribosomal subunit, 23S rRNA peptidyl-transferase center",curated_class_level,2,matched configured target marker
562.58755,gentamicin,present,True,product:16s rrna; product:ribosomal protein s12; product:small subunit ribosomal rna; product:ssu rrna,"30S ribosomal subunit, 16S rRNA A-site",curated_class_level,1,matched configured target marker
562.58755,ampicillin,present,True,product:d-alanyl-d-alanine carboxypeptidase; product:penicillin-binding protein,penicillin-binding proteins,curated_class_level,2,matched configured target marker
562.58755,amoxicillin,present,True,product:d-alanyl-d-alanine carboxypeptidase; product:penicillin-binding protein,penicillin-binding proteins,curated_class_level,2,matched configured target marker
562.58755,ceftazidime,present,True,product:d-alanyl-d-alanine carboxypeptidase; product:penicillin-binding protein,penicillin-binding proteins,curated_class_level,2,matched configured target marker
562.58757,cefotaxime,present,True,product:d-alanyl-d-alanine carboxypeptidase; product:penicillin-binding protein,penicillin-binding proteins,curated_class_level,2,matched configured target marker
562.58757,chloramphenicol,present,True,product:23s rrna; product:large subunit ribosomal rna; product:lsu rrna,"50S ribosomal subunit, 23S rRNA peptidyl-transferase center",curated_class_level,2,matched configured target marker
562.58757,gentamicin,present,True,product:16s rrna; product:ribosomal protein s12; product:small subunit ribosomal rna; product:ssu rrna,"30S ribosomal subunit, 16S rRNA A-site",curated_class_level,1,matched configured target marker
562.58757,ampicillin,present,True,product:d-alanyl-d-alanine carboxypeptidase; product:penicillin-binding protein,penicillin-binding proteins,curated_class_level,2,matched configured target marker
562.58757,amoxicillin,present,True,product:d-alanyl-d-alanine carboxypeptidase; product:penicillin-binding protein,penicillin-binding proteins,curated_class_level,2,matched configured target marker
562.58757,ceftazidime,present,True,product:d-alanyl-d-alanine carboxypeptidase; product:penicillin-binding protein,penicillin-binding proteins,curated_class_level,2,matched configured target marker
562.58758,cefotaxime,present,True,product:d-alanyl-d-alanine carboxypeptidase; product:penicillin-binding protein,penicillin-binding proteins,curated_class_level,2,matched configured target marker
562.58758,chloramphenicol,present,True,product:23s rrna; product:large subunit ribosomal rna; product:lsu rrna,"50S ribosomal subunit, 23S rRNA peptidyl-transferase center",curated_class_level,2,matched configured target marker
562.58758,gentamicin,present,True,product:16s rrna; product:ribosomal protein s12; product:small subunit ribosomal rna; product:ssu rrna,"30S ribosomal subunit, 16S rRNA A-site",curated_class_level,1,matched configured target marker
562.58758,ampicillin,present,True,product:d-alanyl-d-alanine carboxypeptidase; product:penicillin-binding protein,penicillin-binding proteins,curated_class_level,2,matched configured target marker
562.58758,amoxicillin,present,True,product:d-alanyl-d-alanine carboxypeptidase; product:penicillin-binding protein,penicillin-binding proteins,curated_class_level,2,matched configured target marker
562.58758,ceftazidime,present,True,product:d-alanyl-d-alanine carboxypeptidase; product:penicillin-binding protein,penicillin-binding proteins,curated_class_level,2,matched configured target marker
562.58761,cefotaxime,present,True,product:d-alanyl-d-alanine carboxypeptidase; product:penicillin-binding protein,penicillin-binding proteins,curated_class_level,2,matched configured target marker
562.58761,chloramphenicol,present,True,product:23s rrna; product:large subunit ribosomal rna; product:lsu rrna,"50S ribosomal subunit, 23S rRNA peptidyl-transferase center",curated_class_level,2,matched configured target marker
562.58761,gentamicin,present,True,product:16s rrna; product:ribosomal protein s12; product:small subunit ribosomal rna; product:ssu rrna,"30S ribosomal subunit, 16S rRNA A-site",curated_class_level,1,matched configured target marker
562.58761,ampicillin,present,True,product:d-alanyl-d-alanine carboxypeptidase; product:penicillin-binding protein,penicillin-binding proteins,curated_class_level,2,matched configured target marker
562.58761,amoxicillin,present,True,product:d-alanyl-d-alanine carboxypeptidase; product:penicillin-binding protein,penicillin-binding proteins,curated_class_level,2,matched configured target marker
562.58761,ceftazidime,present,True,product:d-alanyl-d-alanine carboxypeptidase; product:penicillin-binding protein,penicillin-binding proteins,curated_class_level,2,matched configured target marker
562.58762,cefotaxime,present,True,product:d-alanyl-d-alanine carboxypeptidase; product:penicillin-binding protein,penicillin-binding proteins,curated_class_level,2,matched configured target marker
562.58762,chloramphenicol,present,True,product:23s rrna; product:large subunit ribosomal rna; product:lsu rrna,"50S ribosomal subunit, 23S rRNA peptidyl-transferase center",curated_class_level,2,matched configured target marker
562.58762,gentamicin,present,True,product:16s rrna; product:ribosomal protein s12; product:small subunit ribosomal rna; product:ssu rrna,"30S ribosomal subunit, 16S rRNA A-site",curated_class_level,1,matched configured target marker
562.58762,ampicillin,present,True,product:d-alanyl-d-alanine carboxypeptidase; product:penicillin-binding protein,penicillin-binding proteins,curated_class_level,2,matched configured target marker
562.58762,amoxicillin,present,True,product:d-alanyl-d-alanine carboxypeptidase; product:penicillin-binding protein,penicillin-binding proteins,curated_class_level,2,matched configured target marker
562.58762,ceftazidime,present,True,product:d-alanyl-d-alanine carboxypeptidase; product:penicillin-binding protein,penicillin-binding proteins,curated_class_level,2,matched configured target marker
562.58763,cefotaxime,present,True,product:d-alanyl-d-alanine carboxypeptidase; product:penicillin-binding protein,penicillin-binding proteins,curated_class_level,2,matched configured target marker
562.58763,chloramphenicol,present,True,product:23s rrna; product:large subunit ribosomal rna; product:lsu rrna,"50S ribosomal subunit, 23S rRNA peptidyl-transferase center",curated_class_level,2,matched configured target marker
562.58763,gentamicin,present,True,product:16s rrna; product:ribosomal protein s12; product:small subunit ribosomal rna; product:ssu rrna,"30S ribosomal subunit, 16S rRNA A-site",curated_class_level,1,matched configured target marker
562.58763,ampicillin,present,True,product:d-alanyl-d-alanine carboxypeptidase; product:penicillin-binding protein,penicillin-binding proteins,curated_class_level,2,matched configured target marker
562.58763,amoxicillin,present,True,product:d-alanyl-d-alanine carboxypeptidase; product:penicillin-binding protein,penicillin-binding proteins,curated_class_level,2,matched configured target marker
562.58763,ceftazidime,present,True,product:d-alanyl-d-alanine carboxypeptidase; product:penicillin-binding protein,penicillin-binding proteins,curated_class_level,2,matched configured target marker
562.58766,cefotaxime,present,True,product:d-alanyl-d-alanine carboxypeptidase; product:penicillin-binding protein,penicillin-binding proteins,curated_class_level,2,matched configured target marker
562.58766,chloramphenicol,present,True,product:23s rrna; product:large subunit ribosomal rna; product:lsu rrna,"50S ribosomal subunit, 23S rRNA peptidyl-transferase center",curated_class_level,2,matched configured target marker
562.58766,gentamicin,present,True,product:16s rrna; product:ribosomal protein s12; product:small subunit ribosomal rna; product:ssu rrna,"30S ribosomal subunit, 16S rRNA A-site",curated_class_level,1,matched configured target marker
562.58766,ampicillin,present,True,product:d-alanyl-d-alanine carboxypeptidase; product:penicillin-binding protein,penicillin-binding proteins,curated_class_level,2,matched configured target marker
562.58766,amoxicillin,present,True,product:d-alanyl-d-alanine carboxypeptidase; product:penicillin-binding protein,penicillin-binding proteins,curated_class_level,2,matched configured target marker
562.58766,ceftazidime,present,True,product:d-alanyl-d-alanine carboxypeptidase; product:penicillin-binding protein,penicillin-binding proteins,curated_class_level,2,matched configured target marker
562.58767,cefotaxime,present,True,product:d-alanyl-d-alanine carboxypeptidase; product:penicillin-binding protein,penicillin-binding proteins,curated_class_level,2,matched configured target marker
562.58767,chloramphenicol,present,True,product:23s rrna; product:large subunit ribosomal rna; product:lsu rrna,"50S ribosomal subunit, 23S rRNA peptidyl-transferase center",curated_class_level,2,matched configured target marker
562.58767,gentamicin,present,True,product:16s rrna; product:ribosomal protein s12; product:small subunit ribosomal rna; product:ssu rrna,"30S ribosomal subunit, 16S rRNA A-site",curated_class_level,1,matched configured target marker
562.58767,ampicillin,present,True,product:d-alanyl-d-alanine carboxypeptidase; product:penicillin-binding protein,penicillin-binding proteins,curated_class_level,2,matched configured target marker
562.58767,amoxicillin,present,True,product:d-alanyl-d-alanine carboxypeptidase; product:penicillin-binding protein,penicillin-binding proteins,curated_class_level,2,matched configured target marker
562.58767,ceftazidime,present,True,product:d-alanyl-d-alanine carboxypeptidase; product:penicillin-binding protein,penicillin-binding proteins,curated_class_level,2,matched configured target marker
562.65781,cefotaxime,present,True,product:d-alanyl-d-alanine carboxypeptidase; product:penicillin-binding protein,penicillin-binding proteins,curated_class_level,2,matched configured target marker
562.65781,chloramphenicol,present,True,product:23s rrna; product:large subunit ribosomal rna; product:lsu rrna,"50S ribosomal subunit, 23S rRNA peptidyl-transferase center",curated_class_level,2,matched configured target marker
562.65781,gentamicin,present,True,product:16s rrna; product:ribosomal protein s12; product:small subunit ribosomal rna; product:ssu rrna,"30S ribosomal subunit, 16S rRNA A-site",curated_class_level,1,matched configured target marker
562.65781,ampicillin,present,True,product:d-alanyl-d-alanine carboxypeptidase; product:penicillin-binding protein,penicillin-binding proteins,curated_class_level,2,matched configured target marker
562.65781,amoxicillin,present,True,product:d-alanyl-d-alanine carboxypeptidase; product:penicillin-binding protein,penicillin-binding proteins,curated_class_level,2,matched configured target marker
562.65781,ceftazidime,present,True,product:d-alanyl-d-alanine carboxypeptidase; product:penicillin-binding protein,penicillin-binding proteins,curated_class_level,2,matched configured target marker
562.65783,cefotaxime,present,True,product:d-alanyl-d-alanine carboxypeptidase; product:penicillin-binding protein,penicillin-binding proteins,curated_class_level,2,matched configured target marker
562.65783,chloramphenicol,present,True,product:23s rrna; product:large subunit ribosomal rna; product:lsu rrna,"50S ribosomal subunit, 23S rRNA peptidyl-transferase center",curated_class_level,2,matched configured target marker
562.65783,gentamicin,present,True,product:16s rrna; product:ribosomal protein s12; product:small subunit ribosomal rna; product:ssu rrna,"30S ribosomal subunit, 16S rRNA A-site",curated_class_level,1,matched configured target marker
562.65783,ampicillin,present,True,product:d-alanyl-d-alanine carboxypeptidase; product:penicillin-binding protein,penicillin-binding proteins,curated_class_level,2,matched configured target marker
562.65783,amoxicillin,present,True,product:d-alanyl-d-alanine carboxypeptidase; product:penicillin-binding protein,penicillin-binding proteins,curated_class_level,2,matched configured target marker
562.65783,ceftazidime,present,True,product:d-alanyl-d-alanine carboxypeptidase; product:penicillin-binding protein,penicillin-binding proteins,curated_class_level,2,matched configured target marker
562.65784,cefotaxime,present,True,product:d-alanyl-d-alanine carboxypeptidase; product:penicillin-binding protein,penicillin-binding proteins,curated_class_level,2,matched configured target marker
562.65784,chloramphenicol,present,True,product:23s rrna; product:large subunit ribosomal rna; product:lsu rrna,"50S ribosomal subunit, 23S rRNA peptidyl-transferase center",curated_class_level,2,matched configured target marker
562.65784,gentamicin,present,True,product:16s rrna; product:ribosomal protein s12; product:small subunit ribosomal rna; product:ssu rrna,"30S ribosomal subunit, 16S rRNA A-site",curated_class_level,1,matched configured target marker
562.65784,ampicillin,present,True,product:d-alanyl-d-alanine carboxypeptidase; product:penicillin-binding protein,penicillin-binding proteins,curated_class_level,2,matched configured target marker
562.65784,amoxicillin,present,True,product:d-alanyl-d-alanine carboxypeptidase; product:penicillin-binding protein,penicillin-binding proteins,curated_class_level,2,matched configured target marker
562.65784,ceftazidime,present,True,product:d-alanyl-d-alanine carboxypeptidase; product:penicillin-binding protein,penicillin-binding proteins,curated_class_level,2,matched configured target marker
562.65785,cefotaxime,present,True,product:d-alanyl-d-alanine carboxypeptidase; product:penicillin-binding protein,penicillin-binding proteins,curated_class_level,2,matched configured target marker
562.65785,chloramphenicol,present,True,product:23s rrna; product:large subunit ribosomal rna; product:lsu rrna,"50S ribosomal subunit, 23S rRNA peptidyl-transferase center",curated_class_level,2,matched configured target marker
562.65785,gentamicin,present,True,product:16s rrna; product:ribosomal protein s12; product:small subunit ribosomal rna; product:ssu rrna,"30S ribosomal subunit, 16S rRNA A-site",curated_class_level,1,matched configured target marker
562.65785,ampicillin,present,True,product:d-alanyl-d-alanine carboxypeptidase; product:penicillin-binding protein,penicillin-binding proteins,curated_class_level,2,matched configured target marker
562.65785,amoxicillin,present,True,product:d-alanyl-d-alanine carboxypeptidase; product:penicillin-binding protein,penicillin-binding proteins,curated_class_level,2,matched configured target marker
562.65785,ceftazidime,present,True,product:d-alanyl-d-alanine carboxypeptidase; product:penicillin-binding protein,penicillin-binding proteins,curated_class_level,2,matched configured target marker
562.65786,cefotaxime,present,True,product:d-alanyl-d-alanine carboxypeptidase; product:penicillin-binding protein,penicillin-binding proteins,curated_class_level,2,matched configured target marker
562.65786,chloramphenicol,present,True,product:23s rrna; product:large subunit ribosomal rna; product:lsu rrna,"50S ribosomal subunit, 23S rRNA peptidyl-transferase center",curated_class_level,2,matched configured target marker
562.65786,gentamicin,present,True,product:16s rrna; product:ribosomal protein s12; product:small subunit ribosomal rna; product:ssu rrna,"30S ribosomal subunit, 16S rRNA A-site",curated_class_level,1,matched configured target marker
562.65786,ampicillin,present,True,product:d-alanyl-d-alanine carboxypeptidase; product:penicillin-binding protein,penicillin-binding proteins,curated_class_level,2,matched configured target marker
562.65786,amoxicillin,present,True,product:d-alanyl-d-alanine carboxypeptidase; product:penicillin-binding protein,penicillin-binding proteins,curated_class_level,2,matched configured target marker
562.65786,ceftazidime,present,True,product:d-alanyl-d-alanine carboxypeptidase; product:penicillin-binding protein,penicillin-binding proteins,curated_class_level,2,matched configured target marker
562.65787,cefotaxime,present,True,product:d-alanyl-d-alanine carboxypeptidase; product:penicillin-binding protein,penicillin-binding proteins,curated_class_level,2,matched configured target marker
562.65787,chloramphenicol,present,True,product:23s rrna; product:large subunit ribosomal rna; product:lsu rrna,"50S ribosomal subunit, 23S rRNA peptidyl-transferase center",curated_class_level,2,matched configured target marker
562.65787,gentamicin,present,True,product:16s rrna; product:ribosomal protein s12; product:small subunit ribosomal rna; product:ssu rrna,"30S ribosomal subunit, 16S rRNA A-site",curated_class_level,1,matched configured target marker
562.65787,ampicillin,present,True,product:d-alanyl-d-alanine carboxypeptidase; product:penicillin-binding protein,penicillin-binding proteins,curated_class_level,2,matched configured target marker
562.65787,amoxicillin,present,True,product:d-alanyl-d-alanine carboxypeptidase; product:penicillin-binding protein,penicillin-binding proteins,curated_class_level,2,matched configured target marker
562.65787,ceftazidime,present,True,product:d-alanyl-d-alanine carboxypeptidase; product:penicillin-binding protein,penicillin-binding proteins,curated_class_level,2,matched configured target marker
562.65788,cefotaxime,present,True,product:d-alanyl-d-alanine carboxypeptidase; product:penicillin-binding protein,penicillin-binding proteins,curated_class_level,2,matched configured target marker
562.65788,chloramphenicol,present,True,product:23s rrna; product:large subunit ribosomal rna; product:lsu rrna,"50S ribosomal subunit, 23S rRNA peptidyl-transferase center",curated_class_level,2,matched configured target marker
562.65788,gentamicin,present,True,product:16s rrna; product:ribosomal protein s12; product:small subunit ribosomal rna; product:ssu rrna,"30S ribosomal subunit, 16S rRNA A-site",curated_class_level,1,matched configured target marker
562.65788,ampicillin,present,True,product:d-alanyl-d-alanine carboxypeptidase; product:penicillin-binding protein,penicillin-binding proteins,curated_class_level,2,matched configured target marker
562.65788,amoxicillin,present,True,product:d-alanyl-d-alanine carboxypeptidase; product:penicillin-binding protein,penicillin-binding proteins,curated_class_level,2,matched configured target marker
562.65788,ceftazidime,present,True,product:d-alanyl-d-alanine carboxypeptidase; product:penicillin-binding protein,penicillin-binding proteins,curated_class_level,2,matched configured target marker
562.65789,cefotaxime,present,True,product:d-alanyl-d-alanine carboxypeptidase; product:penicillin-binding protein,penicillin-binding proteins,curated_class_level,2,matched configured target marker
562.65789,chloramphenicol,present,True,product:23s rrna; product:large subunit ribosomal rna; product:lsu rrna,"50S ribosomal subunit, 23S rRNA peptidyl-transferase center",curated_class_level,2,matched configured target marker
562.65789,gentamicin,present,True,product:16s rrna; product:ribosomal protein s12; product:small subunit ribosomal rna; product:ssu rrna,"30S ribosomal subunit, 16S rRNA A-site",curated_class_level,1,matched configured target marker
562.65789,ampicillin,present,True,product:d-alanyl-d-alanine carboxypeptidase; product:penicillin-binding protein,penicillin-binding proteins,curated_class_level,2,matched configured target marker
562.65789,amoxicillin,present,True,product:d-alanyl-d-alanine carboxypeptidase; product:penicillin-binding protein,penicillin-binding proteins,curated_class_level,2,matched configured target marker
562.65789,ceftazidime,present,True,product:d-alanyl-d-alanine carboxypeptidase; product:penicillin-binding protein,penicillin-binding proteins,curated_class_level,2,matched configured target marker
562.65791,cefotaxime,present,True,product:d-alanyl-d-alanine carboxypeptidase; product:penicillin-binding protein,penicillin-binding proteins,curated_class_level,2,matched configured target marker
562.65791,chloramphenicol,present,True,product:23s rrna; product:large subunit ribosomal rna; product:lsu rrna,"50S ribosomal subunit, 23S rRNA peptidyl-transferase center",curated_class_level,2,matched configured target marker
562.65791,gentamicin,present,True,product:16s rrna; product:ribosomal protein s12; product:small subunit ribosomal rna; product:ssu rrna,"30S ribosomal subunit, 16S rRNA A-site",curated_class_level,1,matched configured target marker
562.65791,ampicillin,present,True,product:d-alanyl-d-alanine carboxypeptidase; product:penicillin-binding protein,penicillin-binding proteins,curated_class_level,2,matched configured target marker
562.65791,amoxicillin,present,True,product:d-alanyl-d-alanine carboxypeptidase; product:penicillin-binding protein,penicillin-binding proteins,curated_class_level,2,matched configured target marker
562.65791,ceftazidime,present,True,product:d-alanyl-d-alanine carboxypeptidase; product:penicillin-binding protein,penicillin-binding proteins,curated_class_level,2,matched configured target marker
562.65796,cefotaxime,present,True,product:d-alanyl-d-alanine carboxypeptidase; product:penicillin-binding protein,penicillin-binding proteins,curated_class_level,2,matched configured target marker
562.65796,chloramphenicol,present,True,product:23s rrna; product:large subunit ribosomal rna; product:lsu rrna,"50S ribosomal subunit, 23S rRNA peptidyl-transferase center",curated_class_level,2,matched configured target marker
562.65796,gentamicin,present,True,product:16s rrna; product:ribosomal protein s12; product:small subunit ribosomal rna; product:ssu rrna,"30S ribosomal subunit, 16S rRNA A-site",curated_class_level,1,matched configured target marker
562.65796,ampicillin,present,True,product:d-alanyl-d-alanine carboxypeptidase; product:penicillin-binding protein,penicillin-binding proteins,curated_class_level,2,matched configured target marker
562.65796,amoxicillin,present,True,product:d-alanyl-d-alanine carboxypeptidase; product:penicillin-binding protein,penicillin-binding proteins,curated_class_level,2,matched configured target marker
562.65796,ceftazidime,present,True,product:d-alanyl-d-alanine carboxypeptidase; product:penicillin-binding protein,penicillin-binding proteins,curated_class_level,2,matched configured target marker
562.65797,cefotaxime,present,True,product:d-alanyl-d-alanine carboxypeptidase; product:penicillin-binding protein,penicillin-binding proteins,curated_class_level,2,matched configured target marker
562.65797,chloramphenicol,present,True,product:23s rrna; product:large subunit ribosomal rna; product:lsu rrna,"50S ribosomal subunit, 23S rRNA peptidyl-transferase center",curated_class_level,2,matched configured target marker
562.65797,gentamicin,present,True,product:16s rrna; product:ribosomal protein s12; product:small subunit ribosomal rna; product:ssu rrna,"30S ribosomal subunit, 16S rRNA A-site",curated_class_level,1,matched configured target marker
562.65797,ampicillin,present,True,product:d-alanyl-d-alanine carboxypeptidase; product:penicillin-binding protein,penicillin-binding proteins,curated_class_level,2,matched configured target marker
562.65797,amoxicillin,present,True,product:d-alanyl-d-alanine carboxypeptidase; product:penicillin-binding protein,penicillin-binding proteins,curated_class_level,2,matched configured target marker
562.65797,ceftazidime,present,True,product:d-alanyl-d-alanine carboxypeptidase; product:penicillin-binding protein,penicillin-binding proteins,curated_class_level,2,matched configured target marker
562.65798,cefotaxime,present,True,product:d-alanyl-d-alanine carboxypeptidase; product:penicillin-binding protein,penicillin-binding proteins,curated_class_level,2,matched configured target marker
562.65798,chloramphenicol,present,True,product:23s rrna; product:large subunit ribosomal rna; product:lsu rrna,"50S ribosomal subunit, 23S rRNA peptidyl-transferase center",curated_class_level,2,matched configured target marker
562.65798,gentamicin,present,True,product:16s rrna; product:ribosomal protein s12; product:small subunit ribosomal rna; product:ssu rrna,"30S ribosomal subunit, 16S rRNA A-site",curated_class_level,1,matched configured target marker
562.65798,ampicillin,present,True,product:d-alanyl-d-alanine carboxypeptidase; product:penicillin-binding protein,penicillin-binding proteins,curated_class_level,2,matched configured target marker
562.65798,amoxicillin,present,True,product:d-alanyl-d-alanine carboxypeptidase; product:penicillin-binding protein,penicillin-binding proteins,curated_class_level,2,matched configured target marker
562.65798,ceftazidime,present,True,product:d-alanyl-d-alanine carboxypeptidase; product:penicillin-binding protein,penicillin-binding proteins,curated_class_level,2,matched configured target marker
562.65799,cefotaxime,present,True,product:d-alanyl-d-alanine carboxypeptidase; product:penicillin-binding protein,penicillin-binding proteins,curated_class_level,2,matched configured target marker
562.65799,chloramphenicol,present,True,product:23s rrna; product:large subunit ribosomal rna; product:lsu rrna,"50S ribosomal subunit, 23S rRNA peptidyl-transferase center",curated_class_level,2,matched configured target marker
562.65799,gentamicin,present,True,product:16s rrna; product:ribosomal protein s12; product:small subunit ribosomal rna; product:ssu rrna,"30S ribosomal subunit, 16S rRNA A-site",curated_class_level,1,matched configured target marker
562.65799,ampicillin,present,True,product:d-alanyl-d-alanine carboxypeptidase; product:penicillin-binding protein,penicillin-binding proteins,curated_class_level,2,matched configured target marker
562.65799,amoxicillin,present,True,product:d-alanyl-d-alanine carboxypeptidase; product:penicillin-binding protein,penicillin-binding proteins,curated_class_level,2,matched configured target marker
562.65799,ceftazidime,present,True,product:d-alanyl-d-alanine carboxypeptidase; product:penicillin-binding protein,penicillin-binding proteins,curated_class_level,2,matched configured target marker
562.65801,cefotaxime,present,True,product:d-alanyl-d-alanine carboxypeptidase; product:penicillin-binding protein,penicillin-binding proteins,curated_class_level,2,matched configured target marker
562.65801,chloramphenicol,present,True,product:23s rrna; product:large subunit ribosomal rna; product:lsu rrna,"50S ribosomal subunit, 23S rRNA peptidyl-transferase center",curated_class_level,2,matched configured target marker
562.65801,gentamicin,present,True,product:16s rrna; product:ribosomal protein s12; product:small subunit ribosomal rna; product:ssu rrna,"30S ribosomal subunit, 16S rRNA A-site",curated_class_level,1,matched configured target marker
562.65801,ampicillin,present,True,product:d-alanyl-d-alanine carboxypeptidase; product:penicillin-binding protein,penicillin-binding proteins,curated_class_level,2,matched configured target marker
562.65801,amoxicillin,present,True,product:d-alanyl-d-alanine carboxypeptidase; product:penicillin-binding protein,penicillin-binding proteins,curated_class_level,2,matched configured target marker
562.65801,ceftazidime,present,True,product:d-alanyl-d-alanine carboxypeptidase; product:penicillin-binding protein,penicillin-binding proteins,curated_class_level,2,matched configured target marker
562.65802,cefotaxime,present,True,product:d-alanyl-d-alanine carboxypeptidase; product:penicillin-binding protein,penicillin-binding proteins,curated_class_level,2,matched configured target marker
562.65802,chloramphenicol,present,True,product:23s rrna; product:large subunit ribosomal rna; product:lsu rrna,"50S ribosomal subunit, 23S rRNA peptidyl-transferase center",curated_class_level,2,matched configured target marker
562.65802,gentamicin,present,True,product:16s rrna; product:ribosomal protein s12; product:small subunit ribosomal rna; product:ssu rrna,"30S ribosomal subunit, 16S rRNA A-site",curated_class_level,1,matched configured target marker
562.65802,ampicillin,present,True,product:d-alanyl-d-alanine carboxypeptidase; product:penicillin-binding protein,penicillin-binding proteins,curated_class_level,2,matched configured target marker
562.65802,amoxicillin,present,True,product:d-alanyl-d-alanine carboxypeptidase; product:penicillin-binding protein,penicillin-binding proteins,curated_class_level,2,matched configured target marker
562.65802,ceftazidime,present,True,product:d-alanyl-d-alanine carboxypeptidase; product:penicillin-binding protein,penicillin-binding proteins,curated_class_level,2,matched configured target marker
562.65803,cefotaxime,present,True,product:d-alanyl-d-alanine carboxypeptidase; product:penicillin-binding protein,penicillin-binding proteins,curated_class_level,2,matched configured target marker
562.65803,chloramphenicol,present,True,product:23s rrna; product:large subunit ribosomal rna; product:lsu rrna,"50S ribosomal subunit, 23S rRNA peptidyl-transferase center",curated_class_level,2,matched configured target marker
562.65803,gentamicin,present,True,product:16s rrna; product:ribosomal protein s12; product:small subunit ribosomal rna; product:ssu rrna,"30S ribosomal subunit, 16S rRNA A-site",curated_class_level,1,matched configured target marker
562.65803,ampicillin,present,True,product:d-alanyl-d-alanine carboxypeptidase; product:penicillin-binding protein,penicillin-binding proteins,curated_class_level,2,matched configured target marker
562.65803,amoxicillin,present,True,product:d-alanyl-d-alanine carboxypeptidase; product:penicillin-binding protein,penicillin-binding proteins,curated_class_level,2,matched configured target marker
562.65803,ceftazidime,present,True,product:d-alanyl-d-alanine carboxypeptidase; product:penicillin-binding protein,penicillin-binding proteins,curated_class_level,2,matched configured target marker
562.65804,cefotaxime,present,True,product:d-alanyl-d-alanine carboxypeptidase; product:penicillin-binding protein,penicillin-binding proteins,curated_class_level,2,matched configured target marker
562.65804,chloramphenicol,present,True,product:23s rrna; product:large subunit ribosomal rna; product:lsu rrna,"50S ribosomal subunit, 23S rRNA peptidyl-transferase center",curated_class_level,2,matched configured target marker
562.65804,gentamicin,present,True,product:16s rrna; product:ribosomal protein s12; product:small subunit ribosomal rna; product:ssu rrna,"30S ribosomal subunit, 16S rRNA A-site",curated_class_level,1,matched configured target marker
562.65804,ampicillin,present,True,product:d-alanyl-d-alanine carboxypeptidase; product:penicillin-binding protein,penicillin-binding proteins,curated_class_level,2,matched configured target marker
562.65804,amoxicillin,present,True,product:d-alanyl-d-alanine carboxypeptidase; product:penicillin-binding protein,penicillin-binding proteins,curated_class_level,2,matched configured target marker
562.65804,ceftazidime,present,True,product:d-alanyl-d-alanine carboxypeptidase; product:penicillin-binding protein,penicillin-binding proteins,curated_class_level,2,matched configured target marker
562.65805,cefotaxime,present,True,product:d-alanyl-d-alanine carboxypeptidase; product:penicillin-binding protein,penicillin-binding proteins,curated_class_level,2,matched configured target marker
562.65805,chloramphenicol,present,True,product:23s rrna; product:large subunit ribosomal rna; product:lsu rrna,"50S ribosomal subunit, 23S rRNA peptidyl-transferase center",curated_class_level,2,matched configured target marker
562.65805,gentamicin,present,True,product:16s rrna; product:ribosomal protein s12; product:small subunit ribosomal rna; product:ssu rrna,"30S ribosomal subunit, 16S rRNA A-site",curated_class_level,1,matched configured target marker
562.65805,ampicillin,present,True,product:d-alanyl-d-alanine carboxypeptidase; product:penicillin-binding protein,penicillin-binding proteins,curated_class_level,2,matched configured target marker
562.65805,amoxicillin,present,True,product:d-alanyl-d-alanine carboxypeptidase; product:penicillin-binding protein,penicillin-binding proteins,curated_class_level,2,matched configured target marker
562.65805,ceftazidime,present,True,product:d-alanyl-d-alanine carboxypeptidase; product:penicillin-binding protein,penicillin-binding proteins,curated_class_level,2,matched configured target marker
562.65806,cefotaxime,present,True,product:d-alanyl-d-alanine carboxypeptidase; product:penicillin-binding protein,penicillin-binding proteins,curated_class_level,2,matched configured target marker
562.65806,chloramphenicol,present,True,product:23s rrna; product:large subunit ribosomal rna; product:lsu rrna,"50S ribosomal subunit, 23S rRNA peptidyl-transferase center",curated_class_level,2,matched configured target marker
562.65806,gentamicin,present,True,product:16s rrna; product:ribosomal protein s12; product:small subunit ribosomal rna; product:ssu rrna,"30S ribosomal subunit, 16S rRNA A-site",curated_class_level,1,matched configured target marker
562.65806,ampicillin,present,True,product:d-alanyl-d-alanine carboxypeptidase; product:penicillin-binding protein,penicillin-binding proteins,curated_class_level,2,matched configured target marker
562.65806,amoxicillin,present,True,product:d-alanyl-d-alanine carboxypeptidase; product:penicillin-binding protein,penicillin-binding proteins,curated_class_level,2,matched configured target marker
562.65806,ceftazidime,present,True,product:d-alanyl-d-alanine carboxypeptidase; product:penicillin-binding protein,penicillin-binding proteins,curated_class_level,2,matched configured target marker
562.65807,cefotaxime,present,True,product:d-alanyl-d-alanine carboxypeptidase; product:penicillin-binding protein,penicillin-binding proteins,curated_class_level,2,matched configured target marker
562.65807,chloramphenicol,present,True,product:23s rrna; product:large subunit ribosomal rna; product:lsu rrna,"50S ribosomal subunit, 23S rRNA peptidyl-transferase center",curated_class_level,2,matched configured target marker
562.65807,gentamicin,present,True,product:16s rrna; product:ribosomal protein s12; product:small subunit ribosomal rna; product:ssu rrna,"30S ribosomal subunit, 16S rRNA A-site",curated_class_level,1,matched configured target marker
562.65807,ampicillin,present,True,product:d-alanyl-d-alanine carboxypeptidase; product:penicillin-binding protein,penicillin-binding proteins,curated_class_level,2,matched configured target marker
562.65807,amoxicillin,present,True,product:d-alanyl-d-alanine carboxypeptidase; product:penicillin-binding protein,penicillin-binding proteins,curated_class_level,2,matched configured target marker
562.65807,ceftazidime,present,True,product:d-alanyl-d-alanine carboxypeptidase; product:penicillin-binding protein,penicillin-binding proteins,curated_class_level,2,matched configured target marker
562.65808,cefotaxime,present,True,product:d-alanyl-d-alanine carboxypeptidase; product:penicillin-binding protein,penicillin-binding proteins,curated_class_level,2,matched configured target marker
562.65808,chloramphenicol,present,True,product:23s rrna; product:large subunit ribosomal rna; product:lsu rrna,"50S ribosomal subunit, 23S rRNA peptidyl-transferase center",curated_class_level,2,matched configured target marker
562.65808,gentamicin,present,True,product:16s rrna; product:ribosomal protein s12; product:small subunit ribosomal rna; product:ssu rrna,"30S ribosomal subunit, 16S rRNA A-site",curated_class_level,1,matched configured target marker
562.65808,ampicillin,present,True,product:d-alanyl-d-alanine carboxypeptidase; product:penicillin-binding protein,penicillin-binding proteins,curated_class_level,2,matched configured target marker
562.65808,amoxicillin,present,True,product:d-alanyl-d-alanine carboxypeptidase; product:penicillin-binding protein,penicillin-binding proteins,curated_class_level,2,matched configured target marker
562.65808,ceftazidime,present,True,product:d-alanyl-d-alanine carboxypeptidase; product:penicillin-binding protein,penicillin-binding proteins,curated_class_level,2,matched configured target marker
562.65809,cefotaxime,present,True,product:d-alanyl-d-alanine carboxypeptidase; product:penicillin-binding protein,penicillin-binding proteins,curated_class_level,2,matched configured target marker
562.65809,chloramphenicol,present,True,product:23s rrna; product:large subunit ribosomal rna; product:lsu rrna,"50S ribosomal subunit, 23S rRNA peptidyl-transferase center",curated_class_level,2,matched configured target marker
562.65809,gentamicin,present,True,product:16s rrna; product:ribosomal protein s12; product:small subunit ribosomal rna; product:ssu rrna,"30S ribosomal subunit, 16S rRNA A-site",curated_class_level,1,matched configured target marker
562.65809,ampicillin,present,True,product:d-alanyl-d-alanine carboxypeptidase; product:penicillin-binding protein,penicillin-binding proteins,curated_class_level,2,matched configured target marker
562.65809,amoxicillin,present,True,product:d-alanyl-d-alanine carboxypeptidase; product:penicillin-binding protein,penicillin-binding proteins,curated_class_level,2,matched configured target marker
562.65809,ceftazidime,present,True,product:d-alanyl-d-alanine carboxypeptidase; product:penicillin-binding protein,penicillin-binding proteins,curated_class_level,2,matched configured target marker
562.65811,cefotaxime,present,True,product:d-alanyl-d-alanine carboxypeptidase; product:penicillin-binding protein,penicillin-binding proteins,curated_class_level,2,matched configured target marker
562.65811,chloramphenicol,present,True,product:23s rrna; product:large subunit ribosomal rna; product:lsu rrna,"50S ribosomal subunit, 23S rRNA peptidyl-transferase center",curated_class_level,2,matched configured target marker
562.65811,gentamicin,present,True,product:16s rrna; product:ribosomal protein s12; product:small subunit ribosomal rna; product:ssu rrna,"30S ribosomal subunit, 16S rRNA A-site",curated_class_level,1,matched configured target marker
562.65811,ampicillin,present,True,product:d-alanyl-d-alanine carboxypeptidase; product:penicillin-binding protein,penicillin-binding proteins,curated_class_level,2,matched configured target marker
562.65811,amoxicillin,present,True,product:d-alanyl-d-alanine carboxypeptidase; product:penicillin-binding protein,penicillin-binding proteins,curated_class_level,2,matched configured target marker
562.65811,ceftazidime,present,True,product:d-alanyl-d-alanine carboxypeptidase; product:penicillin-binding protein,penicillin-binding proteins,curated_class_level,2,matched configured target marker
562.65812,cefotaxime,present,True,product:d-alanyl-d-alanine carboxypeptidase; product:penicillin-binding protein,penicillin-binding proteins,curated_class_level,2,matched configured target marker
562.65812,chloramphenicol,present,True,product:23s rrna; product:large subunit ribosomal rna; product:lsu rrna,"50S ribosomal subunit, 23S rRNA peptidyl-transferase center",curated_class_level,2,matched configured target marker
562.65812,gentamicin,present,True,product:16s rrna; product:ribosomal protein s12; product:small subunit ribosomal rna; product:ssu rrna,"30S ribosomal subunit, 16S rRNA A-site",curated_class_level,1,matched configured target marker
562.65812,ampicillin,present,True,product:d-alanyl-d-alanine carboxypeptidase; product:penicillin-binding protein,penicillin-binding proteins,curated_class_level,2,matched configured target marker
562.65812,amoxicillin,present,True,product:d-alanyl-d-alanine carboxypeptidase; product:penicillin-binding protein,penicillin-binding proteins,curated_class_level,2,matched configured target marker
562.65812,ceftazidime,present,True,product:d-alanyl-d-alanine carboxypeptidase; product:penicillin-binding protein,penicillin-binding proteins,curated_class_level,2,matched configured target marker
562.65813,cefotaxime,present,True,product:d-alanyl-d-alanine carboxypeptidase; product:penicillin-binding protein,penicillin-binding proteins,curated_class_level,2,matched configured target marker
562.65813,chloramphenicol,present,True,product:23s rrna; product:large subunit ribosomal rna; product:lsu rrna,"50S ribosomal subunit, 23S rRNA peptidyl-transferase center",curated_class_level,2,matched configured target marker
562.65813,gentamicin,present,True,product:16s rrna; product:ribosomal protein s12; product:small subunit ribosomal rna; product:ssu rrna,"30S ribosomal subunit, 16S rRNA A-site",curated_class_level,1,matched configured target marker
562.65813,ampicillin,present,True,product:d-alanyl-d-alanine carboxypeptidase; product:penicillin-binding protein,penicillin-binding proteins,curated_class_level,2,matched configured target marker
562.65813,amoxicillin,present,True,product:d-alanyl-d-alanine carboxypeptidase; product:penicillin-binding protein,penicillin-binding proteins,curated_class_level,2,matched configured target marker
562.65813,ceftazidime,present,True,product:d-alanyl-d-alanine carboxypeptidase; product:penicillin-binding protein,penicillin-binding proteins,curated_class_level,2,matched configured target marker
562.65814,cefotaxime,present,True,product:d-alanyl-d-alanine carboxypeptidase; product:penicillin-binding protein,penicillin-binding proteins,curated_class_level,2,matched configured target marker
562.65814,chloramphenicol,present,True,product:23s rrna; product:large subunit ribosomal rna; product:lsu rrna,"50S ribosomal subunit, 23S rRNA peptidyl-transferase center",curated_class_level,2,matched configured target marker
562.65814,gentamicin,present,True,product:16s rrna; product:ribosomal protein s12; product:small subunit ribosomal rna; product:ssu rrna,"30S ribosomal subunit, 16S rRNA A-site",curated_class_level,1,matched configured target marker
562.65814,ampicillin,present,True,product:d-alanyl-d-alanine carboxypeptidase; product:penicillin-binding protein,penicillin-binding proteins,curated_class_level,2,matched configured target marker
562.65814,amoxicillin,present,True,product:d-alanyl-d-alanine carboxypeptidase; product:penicillin-binding protein,penicillin-binding proteins,curated_class_level,2,matched configured target marker
562.65814,ceftazidime,present,True,product:d-alanyl-d-alanine carboxypeptidase; product:penicillin-binding protein,penicillin-binding proteins,curated_class_level,2,matched configured target marker
562.65815,cefotaxime,present,True,product:d-alanyl-d-alanine carboxypeptidase; product:penicillin-binding protein,penicillin-binding proteins,curated_class_level,2,matched configured target marker
562.65815,chloramphenicol,present,True,product:23s rrna; product:large subunit ribosomal rna; product:lsu rrna,"50S ribosomal subunit, 23S rRNA peptidyl-transferase center",curated_class_level,2,matched configured target marker
562.65815,gentamicin,present,True,product:16s rrna; product:ribosomal protein s12; product:small subunit ribosomal rna; product:ssu rrna,"30S ribosomal subunit, 16S rRNA A-site",curated_class_level,1,matched configured target marker
562.65815,ampicillin,present,True,product:d-alanyl-d-alanine carboxypeptidase; product:penicillin-binding protein,penicillin-binding proteins,curated_class_level,2,matched configured target marker
562.65815,amoxicillin,present,True,product:d-alanyl-d-alanine carboxypeptidase; product:penicillin-binding protein,penicillin-binding proteins,curated_class_level,2,matched configured target marker
562.65815,ceftazidime,present,True,product:d-alanyl-d-alanine carboxypeptidase; product:penicillin-binding protein,penicillin-binding proteins,curated_class_level,2,matched configured target marker
562.65816,cefotaxime,present,True,product:d-alanyl-d-alanine carboxypeptidase; product:penicillin-binding protein,penicillin-binding proteins,curated_class_level,2,matched configured target marker
562.65816,chloramphenicol,present,True,product:23s rrna; product:large subunit ribosomal rna; product:lsu rrna,"50S ribosomal subunit, 23S rRNA peptidyl-transferase center",curated_class_level,2,matched configured target marker
562.65816,gentamicin,present,True,product:16s rrna; product:ribosomal protein s12; product:small subunit ribosomal rna; product:ssu rrna,"30S ribosomal subunit, 16S rRNA A-site",curated_class_level,1,matched configured target marker
562.65816,ampicillin,present,True,product:d-alanyl-d-alanine carboxypeptidase; product:penicillin-binding protein,penicillin-binding proteins,curated_class_level,2,matched configured target marker
562.65816,amoxicillin,present,True,product:d-alanyl-d-alanine carboxypeptidase; product:penicillin-binding protein,penicillin-binding proteins,curated_class_level,2,matched configured target marker
562.65816,ceftazidime,present,True,product:d-alanyl-d-alanine carboxypeptidase; product:penicillin-binding protein,penicillin-binding proteins,curated_class_level,2,matched configured target marker
562.65817,cefotaxime,present,True,product:d-alanyl-d-alanine carboxypeptidase; product:penicillin-binding protein,penicillin-binding proteins,curated_class_level,2,matched configured target marker
562.65817,chloramphenicol,present,True,product:23s rrna; product:large subunit ribosomal rna; product:lsu rrna,"50S ribosomal subunit, 23S rRNA peptidyl-transferase center",curated_class_level,2,matched configured target marker
562.65817,gentamicin,present,True,product:16s rrna; product:ribosomal protein s12; product:small subunit ribosomal rna; product:ssu rrna,"30S ribosomal subunit, 16S rRNA A-site",curated_class_level,1,matched configured target marker
562.65817,ampicillin,present,True,product:d-alanyl-d-alanine carboxypeptidase; product:penicillin-binding protein,penicillin-binding proteins,curated_class_level,2,matched configured target marker
562.65817,amoxicillin,present,True,product:d-alanyl-d-alanine carboxypeptidase; product:penicillin-binding protein,penicillin-binding proteins,curated_class_level,2,matched configured target marker
562.65817,ceftazidime,present,True,product:d-alanyl-d-alanine carboxypeptidase; product:penicillin-binding protein,penicillin-binding proteins,curated_class_level,2,matched configured target marker
562.65818,cefotaxime,present,True,product:d-alanyl-d-alanine carboxypeptidase; product:penicillin-binding protein,penicillin-binding proteins,curated_class_level,2,matched configured target marker
562.65818,chloramphenicol,present,True,product:23s rrna; product:large subunit ribosomal rna; product:lsu rrna,"50S ribosomal subunit, 23S rRNA peptidyl-transferase center",curated_class_level,2,matched configured target marker
562.65818,gentamicin,present,True,product:16s rrna; product:ribosomal protein s12; product:small subunit ribosomal rna; product:ssu rrna,"30S ribosomal subunit, 16S rRNA A-site",curated_class_level,1,matched configured target marker
562.65818,ampicillin,present,True,product:d-alanyl-d-alanine carboxypeptidase; product:penicillin-binding protein,penicillin-binding proteins,curated_class_level,2,matched configured target marker
562.65818,amoxicillin,present,True,product:d-alanyl-d-alanine carboxypeptidase; product:penicillin-binding protein,penicillin-binding proteins,curated_class_level,2,matched configured target marker
562.65818,ceftazidime,present,True,product:d-alanyl-d-alanine carboxypeptidase; product:penicillin-binding protein,penicillin-binding proteins,curated_class_level,2,matched configured target marker
562.65819,cefotaxime,present,True,product:d-alanyl-d-alanine carboxypeptidase; product:penicillin-binding protein,penicillin-binding proteins,curated_class_level,2,matched configured target marker
562.65819,chloramphenicol,present,True,product:23s rrna; product:large subunit ribosomal rna; product:lsu rrna,"50S ribosomal subunit, 23S rRNA peptidyl-transferase center",curated_class_level,2,matched configured target marker
562.65819,gentamicin,present,True,product:16s rrna; product:ribosomal protein s12; product:small subunit ribosomal rna; product:ssu rrna,"30S ribosomal subunit, 16S rRNA A-site",curated_class_level,1,matched configured target marker
562.65819,ampicillin,present,True,product:d-alanyl-d-alanine carboxypeptidase; product:penicillin-binding protein,penicillin-binding proteins,curated_class_level,2,matched configured target marker
562.65819,amoxicillin,present,True,product:d-alanyl-d-alanine carboxypeptidase; product:penicillin-binding protein,penicillin-binding proteins,curated_class_level,2,matched configured target marker
562.65819,ceftazidime,present,True,product:d-alanyl-d-alanine carboxypeptidase; product:penicillin-binding protein,penicillin-binding proteins,curated_class_level,2,matched configured target marker
562.135588,cefotaxime,present,True,product:d-alanyl-d-alanine carboxypeptidase; product:penicillin-binding protein,penicillin-binding proteins,curated_class_level,2,matched configured target marker
562.135588,chloramphenicol,present,True,product:23s rrna; product:large subunit ribosomal rna; product:lsu rrna,"50S ribosomal subunit, 23S rRNA peptidyl-transferase center",curated_class_level,2,matched configured target marker
562.135588,gentamicin,present,True,product:16s rrna; product:ribosomal protein s12; product:small subunit ribosomal rna; product:ssu rrna,"30S ribosomal subunit, 16S rRNA A-site",curated_class_level,1,matched configured target marker
562.135588,ampicillin,present,True,product:d-alanyl-d-alanine carboxypeptidase; product:penicillin-binding protein,penicillin-binding proteins,curated_class_level,2,matched configured target marker
562.135588,amoxicillin,present,True,product:d-alanyl-d-alanine carboxypeptidase; product:penicillin-binding protein,penicillin-binding proteins,curated_class_level,2,matched configured target marker
562.135588,ceftazidime,present,True,product:d-alanyl-d-alanine carboxypeptidase; product:penicillin-binding protein,penicillin-binding proteins,curated_class_level,2,matched configured target marker
562.135594,cefotaxime,present,True,product:d-alanyl-d-alanine carboxypeptidase; product:penicillin-binding protein,penicillin-binding proteins,curated_class_level,2,matched configured target marker
562.135594,chloramphenicol,present,True,product:23s rrna; product:large subunit ribosomal rna; product:lsu rrna,"50S ribosomal subunit, 23S rRNA peptidyl-transferase center",curated_class_level,2,matched configured target marker
562.135594,gentamicin,present,True,product:16s rrna; product:ribosomal protein s12; product:small subunit ribosomal rna; product:ssu rrna,"30S ribosomal subunit, 16S rRNA A-site",curated_class_level,1,matched configured target marker
562.135594,ampicillin,present,True,product:d-alanyl-d-alanine carboxypeptidase; product:penicillin-binding protein,penicillin-binding proteins,curated_class_level,2,matched configured target marker
562.135594,amoxicillin,present,True,product:d-alanyl-d-alanine carboxypeptidase; product:penicillin-binding protein,penicillin-binding proteins,curated_class_level,2,matched configured target marker
562.135594,ceftazidime,present,True,product:d-alanyl-d-alanine carboxypeptidase; product:penicillin-binding protein,penicillin-binding proteins,curated_class_level,2,matched configured target marker
562.13671,cefotaxime,present,True,product:d-alanyl-d-alanine carboxypeptidase; product:penicillin-binding protein,penicillin-binding proteins,curated_class_level,2,matched configured target marker
562.13671,chloramphenicol,present,True,product:23s rrna; product:50s ribosomal protein; product:lsu rrna,"50S ribosomal subunit, 23S rRNA peptidyl-transferase center",curated_class_level,2,matched configured target marker
562.13671,gentamicin,present,True,product:16s rrna; product:ribosomal protein s12; product:ssu rrna,"30S ribosomal subunit, 16S rRNA A-site",curated_class_level,1,matched configured target marker
562.13671,ampicillin,present,True,product:d-alanyl-d-alanine carboxypeptidase; product:penicillin-binding protein,penicillin-binding proteins,curated_class_level,2,matched configured target marker
562.13671,amoxicillin,present,True,product:d-alanyl-d-alanine carboxypeptidase; product:penicillin-binding protein,penicillin-binding proteins,curated_class_level,2,matched configured target marker
562.13671,ceftazidime,present,True,product:d-alanyl-d-alanine carboxypeptidase; product:penicillin-binding protein,penicillin-binding proteins,curated_class_level,2,matched configured target marker
1328437.3,cefotaxime,present,True,product:d-alanyl-d-alanine carboxypeptidase; product:penicillin-binding protein,penicillin-binding proteins,curated_class_level,2,matched configured target marker
1328437.3,chloramphenicol,present,True,product:23s rrna; product:50s ribosomal protein; product:large subunit ribosomal rna; product:lsu rrna,"50S ribosomal subunit, 23S rRNA peptidyl-transferase center",curated_class_level,2,matched configured target marker
1328437.3,gentamicin,present,True,product:16s rrna; product:ribosomal protein s12; product:small subunit ribosomal rna; product:ssu rrna,"30S ribosomal subunit, 16S rRNA A-site",curated_class_level,1,matched configured target marker
1328437.3,ampicillin,present,True,product:d-alanyl-d-alanine carboxypeptidase; product:penicillin-binding protein,penicillin-binding proteins,curated_class_level,2,matched configured target marker
1328437.3,amoxicillin,present,True,product:d-alanyl-d-alanine carboxypeptidase; product:penicillin-binding protein,penicillin-binding proteins,curated_class_level,2,matched configured target marker
1328437.3,ceftazidime,present,True,product:d-alanyl-d-alanine carboxypeptidase; product:penicillin-binding protein,penicillin-binding proteins,curated_class_level,2,matched configured target marker
1328439.3,cefotaxime,present,True,product:d-alanyl-d-alanine carboxypeptidase; product:penicillin-binding protein,penicillin-binding proteins,curated_class_level,2,matched configured target marker
1328439.3,chloramphenicol,present,True,product:23s rrna; product:50s ribosomal protein; product:large subunit ribosomal rna; product:lsu rrna,"50S ribosomal subunit, 23S rRNA peptidyl-transferase center",curated_class_level,2,matched configured target marker
1328439.3,gentamicin,present,True,product:16s rrna; product:ribosomal protein s12; product:small subunit ribosomal rna; product:ssu rrna,"30S ribosomal subunit, 16S rRNA A-site",curated_class_level,1,matched configured target marker
1328439.3,ampicillin,present,True,product:d-alanyl-d-alanine carboxypeptidase; product:penicillin-binding protein,penicillin-binding proteins,curated_class_level,2,matched configured target marker
1328439.3,amoxicillin,present,True,product:d-alanyl-d-alanine carboxypeptidase; product:penicillin-binding protein,penicillin-binding proteins,curated_class_level,2,matched configured target marker
1328439.3,ceftazidime,present,True,product:d-alanyl-d-alanine carboxypeptidase; product:penicillin-binding protein,penicillin-binding proteins,curated_class_level,2,matched configured target marker
562.58765,cefotaxime,present,True,product:d-alanyl-d-alanine carboxypeptidase; product:penicillin-binding protein,penicillin-binding proteins,curated_class_level,2,matched configured target marker
562.58765,chloramphenicol,present,True,product:23s rrna; product:large subunit ribosomal rna; product:lsu rrna,"50S ribosomal subunit, 23S rRNA peptidyl-transferase center",curated_class_level,2,matched configured target marker
562.58765,gentamicin,present,True,product:16s rrna; product:ribosomal protein s12; product:small subunit ribosomal rna; product:ssu rrna,"30S ribosomal subunit, 16S rRNA A-site",curated_class_level,1,matched configured target marker
562.58765,ampicillin,present,True,product:d-alanyl-d-alanine carboxypeptidase; product:penicillin-binding protein,penicillin-binding proteins,curated_class_level,2,matched configured target marker
562.58765,amoxicillin,present,True,product:d-alanyl-d-alanine carboxypeptidase; product:penicillin-binding protein,penicillin-binding proteins,curated_class_level,2,matched configured target marker
562.58765,ceftazidime,present,True,product:d-alanyl-d-alanine carboxypeptidase; product:penicillin-binding protein,penicillin-binding proteins,curated_class_level,2,matched configured target marker
562.65136,cefotaxime,present,True,product:d-alanyl-d-alanine carboxypeptidase; product:penicillin-binding protein,penicillin-binding proteins,curated_class_level,2,matched configured target marker
562.65136,chloramphenicol,present,True,product:23s rrna; product:large subunit ribosomal rna; product:lsu rrna,"50S ribosomal subunit, 23S rRNA peptidyl-transferase center",curated_class_level,2,matched configured target marker
562.65136,gentamicin,present,True,product:16s rrna; product:ribosomal protein s12; product:small subunit ribosomal rna; product:ssu rrna,"30S ribosomal subunit, 16S rRNA A-site",curated_class_level,1,matched configured target marker
562.65136,ampicillin,present,True,product:d-alanyl-d-alanine carboxypeptidase; product:penicillin-binding protein,penicillin-binding proteins,curated_class_level,2,matched configured target marker
562.65136,amoxicillin,present,True,product:d-alanyl-d-alanine carboxypeptidase; product:penicillin-binding protein,penicillin-binding proteins,curated_class_level,2,matched configured target marker
562.65136,ceftazidime,present,True,product:d-alanyl-d-alanine carboxypeptidase; product:penicillin-binding protein,penicillin-binding proteins,curated_class_level,2,matched configured target marker
562.65138,cefotaxime,present,True,product:d-alanyl-d-alanine carboxypeptidase; product:penicillin-binding protein,penicillin-binding proteins,curated_class_level,2,matched configured target marker
562.65138,chloramphenicol,present,True,product:23s rrna; product:large subunit ribosomal rna; product:lsu rrna,"50S ribosomal subunit, 23S rRNA peptidyl-transferase center",curated_class_level,2,matched configured target marker
562.65138,gentamicin,present,True,product:16s rrna; product:ribosomal protein s12; product:small subunit ribosomal rna; product:ssu rrna,"30S ribosomal subunit, 16S rRNA A-site",curated_class_level,1,matched configured target marker
562.65138,ampicillin,present,True,product:d-alanyl-d-alanine carboxypeptidase; product:penicillin-binding protein,penicillin-binding proteins,curated_class_level,2,matched configured target marker
562.65138,amoxicillin,present,True,product:d-alanyl-d-alanine carboxypeptidase; product:penicillin-binding protein,penicillin-binding proteins,curated_class_level,2,matched configured target marker
562.65138,ceftazidime,present,True,product:d-alanyl-d-alanine carboxypeptidase; product:penicillin-binding protein,penicillin-binding proteins,curated_class_level,2,matched configured target marker
562.65143,cefotaxime,present,True,product:d-alanyl-d-alanine carboxypeptidase; product:penicillin-binding protein,penicillin-binding proteins,curated_class_level,2,matched configured target marker
562.65143,chloramphenicol,present,True,product:23s rrna; product:large subunit ribosomal rna; product:lsu rrna,"50S ribosomal subunit, 23S rRNA peptidyl-transferase center",curated_class_level,2,matched configured target marker
562.65143,gentamicin,present,True,product:16s rrna; product:ribosomal protein s12; product:small subunit ribosomal rna; product:ssu rrna,"30S ribosomal subunit, 16S rRNA A-site",curated_class_level,1,matched configured target marker
562.65143,ampicillin,present,True,product:d-alanyl-d-alanine carboxypeptidase; product:penicillin-binding protein,penicillin-binding proteins,curated_class_level,2,matched configured target marker
562.65143,amoxicillin,present,True,product:d-alanyl-d-alanine carboxypeptidase; product:penicillin-binding protein,penicillin-binding proteins,curated_class_level,2,matched configured target marker
562.65143,ceftazidime,present,True,product:d-alanyl-d-alanine carboxypeptidase; product:penicillin-binding protein,penicillin-binding proteins,curated_class_level,2,matched configured target marker
562.65145,cefotaxime,present,True,product:d-alanyl-d-alanine carboxypeptidase; product:penicillin-binding protein,penicillin-binding proteins,curated_class_level,2,matched configured target marker
562.65145,chloramphenicol,present,True,product:23s rrna; product:large subunit ribosomal rna; product:lsu rrna,"50S ribosomal subunit, 23S rRNA peptidyl-transferase center",curated_class_level,2,matched configured target marker
562.65145,gentamicin,present,True,product:16s rrna; product:ribosomal protein s12; product:small subunit ribosomal rna; product:ssu rrna,"30S ribosomal subunit, 16S rRNA A-site",curated_class_level,1,matched configured target marker
562.65145,ampicillin,present,True,product:d-alanyl-d-alanine carboxypeptidase; product:penicillin-binding protein,penicillin-binding proteins,curated_class_level,2,matched configured target marker
562.65145,amoxicillin,present,True,product:d-alanyl-d-alanine carboxypeptidase; product:penicillin-binding protein,penicillin-binding proteins,curated_class_level,2,matched configured target marker
562.65145,ceftazidime,present,True,product:d-alanyl-d-alanine carboxypeptidase; product:penicillin-binding protein,penicillin-binding proteins,curated_class_level,2,matched configured target marker
562.65146,cefotaxime,present,True,product:d-alanyl-d-alanine carboxypeptidase; product:penicillin-binding protein,penicillin-binding proteins,curated_class_level,2,matched configured target marker
562.65146,chloramphenicol,present,True,product:23s rrna; product:large subunit ribosomal rna; product:lsu rrna,"50S ribosomal subunit, 23S rRNA peptidyl-transferase center",curated_class_level,2,matched configured target marker
562.65146,gentamicin,present,True,product:16s rrna; product:ribosomal protein s12; product:small subunit ribosomal rna; product:ssu rrna,"30S ribosomal subunit, 16S rRNA A-site",curated_class_level,1,matched configured target marker
562.65146,ampicillin,present,True,product:d-alanyl-d-alanine carboxypeptidase; product:penicillin-binding protein,penicillin-binding proteins,curated_class_level,2,matched configured target marker
562.65146,amoxicillin,present,True,product:d-alanyl-d-alanine carboxypeptidase; product:penicillin-binding protein,penicillin-binding proteins,curated_class_level,2,matched configured target marker
562.65146,ceftazidime,present,True,product:d-alanyl-d-alanine carboxypeptidase; product:penicillin-binding protein,penicillin-binding proteins,curated_class_level,2,matched configured target marker
562.65161,cefotaxime,present,True,product:d-alanyl-d-alanine carboxypeptidase; product:penicillin-binding protein,penicillin-binding proteins,curated_class_level,2,matched configured target marker
562.65161,chloramphenicol,present,True,product:23s rrna; product:large subunit ribosomal rna; product:lsu rrna,"50S ribosomal subunit, 23S rRNA peptidyl-transferase center",curated_class_level,2,matched configured target marker
562.65161,gentamicin,present,True,product:16s rrna; product:ribosomal protein s12; product:small subunit ribosomal rna; product:ssu rrna,"30S ribosomal subunit, 16S rRNA A-site",curated_class_level,1,matched configured target marker
562.65161,ampicillin,present,True,product:d-alanyl-d-alanine carboxypeptidase; product:penicillin-binding protein,penicillin-binding proteins,curated_class_level,2,matched configured target marker
562.65161,amoxicillin,present,True,product:d-alanyl-d-alanine carboxypeptidase; product:penicillin-binding protein,penicillin-binding proteins,curated_class_level,2,matched configured target marker
562.65161,ceftazidime,present,True,product:d-alanyl-d-alanine carboxypeptidase; product:penicillin-binding protein,penicillin-binding proteins,curated_class_level,2,matched configured target marker
562.65164,cefotaxime,present,True,product:d-alanyl-d-alanine carboxypeptidase; product:penicillin-binding protein,penicillin-binding proteins,curated_class_level,2,matched configured target marker
562.65164,chloramphenicol,present,True,product:23s rrna; product:large subunit ribosomal rna; product:lsu rrna,"50S ribosomal subunit, 23S rRNA peptidyl-transferase center",curated_class_level,2,matched configured target marker
562.65164,gentamicin,present,True,product:16s rrna; product:ribosomal protein s12; product:small subunit ribosomal rna; product:ssu rrna,"30S ribosomal subunit, 16S rRNA A-site",curated_class_level,1,matched configured target marker
562.65164,ampicillin,present,True,product:d-alanyl-d-alanine carboxypeptidase; product:penicillin-binding protein,penicillin-binding proteins,curated_class_level,2,matched configured target marker
562.65164,amoxicillin,present,True,product:d-alanyl-d-alanine carboxypeptidase; product:penicillin-binding protein,penicillin-binding proteins,curated_class_level,2,matched configured target marker
562.65164,ceftazidime,present,True,product:d-alanyl-d-alanine carboxypeptidase; product:penicillin-binding protein,penicillin-binding proteins,curated_class_level,2,matched configured target marker
562.65166,cefotaxime,present,True,product:d-alanyl-d-alanine carboxypeptidase; product:penicillin-binding protein,penicillin-binding proteins,curated_class_level,2,matched configured target marker
562.65166,chloramphenicol,present,True,product:23s rrna; product:large subunit ribosomal rna; product:lsu rrna,"50S ribosomal subunit, 23S rRNA peptidyl-transferase center",curated_class_level,2,matched configured target marker
562.65166,gentamicin,present,True,product:16s rrna; product:ribosomal protein s12; product:small subunit ribosomal rna; product:ssu rrna,"30S ribosomal subunit, 16S rRNA A-site",curated_class_level,1,matched configured target marker
562.65166,ampicillin,present,True,product:d-alanyl-d-alanine carboxypeptidase; product:penicillin-binding protein,penicillin-binding proteins,curated_class_level,2,matched configured target marker
562.65166,amoxicillin,present,True,product:d-alanyl-d-alanine carboxypeptidase; product:penicillin-binding protein,penicillin-binding proteins,curated_class_level,2,matched configured target marker
562.65166,ceftazidime,present,True,product:d-alanyl-d-alanine carboxypeptidase; product:penicillin-binding protein,penicillin-binding proteins,curated_class_level,2,matched configured target marker
562.65204,cefotaxime,present,True,product:d-alanyl-d-alanine carboxypeptidase; product:penicillin-binding protein,penicillin-binding proteins,curated_class_level,2,matched configured target marker
562.65204,chloramphenicol,present,True,product:23s rrna; product:large subunit ribosomal rna; product:lsu rrna,"50S ribosomal subunit, 23S rRNA peptidyl-transferase center",curated_class_level,2,matched configured target marker
562.65204,gentamicin,present,True,product:16s rrna; product:ribosomal protein s12; product:small subunit ribosomal rna; product:ssu rrna,"30S ribosomal subunit, 16S rRNA A-site",curated_class_level,1,matched configured target marker
562.65204,ampicillin,present,True,product:d-alanyl-d-alanine carboxypeptidase; product:penicillin-binding protein,penicillin-binding proteins,curated_class_level,2,matched configured target marker
562.65204,amoxicillin,present,True,product:d-alanyl-d-alanine carboxypeptidase; product:penicillin-binding protein,penicillin-binding proteins,curated_class_level,2,matched configured target marker
562.65204,ceftazidime,present,True,product:d-alanyl-d-alanine carboxypeptidase; product:penicillin-binding protein,penicillin-binding proteins,curated_class_level,2,matched configured target marker
562.65237,cefotaxime,present,True,product:d-alanyl-d-alanine carboxypeptidase; product:penicillin-binding protein,penicillin-binding proteins,curated_class_level,2,matched configured target marker
562.65237,chloramphenicol,present,True,product:23s rrna; product:large subunit ribosomal rna; product:lsu rrna,"50S ribosomal subunit, 23S rRNA peptidyl-transferase center",curated_class_level,2,matched configured target marker
562.65237,gentamicin,present,True,product:16s rrna; product:ribosomal protein s12; product:small subunit ribosomal rna; product:ssu rrna,"30S ribosomal subunit, 16S rRNA A-site",curated_class_level,1,matched configured target marker
562.65237,ampicillin,present,True,product:d-alanyl-d-alanine carboxypeptidase; product:penicillin-binding protein,penicillin-binding proteins,curated_class_level,2,matched configured target marker
562.65237,amoxicillin,present,True,product:d-alanyl-d-alanine carboxypeptidase; product:penicillin-binding protein,penicillin-binding proteins,curated_class_level,2,matched configured target marker
562.65237,ceftazidime,present,True,product:d-alanyl-d-alanine carboxypeptidase; product:penicillin-binding protein,penicillin-binding proteins,curated_class_level,2,matched configured target marker
562.65239,cefotaxime,present,True,product:d-alanyl-d-alanine carboxypeptidase; product:penicillin-binding protein,penicillin-binding proteins,curated_class_level,2,matched configured target marker
562.65239,chloramphenicol,present,True,product:23s rrna; product:large subunit ribosomal rna; product:lsu rrna,"50S ribosomal subunit, 23S rRNA peptidyl-transferase center",curated_class_level,2,matched configured target marker
562.65239,gentamicin,present,True,product:16s rrna; product:ribosomal protein s12; product:small subunit ribosomal rna; product:ssu rrna,"30S ribosomal subunit, 16S rRNA A-site",curated_class_level,1,matched configured target marker
562.65239,ampicillin,present,True,product:d-alanyl-d-alanine carboxypeptidase; product:penicillin-binding protein,penicillin-binding proteins,curated_class_level,2,matched configured target marker
562.65239,amoxicillin,present,True,product:d-alanyl-d-alanine carboxypeptidase; product:penicillin-binding protein,penicillin-binding proteins,curated_class_level,2,matched configured target marker
562.65239,ceftazidime,present,True,product:d-alanyl-d-alanine carboxypeptidase; product:penicillin-binding protein,penicillin-binding proteins,curated_class_level,2,matched configured target marker
562.65242,cefotaxime,present,True,product:d-alanyl-d-alanine carboxypeptidase; product:penicillin-binding protein,penicillin-binding proteins,curated_class_level,2,matched configured target marker
562.65242,chloramphenicol,present,True,product:23s rrna; product:large subunit ribosomal rna; product:lsu rrna,"50S ribosomal subunit, 23S rRNA peptidyl-transferase center",curated_class_level,2,matched configured target marker
562.65242,gentamicin,present,True,product:16s rrna; product:ribosomal protein s12; product:small subunit ribosomal rna; product:ssu rrna,"30S ribosomal subunit, 16S rRNA A-site",curated_class_level,1,matched configured target marker
562.65242,ampicillin,present,True,product:d-alanyl-d-alanine carboxypeptidase; product:penicillin-binding protein,penicillin-binding proteins,curated_class_level,2,matched configured target marker
562.65242,amoxicillin,present,True,product:d-alanyl-d-alanine carboxypeptidase; product:penicillin-binding protein,penicillin-binding proteins,curated_class_level,2,matched configured target marker
562.65242,ceftazidime,present,True,product:d-alanyl-d-alanine carboxypeptidase; product:penicillin-binding protein,penicillin-binding proteins,curated_class_level,2,matched configured target marker
562.65246,cefotaxime,present,True,product:d-alanyl-d-alanine carboxypeptidase; product:penicillin-binding protein,penicillin-binding proteins,curated_class_level,2,matched configured target marker
562.65246,chloramphenicol,present,True,product:23s rrna; product:large subunit ribosomal rna; product:lsu rrna,"50S ribosomal subunit, 23S rRNA peptidyl-transferase center",curated_class_level,2,matched configured target marker
562.65246,gentamicin,present,True,product:16s rrna; product:ribosomal protein s12; product:small subunit ribosomal rna; product:ssu rrna,"30S ribosomal subunit, 16S rRNA A-site",curated_class_level,1,matched configured target marker
562.65246,ampicillin,present,True,product:d-alanyl-d-alanine carboxypeptidase; product:penicillin-binding protein,penicillin-binding proteins,curated_class_level,2,matched configured target marker
562.65246,amoxicillin,present,True,product:d-alanyl-d-alanine carboxypeptidase; product:penicillin-binding protein,penicillin-binding proteins,curated_class_level,2,matched configured target marker
562.65246,ceftazidime,present,True,product:d-alanyl-d-alanine carboxypeptidase; product:penicillin-binding protein,penicillin-binding proteins,curated_class_level,2,matched configured target marker
562.65259,cefotaxime,present,True,product:d-alanyl-d-alanine carboxypeptidase; product:penicillin-binding protein,penicillin-binding proteins,curated_class_level,2,matched configured target marker
562.65259,chloramphenicol,present,True,product:23s rrna; product:large subunit ribosomal rna; product:lsu rrna,"50S ribosomal subunit, 23S rRNA peptidyl-transferase center",curated_class_level,2,matched configured target marker
562.65259,gentamicin,present,True,product:16s rrna; product:ribosomal protein s12; product:small subunit ribosomal rna; product:ssu rrna,"30S ribosomal subunit, 16S rRNA A-site",curated_class_level,1,matched configured target marker
562.65259,ampicillin,present,True,product:d-alanyl-d-alanine carboxypeptidase; product:penicillin-binding protein,penicillin-binding proteins,curated_class_level,2,matched configured target marker
562.65259,amoxicillin,present,True,product:d-alanyl-d-alanine carboxypeptidase; product:penicillin-binding protein,penicillin-binding proteins,curated_class_level,2,matched configured target marker
562.65259,ceftazidime,present,True,product:d-alanyl-d-alanine carboxypeptidase; product:penicillin-binding protein,penicillin-binding proteins,curated_class_level,2,matched configured target marker
562.65265,cefotaxime,present,True,product:d-alanyl-d-alanine carboxypeptidase; product:penicillin-binding protein,penicillin-binding proteins,curated_class_level,2,matched configured target marker
562.65265,chloramphenicol,present,True,product:23s rrna; product:large subunit ribosomal rna; product:lsu rrna,"50S ribosomal subunit, 23S rRNA peptidyl-transferase center",curated_class_level,2,matched configured target marker
562.65265,gentamicin,present,True,product:16s rrna; product:ribosomal protein s12; product:small subunit ribosomal rna; product:ssu rrna,"30S ribosomal subunit, 16S rRNA A-site",curated_class_level,1,matched configured target marker
562.65265,ampicillin,present,True,product:d-alanyl-d-alanine carboxypeptidase; product:penicillin-binding protein,penicillin-binding proteins,curated_class_level,2,matched configured target marker
562.65265,amoxicillin,present,True,product:d-alanyl-d-alanine carboxypeptidase; product:penicillin-binding protein,penicillin-binding proteins,curated_class_level,2,matched configured target marker
562.65265,ceftazidime,present,True,product:d-alanyl-d-alanine carboxypeptidase; product:penicillin-binding protein,penicillin-binding proteins,curated_class_level,2,matched configured target marker
562.65268,cefotaxime,present,True,product:d-alanyl-d-alanine carboxypeptidase; product:penicillin-binding protein,penicillin-binding proteins,curated_class_level,2,matched configured target marker
562.65268,chloramphenicol,present,True,product:23s rrna; product:large subunit ribosomal rna; product:lsu rrna,"50S ribosomal subunit, 23S rRNA peptidyl-transferase center",curated_class_level,2,matched configured target marker
562.65268,gentamicin,present,True,product:16s rrna; product:ribosomal protein s12; product:small subunit ribosomal rna; product:ssu rrna,"30S ribosomal subunit, 16S rRNA A-site",curated_class_level,1,matched configured target marker
562.65268,ampicillin,present,True,product:d-alanyl-d-alanine carboxypeptidase; product:penicillin-binding protein,penicillin-binding proteins,curated_class_level,2,matched configured target marker
562.65268,amoxicillin,present,True,product:d-alanyl-d-alanine carboxypeptidase; product:penicillin-binding protein,penicillin-binding proteins,curated_class_level,2,matched configured target marker
562.65268,ceftazidime,present,True,product:d-alanyl-d-alanine carboxypeptidase; product:penicillin-binding protein,penicillin-binding proteins,curated_class_level,2,matched configured target marker
562.65269,cefotaxime,present,True,product:d-alanyl-d-alanine carboxypeptidase; product:penicillin-binding protein,penicillin-binding proteins,curated_class_level,2,matched configured target marker
562.65269,chloramphenicol,present,True,product:23s rrna; product:large subunit ribosomal rna; product:lsu rrna,"50S ribosomal subunit, 23S rRNA peptidyl-transferase center",curated_class_level,2,matched configured target marker
562.65269,gentamicin,present,True,product:16s rrna; product:ribosomal protein s12; product:small subunit ribosomal rna; product:ssu rrna,"30S ribosomal subunit, 16S rRNA A-site",curated_class_level,1,matched configured target marker
562.65269,ampicillin,present,True,product:d-alanyl-d-alanine carboxypeptidase; product:penicillin-binding protein,penicillin-binding proteins,curated_class_level,2,matched configured target marker
562.65269,amoxicillin,present,True,product:d-alanyl-d-alanine carboxypeptidase; product:penicillin-binding protein,penicillin-binding proteins,curated_class_level,2,matched configured target marker
562.65269,ceftazidime,present,True,product:d-alanyl-d-alanine carboxypeptidase; product:penicillin-binding protein,penicillin-binding proteins,curated_class_level,2,matched configured target marker
562.65282,cefotaxime,present,True,product:d-alanyl-d-alanine carboxypeptidase; product:penicillin-binding protein,penicillin-binding proteins,curated_class_level,2,matched configured target marker
562.65282,chloramphenicol,present,True,product:23s rrna; product:large subunit ribosomal rna; product:lsu rrna,"50S ribosomal subunit, 23S rRNA peptidyl-transferase center",curated_class_level,2,matched configured target marker
562.65282,gentamicin,present,True,product:16s rrna; product:ribosomal protein s12; product:small subunit ribosomal rna; product:ssu rrna,"30S ribosomal subunit, 16S rRNA A-site",curated_class_level,1,matched configured target marker
562.65282,ampicillin,present,True,product:d-alanyl-d-alanine carboxypeptidase; product:penicillin-binding protein,penicillin-binding proteins,curated_class_level,2,matched configured target marker
562.65282,amoxicillin,present,True,product:d-alanyl-d-alanine carboxypeptidase; product:penicillin-binding protein,penicillin-binding proteins,curated_class_level,2,matched configured target marker
562.65282,ceftazidime,present,True,product:d-alanyl-d-alanine carboxypeptidase; product:penicillin-binding protein,penicillin-binding proteins,curated_class_level,2,matched configured target marker
562.65285,cefotaxime,present,True,product:d-alanyl-d-alanine carboxypeptidase; product:penicillin-binding protein,penicillin-binding proteins,curated_class_level,2,matched configured target marker
562.65285,chloramphenicol,present,True,product:23s rrna; product:large subunit ribosomal rna; product:lsu rrna,"50S ribosomal subunit, 23S rRNA peptidyl-transferase center",curated_class_level,2,matched configured target marker
562.65285,gentamicin,present,True,product:16s rrna; product:ribosomal protein s12; product:small subunit ribosomal rna; product:ssu rrna,"30S ribosomal subunit, 16S rRNA A-site",curated_class_level,1,matched configured target marker
562.65285,ampicillin,present,True,product:d-alanyl-d-alanine carboxypeptidase; product:penicillin-binding protein,penicillin-binding proteins,curated_class_level,2,matched configured target marker
562.65285,amoxicillin,present,True,product:d-alanyl-d-alanine carboxypeptidase; product:penicillin-binding protein,penicillin-binding proteins,curated_class_level,2,matched configured target marker
562.65285,ceftazidime,present,True,product:d-alanyl-d-alanine carboxypeptidase; product:penicillin-binding protein,penicillin-binding proteins,curated_class_level,2,matched configured target marker
562.65298,cefotaxime,present,True,product:d-alanyl-d-alanine carboxypeptidase; product:penicillin-binding protein,penicillin-binding proteins,curated_class_level,2,matched configured target marker
562.65298,chloramphenicol,present,True,product:23s rrna; product:large subunit ribosomal rna; product:lsu rrna,"50S ribosomal subunit, 23S rRNA peptidyl-transferase center",curated_class_level,2,matched configured target marker
562.65298,gentamicin,present,True,product:16s rrna; product:ribosomal protein s12; product:small subunit ribosomal rna; product:ssu rrna,"30S ribosomal subunit, 16S rRNA A-site",curated_class_level,1,matched configured target marker
562.65298,ampicillin,present,True,product:d-alanyl-d-alanine carboxypeptidase; product:penicillin-binding protein,penicillin-binding proteins,curated_class_level,2,matched configured target marker
562.65298,amoxicillin,present,True,product:d-alanyl-d-alanine carboxypeptidase; product:penicillin-binding protein,penicillin-binding proteins,curated_class_level,2,matched configured target marker
562.65298,ceftazidime,present,True,product:d-alanyl-d-alanine carboxypeptidase; product:penicillin-binding protein,penicillin-binding proteins,curated_class_level,2,matched configured target marker
562.65302,cefotaxime,present,True,product:d-alanyl-d-alanine carboxypeptidase; product:penicillin-binding protein,penicillin-binding proteins,curated_class_level,2,matched configured target marker
562.65302,chloramphenicol,present,True,product:23s rrna; product:large subunit ribosomal rna; product:lsu rrna,"50S ribosomal subunit, 23S rRNA peptidyl-transferase center",curated_class_level,2,matched configured target marker
562.65302,gentamicin,present,True,product:16s rrna; product:ribosomal protein s12; product:small subunit ribosomal rna; product:ssu rrna,"30S ribosomal subunit, 16S rRNA A-site",curated_class_level,1,matched configured target marker
562.65302,ampicillin,present,True,product:d-alanyl-d-alanine carboxypeptidase; product:penicillin-binding protein,penicillin-binding proteins,curated_class_level,2,matched configured target marker
562.65302,amoxicillin,present,True,product:d-alanyl-d-alanine carboxypeptidase; product:penicillin-binding protein,penicillin-binding proteins,curated_class_level,2,matched configured target marker
562.65302,ceftazidime,present,True,product:d-alanyl-d-alanine carboxypeptidase; product:penicillin-binding protein,penicillin-binding proteins,curated_class_level,2,matched configured target marker
562.65329,cefotaxime,present,True,product:d-alanyl-d-alanine carboxypeptidase; product:penicillin-binding protein,penicillin-binding proteins,curated_class_level,2,matched configured target marker
562.65329,chloramphenicol,present,True,product:23s rrna; product:large subunit ribosomal rna; product:lsu rrna,"50S ribosomal subunit, 23S rRNA peptidyl-transferase center",curated_class_level,2,matched configured target marker
562.65329,gentamicin,present,True,product:16s rrna; product:ribosomal protein s12; product:small subunit ribosomal rna; product:ssu rrna,"30S ribosomal subunit, 16S rRNA A-site",curated_class_level,1,matched configured target marker
562.65329,ampicillin,present,True,product:d-alanyl-d-alanine carboxypeptidase; product:penicillin-binding protein,penicillin-binding proteins,curated_class_level,2,matched configured target marker
562.65329,amoxicillin,present,True,product:d-alanyl-d-alanine carboxypeptidase; product:penicillin-binding protein,penicillin-binding proteins,curated_class_level,2,matched configured target marker
562.65329,ceftazidime,present,True,product:d-alanyl-d-alanine carboxypeptidase; product:penicillin-binding protein,penicillin-binding proteins,curated_class_level,2,matched configured target marker
562.65341,cefotaxime,present,True,product:d-alanyl-d-alanine carboxypeptidase; product:penicillin-binding protein,penicillin-binding proteins,curated_class_level,2,matched configured target marker
562.65341,chloramphenicol,present,True,product:23s rrna; product:large subunit ribosomal rna; product:lsu rrna,"50S ribosomal subunit, 23S rRNA peptidyl-transferase center",curated_class_level,2,matched configured target marker
562.65341,gentamicin,present,True,product:16s rrna; product:ribosomal protein s12; product:small subunit ribosomal rna; product:ssu rrna,"30S ribosomal subunit, 16S rRNA A-site",curated_class_level,1,matched configured target marker
562.65341,ampicillin,present,True,product:d-alanyl-d-alanine carboxypeptidase; product:penicillin-binding protein,penicillin-binding proteins,curated_class_level,2,matched configured target marker
562.65341,amoxicillin,present,True,product:d-alanyl-d-alanine carboxypeptidase; product:penicillin-binding protein,penicillin-binding proteins,curated_class_level,2,matched configured target marker
562.65341,ceftazidime,present,True,product:d-alanyl-d-alanine carboxypeptidase; product:penicillin-binding protein,penicillin-binding proteins,curated_class_level,2,matched configured target marker
562.65359,cefotaxime,present,True,product:d-alanyl-d-alanine carboxypeptidase; product:penicillin-binding protein,penicillin-binding proteins,curated_class_level,2,matched configured target marker
562.65359,chloramphenicol,present,True,product:23s rrna; product:large subunit ribosomal rna; product:lsu rrna,"50S ribosomal subunit, 23S rRNA peptidyl-transferase center",curated_class_level,2,matched configured target marker
562.65359,gentamicin,present,True,product:16s rrna; product:ribosomal protein s12; product:small subunit ribosomal rna; product:ssu rrna,"30S ribosomal subunit, 16S rRNA A-site",curated_class_level,1,matched configured target marker
562.65359,ampicillin,present,True,product:d-alanyl-d-alanine carboxypeptidase; product:penicillin-binding protein,penicillin-binding proteins,curated_class_level,2,matched configured target marker
562.65359,amoxicillin,present,True,product:d-alanyl-d-alanine carboxypeptidase; product:penicillin-binding protein,penicillin-binding proteins,curated_class_level,2,matched configured target marker
562.65359,ceftazidime,present,True,product:d-alanyl-d-alanine carboxypeptidase; product:penicillin-binding protein,penicillin-binding proteins,curated_class_level,2,matched configured target marker
562.65374,cefotaxime,present,True,product:d-alanyl-d-alanine carboxypeptidase; product:penicillin-binding protein,penicillin-binding proteins,curated_class_level,2,matched configured target marker
562.65374,chloramphenicol,present,True,product:23s rrna; product:large subunit ribosomal rna; product:lsu rrna,"50S ribosomal subunit, 23S rRNA peptidyl-transferase center",curated_class_level,2,matched configured target marker
562.65374,gentamicin,present,True,product:16s rrna; product:ribosomal protein s12; product:small subunit ribosomal rna; product:ssu rrna,"30S ribosomal subunit, 16S rRNA A-site",curated_class_level,1,matched configured target marker
562.65374,ampicillin,present,True,product:d-alanyl-d-alanine carboxypeptidase; product:penicillin-binding protein,penicillin-binding proteins,curated_class_level,2,matched configured target marker
562.65374,amoxicillin,present,True,product:d-alanyl-d-alanine carboxypeptidase; product:penicillin-binding protein,penicillin-binding proteins,curated_class_level,2,matched configured target marker
562.65374,ceftazidime,present,True,product:d-alanyl-d-alanine carboxypeptidase; product:penicillin-binding protein,penicillin-binding proteins,curated_class_level,2,matched configured target marker
562.65382,cefotaxime,present,True,product:d-alanyl-d-alanine carboxypeptidase; product:penicillin-binding protein,penicillin-binding proteins,curated_class_level,2,matched configured target marker
562.65382,chloramphenicol,present,True,product:23s rrna; product:large subunit ribosomal rna; product:lsu rrna,"50S ribosomal subunit, 23S rRNA peptidyl-transferase center",curated_class_level,2,matched configured target marker
562.65382,gentamicin,present,True,product:16s rrna; product:ribosomal protein s12; product:small subunit ribosomal rna; product:ssu rrna,"30S ribosomal subunit, 16S rRNA A-site",curated_class_level,1,matched configured target marker
562.65382,ampicillin,present,True,product:d-alanyl-d-alanine carboxypeptidase; product:penicillin-binding protein,penicillin-binding proteins,curated_class_level,2,matched configured target marker
562.65382,amoxicillin,present,True,product:d-alanyl-d-alanine carboxypeptidase; product:penicillin-binding protein,penicillin-binding proteins,curated_class_level,2,matched configured target marker
562.65382,ceftazidime,present,True,product:d-alanyl-d-alanine carboxypeptidase; product:penicillin-binding protein,penicillin-binding proteins,curated_class_level,2,matched configured target marker
562.65392,cefotaxime,present,True,product:d-alanyl-d-alanine carboxypeptidase; product:penicillin-binding protein,penicillin-binding proteins,curated_class_level,2,matched configured target marker
562.65392,chloramphenicol,present,True,product:23s rrna; product:large subunit ribosomal rna; product:lsu rrna,"50S ribosomal subunit, 23S rRNA peptidyl-transferase center",curated_class_level,2,matched configured target marker
562.65392,gentamicin,present,True,product:16s rrna; product:ribosomal protein s12; product:small subunit ribosomal rna; product:ssu rrna,"30S ribosomal subunit, 16S rRNA A-site",curated_class_level,1,matched configured target marker
562.65392,ampicillin,present,True,product:d-alanyl-d-alanine carboxypeptidase; product:penicillin-binding protein,penicillin-binding proteins,curated_class_level,2,matched configured target marker
562.65392,amoxicillin,present,True,product:d-alanyl-d-alanine carboxypeptidase; product:penicillin-binding protein,penicillin-binding proteins,curated_class_level,2,matched configured target marker
562.65392,ceftazidime,present,True,product:d-alanyl-d-alanine carboxypeptidase; product:penicillin-binding protein,penicillin-binding proteins,curated_class_level,2,matched configured target marker
562.65423,cefotaxime,present,True,product:d-alanyl-d-alanine carboxypeptidase; product:penicillin-binding protein,penicillin-binding proteins,curated_class_level,2,matched configured target marker
562.65423,chloramphenicol,present,True,product:23s rrna; product:large subunit ribosomal rna; product:lsu rrna,"50S ribosomal subunit, 23S rRNA peptidyl-transferase center",curated_class_level,2,matched configured target marker
562.65423,gentamicin,present,True,product:16s rrna; product:ribosomal protein s12; product:small subunit ribosomal rna; product:ssu rrna,"30S ribosomal subunit, 16S rRNA A-site",curated_class_level,1,matched configured target marker
562.65423,ampicillin,present,True,product:d-alanyl-d-alanine carboxypeptidase; product:penicillin-binding protein,penicillin-binding proteins,curated_class_level,2,matched configured target marker
562.65423,amoxicillin,present,True,product:d-alanyl-d-alanine carboxypeptidase; product:penicillin-binding protein,penicillin-binding proteins,curated_class_level,2,matched configured target marker
562.65423,ceftazidime,present,True,product:d-alanyl-d-alanine carboxypeptidase; product:penicillin-binding protein,penicillin-binding proteins,curated_class_level,2,matched configured target marker
562.65427,cefotaxime,present,True,product:d-alanyl-d-alanine carboxypeptidase; product:penicillin-binding protein,penicillin-binding proteins,curated_class_level,2,matched configured target marker
562.65427,chloramphenicol,present,True,product:23s rrna; product:large subunit ribosomal rna; product:lsu rrna,"50S ribosomal subunit, 23S rRNA peptidyl-transferase center",curated_class_level,2,matched configured target marker
562.65427,gentamicin,present,True,product:16s rrna; product:ribosomal protein s12; product:small subunit ribosomal rna; product:ssu rrna,"30S ribosomal subunit, 16S rRNA A-site",curated_class_level,1,matched configured target marker
562.65427,ampicillin,present,True,product:d-alanyl-d-alanine carboxypeptidase; product:penicillin-binding protein,penicillin-binding proteins,curated_class_level,2,matched configured target marker
562.65427,amoxicillin,present,True,product:d-alanyl-d-alanine carboxypeptidase; product:penicillin-binding protein,penicillin-binding proteins,curated_class_level,2,matched configured target marker
562.65427,ceftazidime,present,True,product:d-alanyl-d-alanine carboxypeptidase; product:penicillin-binding protein,penicillin-binding proteins,curated_class_level,2,matched configured target marker
562.65438,cefotaxime,present,True,product:d-alanyl-d-alanine carboxypeptidase; product:penicillin-binding protein,penicillin-binding proteins,curated_class_level,2,matched configured target marker
562.65438,chloramphenicol,present,True,product:23s rrna; product:large subunit ribosomal rna; product:lsu rrna,"50S ribosomal subunit, 23S rRNA peptidyl-transferase center",curated_class_level,2,matched configured target marker
562.65438,gentamicin,present,True,product:16s rrna; product:ribosomal protein s12; product:small subunit ribosomal rna; product:ssu rrna,"30S ribosomal subunit, 16S rRNA A-site",curated_class_level,1,matched configured target marker
562.65438,ampicillin,present,True,product:d-alanyl-d-alanine carboxypeptidase; product:penicillin-binding protein,penicillin-binding proteins,curated_class_level,2,matched configured target marker
562.65438,amoxicillin,present,True,product:d-alanyl-d-alanine carboxypeptidase; product:penicillin-binding protein,penicillin-binding proteins,curated_class_level,2,matched configured target marker
562.65438,ceftazidime,present,True,product:d-alanyl-d-alanine carboxypeptidase; product:penicillin-binding protein,penicillin-binding proteins,curated_class_level,2,matched configured target marker
562.65441,cefotaxime,present,True,product:d-alanyl-d-alanine carboxypeptidase; product:penicillin-binding protein,penicillin-binding proteins,curated_class_level,2,matched configured target marker
562.65441,chloramphenicol,present,True,product:23s rrna; product:large subunit ribosomal rna; product:lsu rrna,"50S ribosomal subunit, 23S rRNA peptidyl-transferase center",curated_class_level,2,matched configured target marker
562.65441,gentamicin,present,True,product:16s rrna; product:ribosomal protein s12; product:small subunit ribosomal rna; product:ssu rrna,"30S ribosomal subunit, 16S rRNA A-site",curated_class_level,1,matched configured target marker
562.65441,ampicillin,present,True,product:d-alanyl-d-alanine carboxypeptidase; product:penicillin-binding protein,penicillin-binding proteins,curated_class_level,2,matched configured target marker
562.65441,amoxicillin,present,True,product:d-alanyl-d-alanine carboxypeptidase; product:penicillin-binding protein,penicillin-binding proteins,curated_class_level,2,matched configured target marker
562.65441,ceftazidime,present,True,product:d-alanyl-d-alanine carboxypeptidase; product:penicillin-binding protein,penicillin-binding proteins,curated_class_level,2,matched configured target marker
562.65446,cefotaxime,present,True,product:d-alanyl-d-alanine carboxypeptidase; product:penicillin-binding protein,penicillin-binding proteins,curated_class_level,2,matched configured target marker
562.65446,chloramphenicol,present,True,product:23s rrna; product:large subunit ribosomal rna; product:lsu rrna,"50S ribosomal subunit, 23S rRNA peptidyl-transferase center",curated_class_level,2,matched configured target marker
562.65446,gentamicin,present,True,product:16s rrna; product:ribosomal protein s12; product:small subunit ribosomal rna; product:ssu rrna,"30S ribosomal subunit, 16S rRNA A-site",curated_class_level,1,matched configured target marker
562.65446,ampicillin,present,True,product:d-alanyl-d-alanine carboxypeptidase; product:penicillin-binding protein,penicillin-binding proteins,curated_class_level,2,matched configured target marker
562.65446,amoxicillin,present,True,product:d-alanyl-d-alanine carboxypeptidase; product:penicillin-binding protein,penicillin-binding proteins,curated_class_level,2,matched configured target marker
562.65446,ceftazidime,present,True,product:d-alanyl-d-alanine carboxypeptidase; product:penicillin-binding protein,penicillin-binding proteins,curated_class_level,2,matched configured target marker
562.65448,cefotaxime,present,True,product:d-alanyl-d-alanine carboxypeptidase; product:penicillin-binding protein,penicillin-binding proteins,curated_class_level,2,matched configured target marker
562.65448,chloramphenicol,present,True,product:23s rrna; product:large subunit ribosomal rna; product:lsu rrna,"50S ribosomal subunit, 23S rRNA peptidyl-transferase center",curated_class_level,2,matched configured target marker
562.65448,gentamicin,present,True,product:16s rrna; product:ribosomal protein s12; product:small subunit ribosomal rna; product:ssu rrna,"30S ribosomal subunit, 16S rRNA A-site",curated_class_level,1,matched configured target marker
562.65448,ampicillin,present,True,product:d-alanyl-d-alanine carboxypeptidase; product:penicillin-binding protein,penicillin-binding proteins,curated_class_level,2,matched configured target marker
562.65448,amoxicillin,present,True,product:d-alanyl-d-alanine carboxypeptidase; product:penicillin-binding protein,penicillin-binding proteins,curated_class_level,2,matched configured target marker
562.65448,ceftazidime,present,True,product:d-alanyl-d-alanine carboxypeptidase; product:penicillin-binding protein,penicillin-binding proteins,curated_class_level,2,matched configured target marker
562.65457,cefotaxime,unknown_annotation,False,,penicillin-binding proteins,curated_class_level,2,"500 Server Error: Internal Server Error for url: https://www.bv-brc.org/api/genome_feature/?eq(genome_id,562.65457)&select(genome_id,patric_id,refseq_locus_tag,gene,product,feature_type,annotation)&limit(25000)&http_accept=application/json"
562.65457,chloramphenicol,unknown_annotation,False,,"50S ribosomal subunit, 23S rRNA peptidyl-transferase center",curated_class_level,2,"500 Server Error: Internal Server Error for url: https://www.bv-brc.org/api/genome_feature/?eq(genome_id,562.65457)&select(genome_id,patric_id,refseq_locus_tag,gene,product,feature_type,annotation)&limit(25000)&http_accept=application/json"
562.65457,gentamicin,unknown_annotation,False,,"30S ribosomal subunit, 16S rRNA A-site",curated_class_level,1,"500 Server Error: Internal Server Error for url: https://www.bv-brc.org/api/genome_feature/?eq(genome_id,562.65457)&select(genome_id,patric_id,refseq_locus_tag,gene,product,feature_type,annotation)&limit(25000)&http_accept=application/json"
562.65457,ampicillin,unknown_annotation,False,,penicillin-binding proteins,curated_class_level,2,"500 Server Error: Internal Server Error for url: https://www.bv-brc.org/api/genome_feature/?eq(genome_id,562.65457)&select(genome_id,patric_id,refseq_locus_tag,gene,product,feature_type,annotation)&limit(25000)&http_accept=application/json"
562.65457,amoxicillin,unknown_annotation,False,,penicillin-binding proteins,curated_class_level,2,"500 Server Error: Internal Server Error for url: https://www.bv-brc.org/api/genome_feature/?eq(genome_id,562.65457)&select(genome_id,patric_id,refseq_locus_tag,gene,product,feature_type,annotation)&limit(25000)&http_accept=application/json"
562.65457,ceftazidime,unknown_annotation,False,,penicillin-binding proteins,curated_class_level,2,"500 Server Error: Internal Server Error for url: https://www.bv-brc.org/api/genome_feature/?eq(genome_id,562.65457)&select(genome_id,patric_id,refseq_locus_tag,gene,product,feature_type,annotation)&limit(25000)&http_accept=application/json"
562.65459,cefotaxime,present,True,product:d-alanyl-d-alanine carboxypeptidase; product:penicillin-binding protein,penicillin-binding proteins,curated_class_level,2,matched configured target marker
562.65459,chloramphenicol,present,True,product:23s rrna; product:large subunit ribosomal rna; product:lsu rrna,"50S ribosomal subunit, 23S rRNA peptidyl-transferase center",curated_class_level,2,matched configured target marker
562.65459,gentamicin,present,True,product:16s rrna; product:ribosomal protein s12; product:small subunit ribosomal rna; product:ssu rrna,"30S ribosomal subunit, 16S rRNA A-site",curated_class_level,1,matched configured target marker
562.65459,ampicillin,present,True,product:d-alanyl-d-alanine carboxypeptidase; product:penicillin-binding protein,penicillin-binding proteins,curated_class_level,2,matched configured target marker
562.65459,amoxicillin,present,True,product:d-alanyl-d-alanine carboxypeptidase; product:penicillin-binding protein,penicillin-binding proteins,curated_class_level,2,matched configured target marker
562.65459,ceftazidime,present,True,product:d-alanyl-d-alanine carboxypeptidase; product:penicillin-binding protein,penicillin-binding proteins,curated_class_level,2,matched configured target marker
562.65464,cefotaxime,present,True,product:d-alanyl-d-alanine carboxypeptidase; product:penicillin-binding protein,penicillin-binding proteins,curated_class_level,2,matched configured target marker
562.65464,chloramphenicol,present,True,product:23s rrna; product:large subunit ribosomal rna; product:lsu rrna,"50S ribosomal subunit, 23S rRNA peptidyl-transferase center",curated_class_level,2,matched configured target marker
562.65464,gentamicin,present,True,product:16s rrna; product:ribosomal protein s12; product:small subunit ribosomal rna; product:ssu rrna,"30S ribosomal subunit, 16S rRNA A-site",curated_class_level,1,matched configured target marker
562.65464,ampicillin,present,True,product:d-alanyl-d-alanine carboxypeptidase; product:penicillin-binding protein,penicillin-binding proteins,curated_class_level,2,matched configured target marker
562.65464,amoxicillin,present,True,product:d-alanyl-d-alanine carboxypeptidase; product:penicillin-binding protein,penicillin-binding proteins,curated_class_level,2,matched configured target marker
562.65464,ceftazidime,present,True,product:d-alanyl-d-alanine carboxypeptidase; product:penicillin-binding protein,penicillin-binding proteins,curated_class_level,2,matched configured target marker
562.65479,cefotaxime,present,True,product:d-alanyl-d-alanine carboxypeptidase; product:penicillin-binding protein,penicillin-binding proteins,curated_class_level,2,matched configured target marker
562.65479,chloramphenicol,present,True,product:23s rrna; product:large subunit ribosomal rna; product:lsu rrna,"50S ribosomal subunit, 23S rRNA peptidyl-transferase center",curated_class_level,2,matched configured target marker
562.65479,gentamicin,present,True,product:16s rrna; product:ribosomal protein s12; product:small subunit ribosomal rna; product:ssu rrna,"30S ribosomal subunit, 16S rRNA A-site",curated_class_level,1,matched configured target marker
562.65479,ampicillin,present,True,product:d-alanyl-d-alanine carboxypeptidase; product:penicillin-binding protein,penicillin-binding proteins,curated_class_level,2,matched configured target marker
562.65479,amoxicillin,present,True,product:d-alanyl-d-alanine carboxypeptidase; product:penicillin-binding protein,penicillin-binding proteins,curated_class_level,2,matched configured target marker
562.65479,ceftazidime,present,True,product:d-alanyl-d-alanine carboxypeptidase; product:penicillin-binding protein,penicillin-binding proteins,curated_class_level,2,matched configured target marker
562.65497,cefotaxime,present,True,product:d-alanyl-d-alanine carboxypeptidase; product:penicillin-binding protein,penicillin-binding proteins,curated_class_level,2,matched configured target marker
562.65497,chloramphenicol,present,True,product:23s rrna; product:large subunit ribosomal rna; product:lsu rrna,"50S ribosomal subunit, 23S rRNA peptidyl-transferase center",curated_class_level,2,matched configured target marker
562.65497,gentamicin,present,True,product:16s rrna; product:ribosomal protein s12; product:small subunit ribosomal rna; product:ssu rrna,"30S ribosomal subunit, 16S rRNA A-site",curated_class_level,1,matched configured target marker
562.65497,ampicillin,present,True,product:d-alanyl-d-alanine carboxypeptidase; product:penicillin-binding protein,penicillin-binding proteins,curated_class_level,2,matched configured target marker
562.65497,amoxicillin,present,True,product:d-alanyl-d-alanine carboxypeptidase; product:penicillin-binding protein,penicillin-binding proteins,curated_class_level,2,matched configured target marker
562.65497,ceftazidime,present,True,product:d-alanyl-d-alanine carboxypeptidase; product:penicillin-binding protein,penicillin-binding proteins,curated_class_level,2,matched configured target marker
562.65499,cefotaxime,present,True,product:d-alanyl-d-alanine carboxypeptidase; product:penicillin-binding protein,penicillin-binding proteins,curated_class_level,2,matched configured target marker
562.65499,chloramphenicol,present,True,product:23s rrna; product:large subunit ribosomal rna; product:lsu rrna,"50S ribosomal subunit, 23S rRNA peptidyl-transferase center",curated_class_level,2,matched configured target marker
562.65499,gentamicin,present,True,product:16s rrna; product:ribosomal protein s12; product:small subunit ribosomal rna; product:ssu rrna,"30S ribosomal subunit, 16S rRNA A-site",curated_class_level,1,matched configured target marker
562.65499,ampicillin,present,True,product:d-alanyl-d-alanine carboxypeptidase; product:penicillin-binding protein,penicillin-binding proteins,curated_class_level,2,matched configured target marker
562.65499,amoxicillin,present,True,product:d-alanyl-d-alanine carboxypeptidase; product:penicillin-binding protein,penicillin-binding proteins,curated_class_level,2,matched configured target marker
562.65499,ceftazidime,present,True,product:d-alanyl-d-alanine carboxypeptidase; product:penicillin-binding protein,penicillin-binding proteins,curated_class_level,2,matched configured target marker
562.65506,cefotaxime,present,True,product:d-alanyl-d-alanine carboxypeptidase; product:penicillin-binding protein,penicillin-binding proteins,curated_class_level,2,matched configured target marker
562.65506,chloramphenicol,present,True,product:23s rrna; product:large subunit ribosomal rna; product:lsu rrna,"50S ribosomal subunit, 23S rRNA peptidyl-transferase center",curated_class_level,2,matched configured target marker
562.65506,gentamicin,present,True,product:16s rrna; product:ribosomal protein s12; product:small subunit ribosomal rna; product:ssu rrna,"30S ribosomal subunit, 16S rRNA A-site",curated_class_level,1,matched configured target marker
562.65506,ampicillin,present,True,product:d-alanyl-d-alanine carboxypeptidase; product:penicillin-binding protein,penicillin-binding proteins,curated_class_level,2,matched configured target marker
562.65506,amoxicillin,present,True,product:d-alanyl-d-alanine carboxypeptidase; product:penicillin-binding protein,penicillin-binding proteins,curated_class_level,2,matched configured target marker
562.65506,ceftazidime,present,True,product:d-alanyl-d-alanine carboxypeptidase; product:penicillin-binding protein,penicillin-binding proteins,curated_class_level,2,matched configured target marker
562.65524,cefotaxime,present,True,product:d-alanyl-d-alanine carboxypeptidase; product:penicillin-binding protein,penicillin-binding proteins,curated_class_level,2,matched configured target marker
562.65524,chloramphenicol,present,True,product:23s rrna; product:large subunit ribosomal rna; product:lsu rrna,"50S ribosomal subunit, 23S rRNA peptidyl-transferase center",curated_class_level,2,matched configured target marker
562.65524,gentamicin,present,True,product:16s rrna; product:ribosomal protein s12; product:small subunit ribosomal rna; product:ssu rrna,"30S ribosomal subunit, 16S rRNA A-site",curated_class_level,1,matched configured target marker
562.65524,ampicillin,present,True,product:d-alanyl-d-alanine carboxypeptidase; product:penicillin-binding protein,penicillin-binding proteins,curated_class_level,2,matched configured target marker
562.65524,amoxicillin,present,True,product:d-alanyl-d-alanine carboxypeptidase; product:penicillin-binding protein,penicillin-binding proteins,curated_class_level,2,matched configured target marker
562.65524,ceftazidime,present,True,product:d-alanyl-d-alanine carboxypeptidase; product:penicillin-binding protein,penicillin-binding proteins,curated_class_level,2,matched configured target marker
562.65536,cefotaxime,present,True,product:d-alanyl-d-alanine carboxypeptidase; product:penicillin-binding protein,penicillin-binding proteins,curated_class_level,2,matched configured target marker
562.65536,chloramphenicol,present,True,product:23s rrna; product:large subunit ribosomal rna; product:lsu rrna,"50S ribosomal subunit, 23S rRNA peptidyl-transferase center",curated_class_level,2,matched configured target marker
562.65536,gentamicin,present,True,product:16s rrna; product:ribosomal protein s12; product:small subunit ribosomal rna; product:ssu rrna,"30S ribosomal subunit, 16S rRNA A-site",curated_class_level,1,matched configured target marker
562.65536,ampicillin,present,True,product:d-alanyl-d-alanine carboxypeptidase; product:penicillin-binding protein,penicillin-binding proteins,curated_class_level,2,matched configured target marker
562.65536,amoxicillin,present,True,product:d-alanyl-d-alanine carboxypeptidase; product:penicillin-binding protein,penicillin-binding proteins,curated_class_level,2,matched configured target marker
562.65536,ceftazidime,present,True,product:d-alanyl-d-alanine carboxypeptidase; product:penicillin-binding protein,penicillin-binding proteins,curated_class_level,2,matched configured target marker
562.65538,cefotaxime,present,True,product:d-alanyl-d-alanine carboxypeptidase; product:penicillin-binding protein,penicillin-binding proteins,curated_class_level,2,matched configured target marker
562.65538,chloramphenicol,present,True,product:23s rrna; product:large subunit ribosomal rna; product:lsu rrna,"50S ribosomal subunit, 23S rRNA peptidyl-transferase center",curated_class_level,2,matched configured target marker
562.65538,gentamicin,present,True,product:16s rrna; product:ribosomal protein s12; product:small subunit ribosomal rna; product:ssu rrna,"30S ribosomal subunit, 16S rRNA A-site",curated_class_level,1,matched configured target marker
562.65538,ampicillin,present,True,product:d-alanyl-d-alanine carboxypeptidase; product:penicillin-binding protein,penicillin-binding proteins,curated_class_level,2,matched configured target marker
562.65538,amoxicillin,present,True,product:d-alanyl-d-alanine carboxypeptidase; product:penicillin-binding protein,penicillin-binding proteins,curated_class_level,2,matched configured target marker
562.65538,ceftazidime,present,True,product:d-alanyl-d-alanine carboxypeptidase; product:penicillin-binding protein,penicillin-binding proteins,curated_class_level,2,matched configured target marker
562.65545,cefotaxime,present,True,product:d-alanyl-d-alanine carboxypeptidase; product:penicillin-binding protein,penicillin-binding proteins,curated_class_level,2,matched configured target marker
562.65545,chloramphenicol,present,True,product:23s rrna; product:large subunit ribosomal rna; product:lsu rrna,"50S ribosomal subunit, 23S rRNA peptidyl-transferase center",curated_class_level,2,matched configured target marker
562.65545,gentamicin,present,True,product:16s rrna; product:ribosomal protein s12; product:small subunit ribosomal rna; product:ssu rrna,"30S ribosomal subunit, 16S rRNA A-site",curated_class_level,1,matched configured target marker
562.65545,ampicillin,present,True,product:d-alanyl-d-alanine carboxypeptidase; product:penicillin-binding protein,penicillin-binding proteins,curated_class_level,2,matched configured target marker
562.65545,amoxicillin,present,True,product:d-alanyl-d-alanine carboxypeptidase; product:penicillin-binding protein,penicillin-binding proteins,curated_class_level,2,matched configured target marker
562.65545,ceftazidime,present,True,product:d-alanyl-d-alanine carboxypeptidase; product:penicillin-binding protein,penicillin-binding proteins,curated_class_level,2,matched configured target marker
562.65554,cefotaxime,present,True,product:d-alanyl-d-alanine carboxypeptidase; product:penicillin-binding protein,penicillin-binding proteins,curated_class_level,2,matched configured target marker
562.65554,chloramphenicol,present,True,product:23s rrna; product:large subunit ribosomal rna; product:lsu rrna,"50S ribosomal subunit, 23S rRNA peptidyl-transferase center",curated_class_level,2,matched configured target marker
562.65554,gentamicin,present,True,product:16s rrna; product:ribosomal protein s12; product:small subunit ribosomal rna; product:ssu rrna,"30S ribosomal subunit, 16S rRNA A-site",curated_class_level,1,matched configured target marker
562.65554,ampicillin,present,True,product:d-alanyl-d-alanine carboxypeptidase; product:penicillin-binding protein,penicillin-binding proteins,curated_class_level,2,matched configured target marker
562.65554,amoxicillin,present,True,product:d-alanyl-d-alanine carboxypeptidase; product:penicillin-binding protein,penicillin-binding proteins,curated_class_level,2,matched configured target marker
562.65554,ceftazidime,present,True,product:d-alanyl-d-alanine carboxypeptidase; product:penicillin-binding protein,penicillin-binding proteins,curated_class_level,2,matched configured target marker
562.65558,cefotaxime,present,True,product:d-alanyl-d-alanine carboxypeptidase; product:penicillin-binding protein,penicillin-binding proteins,curated_class_level,2,matched configured target marker
562.65558,chloramphenicol,present,True,product:23s rrna; product:large subunit ribosomal rna; product:lsu rrna,"50S ribosomal subunit, 23S rRNA peptidyl-transferase center",curated_class_level,2,matched configured target marker
562.65558,gentamicin,present,True,product:16s rrna; product:ribosomal protein s12; product:small subunit ribosomal rna; product:ssu rrna,"30S ribosomal subunit, 16S rRNA A-site",curated_class_level,1,matched configured target marker
562.65558,ampicillin,present,True,product:d-alanyl-d-alanine carboxypeptidase; product:penicillin-binding protein,penicillin-binding proteins,curated_class_level,2,matched configured target marker
562.65558,amoxicillin,present,True,product:d-alanyl-d-alanine carboxypeptidase; product:penicillin-binding protein,penicillin-binding proteins,curated_class_level,2,matched configured target marker
562.65558,ceftazidime,present,True,product:d-alanyl-d-alanine carboxypeptidase; product:penicillin-binding protein,penicillin-binding proteins,curated_class_level,2,matched configured target marker
562.65559,cefotaxime,present,True,product:d-alanyl-d-alanine carboxypeptidase; product:penicillin-binding protein,penicillin-binding proteins,curated_class_level,2,matched configured target marker
562.65559,chloramphenicol,present,True,product:23s rrna; product:large subunit ribosomal rna; product:lsu rrna,"50S ribosomal subunit, 23S rRNA peptidyl-transferase center",curated_class_level,2,matched configured target marker
562.65559,gentamicin,present,True,product:16s rrna; product:ribosomal protein s12; product:small subunit ribosomal rna; product:ssu rrna,"30S ribosomal subunit, 16S rRNA A-site",curated_class_level,1,matched configured target marker
562.65559,ampicillin,present,True,product:d-alanyl-d-alanine carboxypeptidase; product:penicillin-binding protein,penicillin-binding proteins,curated_class_level,2,matched configured target marker
562.65559,amoxicillin,present,True,product:d-alanyl-d-alanine carboxypeptidase; product:penicillin-binding protein,penicillin-binding proteins,curated_class_level,2,matched configured target marker
562.65559,ceftazidime,present,True,product:d-alanyl-d-alanine carboxypeptidase; product:penicillin-binding protein,penicillin-binding proteins,curated_class_level,2,matched configured target marker
562.65562,cefotaxime,present,True,product:d-alanyl-d-alanine carboxypeptidase; product:penicillin-binding protein,penicillin-binding proteins,curated_class_level,2,matched configured target marker
562.65562,chloramphenicol,present,True,product:23s rrna; product:large subunit ribosomal rna; product:lsu rrna,"50S ribosomal subunit, 23S rRNA peptidyl-transferase center",curated_class_level,2,matched configured target marker
562.65562,gentamicin,present,True,product:16s rrna; product:ribosomal protein s12; product:small subunit ribosomal rna; product:ssu rrna,"30S ribosomal subunit, 16S rRNA A-site",curated_class_level,1,matched configured target marker
562.65562,ampicillin,present,True,product:d-alanyl-d-alanine carboxypeptidase; product:penicillin-binding protein,penicillin-binding proteins,curated_class_level,2,matched configured target marker
562.65562,amoxicillin,present,True,product:d-alanyl-d-alanine carboxypeptidase; product:penicillin-binding protein,penicillin-binding proteins,curated_class_level,2,matched configured target marker
562.65562,ceftazidime,present,True,product:d-alanyl-d-alanine carboxypeptidase; product:penicillin-binding protein,penicillin-binding proteins,curated_class_level,2,matched configured target marker
562.65564,cefotaxime,present,True,product:d-alanyl-d-alanine carboxypeptidase; product:penicillin-binding protein,penicillin-binding proteins,curated_class_level,2,matched configured target marker
562.65564,chloramphenicol,present,True,product:23s rrna; product:large subunit ribosomal rna; product:lsu rrna,"50S ribosomal subunit, 23S rRNA peptidyl-transferase center",curated_class_level,2,matched configured target marker
562.65564,gentamicin,present,True,product:16s rrna; product:ribosomal protein s12; product:small subunit ribosomal rna; product:ssu rrna,"30S ribosomal subunit, 16S rRNA A-site",curated_class_level,1,matched configured target marker
562.65564,ampicillin,present,True,product:d-alanyl-d-alanine carboxypeptidase; product:penicillin-binding protein,penicillin-binding proteins,curated_class_level,2,matched configured target marker
562.65564,amoxicillin,present,True,product:d-alanyl-d-alanine carboxypeptidase; product:penicillin-binding protein,penicillin-binding proteins,curated_class_level,2,matched configured target marker
562.65564,ceftazidime,present,True,product:d-alanyl-d-alanine carboxypeptidase; product:penicillin-binding protein,penicillin-binding proteins,curated_class_level,2,matched configured target marker
562.65566,cefotaxime,present,True,product:d-alanyl-d-alanine carboxypeptidase; product:penicillin-binding protein,penicillin-binding proteins,curated_class_level,2,matched configured target marker
562.65566,chloramphenicol,present,True,product:23s rrna; product:large subunit ribosomal rna; product:lsu rrna,"50S ribosomal subunit, 23S rRNA peptidyl-transferase center",curated_class_level,2,matched configured target marker
562.65566,gentamicin,present,True,product:16s rrna; product:ribosomal protein s12; product:small subunit ribosomal rna; product:ssu rrna,"30S ribosomal subunit, 16S rRNA A-site",curated_class_level,1,matched configured target marker
562.65566,ampicillin,present,True,product:d-alanyl-d-alanine carboxypeptidase; product:penicillin-binding protein,penicillin-binding proteins,curated_class_level,2,matched configured target marker
562.65566,amoxicillin,present,True,product:d-alanyl-d-alanine carboxypeptidase; product:penicillin-binding protein,penicillin-binding proteins,curated_class_level,2,matched configured target marker
562.65566,ceftazidime,present,True,product:d-alanyl-d-alanine carboxypeptidase; product:penicillin-binding protein,penicillin-binding proteins,curated_class_level,2,matched configured target marker
562.65572,cefotaxime,present,True,product:d-alanyl-d-alanine carboxypeptidase; product:penicillin-binding protein,penicillin-binding proteins,curated_class_level,2,matched configured target marker
562.65572,chloramphenicol,present,True,product:23s rrna; product:large subunit ribosomal rna; product:lsu rrna,"50S ribosomal subunit, 23S rRNA peptidyl-transferase center",curated_class_level,2,matched configured target marker
562.65572,gentamicin,present,True,product:16s rrna; product:ribosomal protein s12; product:small subunit ribosomal rna; product:ssu rrna,"30S ribosomal subunit, 16S rRNA A-site",curated_class_level,1,matched configured target marker
562.65572,ampicillin,present,True,product:d-alanyl-d-alanine carboxypeptidase; product:penicillin-binding protein,penicillin-binding proteins,curated_class_level,2,matched configured target marker
562.65572,amoxicillin,present,True,product:d-alanyl-d-alanine carboxypeptidase; product:penicillin-binding protein,penicillin-binding proteins,curated_class_level,2,matched configured target marker
562.65572,ceftazidime,present,True,product:d-alanyl-d-alanine carboxypeptidase; product:penicillin-binding protein,penicillin-binding proteins,curated_class_level,2,matched configured target marker
562.65575,cefotaxime,present,True,product:d-alanyl-d-alanine carboxypeptidase; product:penicillin-binding protein,penicillin-binding proteins,curated_class_level,2,matched configured target marker
562.65575,chloramphenicol,present,True,product:23s rrna; product:large subunit ribosomal rna; product:lsu rrna,"50S ribosomal subunit, 23S rRNA peptidyl-transferase center",curated_class_level,2,matched configured target marker
562.65575,gentamicin,present,True,product:16s rrna; product:ribosomal protein s12; product:small subunit ribosomal rna; product:ssu rrna,"30S ribosomal subunit, 16S rRNA A-site",curated_class_level,1,matched configured target marker
562.65575,ampicillin,present,True,product:d-alanyl-d-alanine carboxypeptidase; product:penicillin-binding protein,penicillin-binding proteins,curated_class_level,2,matched configured target marker
562.65575,amoxicillin,present,True,product:d-alanyl-d-alanine carboxypeptidase; product:penicillin-binding protein,penicillin-binding proteins,curated_class_level,2,matched configured target marker
562.65575,ceftazidime,present,True,product:d-alanyl-d-alanine carboxypeptidase; product:penicillin-binding protein,penicillin-binding proteins,curated_class_level,2,matched configured target marker
562.65583,cefotaxime,present,True,product:d-alanyl-d-alanine carboxypeptidase; product:penicillin-binding protein,penicillin-binding proteins,curated_class_level,2,matched configured target marker
562.65583,chloramphenicol,present,True,product:23s rrna; product:large subunit ribosomal rna; product:lsu rrna,"50S ribosomal subunit, 23S rRNA peptidyl-transferase center",curated_class_level,2,matched configured target marker
562.65583,gentamicin,present,True,product:16s rrna; product:ribosomal protein s12; product:small subunit ribosomal rna; product:ssu rrna,"30S ribosomal subunit, 16S rRNA A-site",curated_class_level,1,matched configured target marker
562.65583,ampicillin,present,True,product:d-alanyl-d-alanine carboxypeptidase; product:penicillin-binding protein,penicillin-binding proteins,curated_class_level,2,matched configured target marker
562.65583,amoxicillin,present,True,product:d-alanyl-d-alanine carboxypeptidase; product:penicillin-binding protein,penicillin-binding proteins,curated_class_level,2,matched configured target marker
562.65583,ceftazidime,present,True,product:d-alanyl-d-alanine carboxypeptidase; product:penicillin-binding protein,penicillin-binding proteins,curated_class_level,2,matched configured target marker
562.65594,cefotaxime,present,True,product:d-alanyl-d-alanine carboxypeptidase; product:penicillin-binding protein,penicillin-binding proteins,curated_class_level,2,matched configured target marker
562.65594,chloramphenicol,present,True,product:23s rrna; product:large subunit ribosomal rna; product:lsu rrna,"50S ribosomal subunit, 23S rRNA peptidyl-transferase center",curated_class_level,2,matched configured target marker
562.65594,gentamicin,present,True,product:16s rrna; product:ribosomal protein s12; product:small subunit ribosomal rna; product:ssu rrna,"30S ribosomal subunit, 16S rRNA A-site",curated_class_level,1,matched configured target marker
562.65594,ampicillin,present,True,product:d-alanyl-d-alanine carboxypeptidase; product:penicillin-binding protein,penicillin-binding proteins,curated_class_level,2,matched configured target marker
562.65594,amoxicillin,present,True,product:d-alanyl-d-alanine carboxypeptidase; product:penicillin-binding protein,penicillin-binding proteins,curated_class_level,2,matched configured target marker
562.65594,ceftazidime,present,True,product:d-alanyl-d-alanine carboxypeptidase; product:penicillin-binding protein,penicillin-binding proteins,curated_class_level,2,matched configured target marker
562.65598,cefotaxime,present,True,product:d-alanyl-d-alanine carboxypeptidase; product:penicillin-binding protein,penicillin-binding proteins,curated_class_level,2,matched configured target marker
562.65598,chloramphenicol,present,True,product:23s rrna; product:large subunit ribosomal rna; product:lsu rrna,"50S ribosomal subunit, 23S rRNA peptidyl-transferase center",curated_class_level,2,matched configured target marker
562.65598,gentamicin,present,True,product:16s rrna; product:ribosomal protein s12; product:small subunit ribosomal rna; product:ssu rrna,"30S ribosomal subunit, 16S rRNA A-site",curated_class_level,1,matched configured target marker
562.65598,ampicillin,present,True,product:d-alanyl-d-alanine carboxypeptidase; product:penicillin-binding protein,penicillin-binding proteins,curated_class_level,2,matched configured target marker
562.65598,amoxicillin,present,True,product:d-alanyl-d-alanine carboxypeptidase; product:penicillin-binding protein,penicillin-binding proteins,curated_class_level,2,matched configured target marker
562.65598,ceftazidime,present,True,product:d-alanyl-d-alanine carboxypeptidase; product:penicillin-binding protein,penicillin-binding proteins,curated_class_level,2,matched configured target marker
562.65611,cefotaxime,present,True,product:d-alanyl-d-alanine carboxypeptidase; product:penicillin-binding protein,penicillin-binding proteins,curated_class_level,2,matched configured target marker
562.65611,chloramphenicol,present,True,product:23s rrna; product:large subunit ribosomal rna; product:lsu rrna,"50S ribosomal subunit, 23S rRNA peptidyl-transferase center",curated_class_level,2,matched configured target marker
562.65611,gentamicin,present,True,product:16s rrna; product:ribosomal protein s12; product:small subunit ribosomal rna; product:ssu rrna,"30S ribosomal subunit, 16S rRNA A-site",curated_class_level,1,matched configured target marker
562.65611,ampicillin,present,True,product:d-alanyl-d-alanine carboxypeptidase; product:penicillin-binding protein,penicillin-binding proteins,curated_class_level,2,matched configured target marker
562.65611,amoxicillin,present,True,product:d-alanyl-d-alanine carboxypeptidase; product:penicillin-binding protein,penicillin-binding proteins,curated_class_level,2,matched configured target marker
562.65611,ceftazidime,present,True,product:d-alanyl-d-alanine carboxypeptidase; product:penicillin-binding protein,penicillin-binding proteins,curated_class_level,2,matched configured target marker
562.65612,cefotaxime,present,True,product:d-alanyl-d-alanine carboxypeptidase; product:penicillin-binding protein,penicillin-binding proteins,curated_class_level,2,matched configured target marker
562.65612,chloramphenicol,present,True,product:23s rrna; product:large subunit ribosomal rna; product:lsu rrna,"50S ribosomal subunit, 23S rRNA peptidyl-transferase center",curated_class_level,2,matched configured target marker
562.65612,gentamicin,present,True,product:16s rrna; product:ribosomal protein s12; product:small subunit ribosomal rna; product:ssu rrna,"30S ribosomal subunit, 16S rRNA A-site",curated_class_level,1,matched configured target marker
562.65612,ampicillin,present,True,product:d-alanyl-d-alanine carboxypeptidase; product:penicillin-binding protein,penicillin-binding proteins,curated_class_level,2,matched configured target marker
562.65612,amoxicillin,present,True,product:d-alanyl-d-alanine carboxypeptidase; product:penicillin-binding protein,penicillin-binding proteins,curated_class_level,2,matched configured target marker
562.65612,ceftazidime,present,True,product:d-alanyl-d-alanine carboxypeptidase; product:penicillin-binding protein,penicillin-binding proteins,curated_class_level,2,matched configured target marker
562.65613,cefotaxime,present,True,product:d-alanyl-d-alanine carboxypeptidase; product:penicillin-binding protein,penicillin-binding proteins,curated_class_level,2,matched configured target marker
562.65613,chloramphenicol,present,True,product:23s rrna; product:large subunit ribosomal rna; product:lsu rrna,"50S ribosomal subunit, 23S rRNA peptidyl-transferase center",curated_class_level,2,matched configured target marker
562.65613,gentamicin,present,True,product:16s rrna; product:ribosomal protein s12; product:small subunit ribosomal rna; product:ssu rrna,"30S ribosomal subunit, 16S rRNA A-site",curated_class_level,1,matched configured target marker
562.65613,ampicillin,present,True,product:d-alanyl-d-alanine carboxypeptidase; product:penicillin-binding protein,penicillin-binding proteins,curated_class_level,2,matched configured target marker
562.65613,amoxicillin,present,True,product:d-alanyl-d-alanine carboxypeptidase; product:penicillin-binding protein,penicillin-binding proteins,curated_class_level,2,matched configured target marker
562.65613,ceftazidime,present,True,product:d-alanyl-d-alanine carboxypeptidase; product:penicillin-binding protein,penicillin-binding proteins,curated_class_level,2,matched configured target marker
562.65631,cefotaxime,present,True,product:d-alanyl-d-alanine carboxypeptidase; product:penicillin-binding protein,penicillin-binding proteins,curated_class_level,2,matched configured target marker
562.65631,chloramphenicol,present,True,product:23s rrna; product:large subunit ribosomal rna; product:lsu rrna,"50S ribosomal subunit, 23S rRNA peptidyl-transferase center",curated_class_level,2,matched configured target marker
562.65631,gentamicin,present,True,product:16s rrna; product:ribosomal protein s12; product:small subunit ribosomal rna; product:ssu rrna,"30S ribosomal subunit, 16S rRNA A-site",curated_class_level,1,matched configured target marker
562.65631,ampicillin,present,True,product:d-alanyl-d-alanine carboxypeptidase; product:penicillin-binding protein,penicillin-binding proteins,curated_class_level,2,matched configured target marker
562.65631,amoxicillin,present,True,product:d-alanyl-d-alanine carboxypeptidase; product:penicillin-binding protein,penicillin-binding proteins,curated_class_level,2,matched configured target marker
562.65631,ceftazidime,present,True,product:d-alanyl-d-alanine carboxypeptidase; product:penicillin-binding protein,penicillin-binding proteins,curated_class_level,2,matched configured target marker
562.65633,cefotaxime,present,True,product:d-alanyl-d-alanine carboxypeptidase; product:penicillin-binding protein,penicillin-binding proteins,curated_class_level,2,matched configured target marker
562.65633,chloramphenicol,present,True,product:23s rrna; product:large subunit ribosomal rna; product:lsu rrna,"50S ribosomal subunit, 23S rRNA peptidyl-transferase center",curated_class_level,2,matched configured target marker
562.65633,gentamicin,present,True,product:16s rrna; product:ribosomal protein s12; product:small subunit ribosomal rna; product:ssu rrna,"30S ribosomal subunit, 16S rRNA A-site",curated_class_level,1,matched configured target marker
562.65633,ampicillin,present,True,product:d-alanyl-d-alanine carboxypeptidase; product:penicillin-binding protein,penicillin-binding proteins,curated_class_level,2,matched configured target marker
562.65633,amoxicillin,present,True,product:d-alanyl-d-alanine carboxypeptidase; product:penicillin-binding protein,penicillin-binding proteins,curated_class_level,2,matched configured target marker
562.65633,ceftazidime,present,True,product:d-alanyl-d-alanine carboxypeptidase; product:penicillin-binding protein,penicillin-binding proteins,curated_class_level,2,matched configured target marker
562.65636,cefotaxime,present,True,product:d-alanyl-d-alanine carboxypeptidase; product:penicillin-binding protein,penicillin-binding proteins,curated_class_level,2,matched configured target marker
562.65636,chloramphenicol,present,True,product:23s rrna; product:large subunit ribosomal rna; product:lsu rrna,"50S ribosomal subunit, 23S rRNA peptidyl-transferase center",curated_class_level,2,matched configured target marker
562.65636,gentamicin,present,True,product:16s rrna; product:ribosomal protein s12; product:small subunit ribosomal rna; product:ssu rrna,"30S ribosomal subunit, 16S rRNA A-site",curated_class_level,1,matched configured target marker
562.65636,ampicillin,present,True,product:d-alanyl-d-alanine carboxypeptidase; product:penicillin-binding protein,penicillin-binding proteins,curated_class_level,2,matched configured target marker
562.65636,amoxicillin,present,True,product:d-alanyl-d-alanine carboxypeptidase; product:penicillin-binding protein,penicillin-binding proteins,curated_class_level,2,matched configured target marker
562.65636,ceftazidime,present,True,product:d-alanyl-d-alanine carboxypeptidase; product:penicillin-binding protein,penicillin-binding proteins,curated_class_level,2,matched configured target marker
562.65638,cefotaxime,present,True,product:d-alanyl-d-alanine carboxypeptidase; product:penicillin-binding protein,penicillin-binding proteins,curated_class_level,2,matched configured target marker
562.65638,chloramphenicol,present,True,product:23s rrna; product:large subunit ribosomal rna; product:lsu rrna,"50S ribosomal subunit, 23S rRNA peptidyl-transferase center",curated_class_level,2,matched configured target marker
562.65638,gentamicin,present,True,product:16s rrna; product:ribosomal protein s12; product:small subunit ribosomal rna; product:ssu rrna,"30S ribosomal subunit, 16S rRNA A-site",curated_class_level,1,matched configured target marker
562.65638,ampicillin,present,True,product:d-alanyl-d-alanine carboxypeptidase; product:penicillin-binding protein,penicillin-binding proteins,curated_class_level,2,matched configured target marker
562.65638,amoxicillin,present,True,product:d-alanyl-d-alanine carboxypeptidase; product:penicillin-binding protein,penicillin-binding proteins,curated_class_level,2,matched configured target marker
562.65638,ceftazidime,present,True,product:d-alanyl-d-alanine carboxypeptidase; product:penicillin-binding protein,penicillin-binding proteins,curated_class_level,2,matched configured target marker
562.65673,cefotaxime,present,True,product:d-alanyl-d-alanine carboxypeptidase; product:penicillin-binding protein,penicillin-binding proteins,curated_class_level,2,matched configured target marker
562.65673,chloramphenicol,present,True,product:23s rrna; product:large subunit ribosomal rna; product:lsu rrna,"50S ribosomal subunit, 23S rRNA peptidyl-transferase center",curated_class_level,2,matched configured target marker
562.65673,gentamicin,present,True,product:16s rrna; product:ribosomal protein s12; product:small subunit ribosomal rna; product:ssu rrna,"30S ribosomal subunit, 16S rRNA A-site",curated_class_level,1,matched configured target marker
562.65673,ampicillin,present,True,product:d-alanyl-d-alanine carboxypeptidase; product:penicillin-binding protein,penicillin-binding proteins,curated_class_level,2,matched configured target marker
562.65673,amoxicillin,present,True,product:d-alanyl-d-alanine carboxypeptidase; product:penicillin-binding protein,penicillin-binding proteins,curated_class_level,2,matched configured target marker
562.65673,ceftazidime,present,True,product:d-alanyl-d-alanine carboxypeptidase; product:penicillin-binding protein,penicillin-binding proteins,curated_class_level,2,matched configured target marker
562.65674,cefotaxime,present,True,product:d-alanyl-d-alanine carboxypeptidase; product:penicillin-binding protein,penicillin-binding proteins,curated_class_level,2,matched configured target marker
562.65674,chloramphenicol,present,True,product:23s rrna; product:large subunit ribosomal rna; product:lsu rrna,"50S ribosomal subunit, 23S rRNA peptidyl-transferase center",curated_class_level,2,matched configured target marker
562.65674,gentamicin,present,True,product:16s rrna; product:ribosomal protein s12; product:small subunit ribosomal rna; product:ssu rrna,"30S ribosomal subunit, 16S rRNA A-site",curated_class_level,1,matched configured target marker
562.65674,ampicillin,present,True,product:d-alanyl-d-alanine carboxypeptidase; product:penicillin-binding protein,penicillin-binding proteins,curated_class_level,2,matched configured target marker
562.65674,amoxicillin,present,True,product:d-alanyl-d-alanine carboxypeptidase; product:penicillin-binding protein,penicillin-binding proteins,curated_class_level,2,matched configured target marker
562.65674,ceftazidime,present,True,product:d-alanyl-d-alanine carboxypeptidase; product:penicillin-binding protein,penicillin-binding proteins,curated_class_level,2,matched configured target marker
562.65677,cefotaxime,present,True,product:d-alanyl-d-alanine carboxypeptidase; product:penicillin-binding protein,penicillin-binding proteins,curated_class_level,2,matched configured target marker
562.65677,chloramphenicol,present,True,product:23s rrna; product:large subunit ribosomal rna; product:lsu rrna,"50S ribosomal subunit, 23S rRNA peptidyl-transferase center",curated_class_level,2,matched configured target marker
562.65677,gentamicin,present,True,product:16s rrna; product:ribosomal protein s12; product:small subunit ribosomal rna; product:ssu rrna,"30S ribosomal subunit, 16S rRNA A-site",curated_class_level,1,matched configured target marker
562.65677,ampicillin,present,True,product:d-alanyl-d-alanine carboxypeptidase; product:penicillin-binding protein,penicillin-binding proteins,curated_class_level,2,matched configured target marker
562.65677,amoxicillin,present,True,product:d-alanyl-d-alanine carboxypeptidase; product:penicillin-binding protein,penicillin-binding proteins,curated_class_level,2,matched configured target marker
562.65677,ceftazidime,present,True,product:d-alanyl-d-alanine carboxypeptidase; product:penicillin-binding protein,penicillin-binding proteins,curated_class_level,2,matched configured target marker
562.65691,cefotaxime,present,True,product:d-alanyl-d-alanine carboxypeptidase; product:penicillin-binding protein,penicillin-binding proteins,curated_class_level,2,matched configured target marker
562.65691,chloramphenicol,present,True,product:23s rrna; product:large subunit ribosomal rna; product:lsu rrna,"50S ribosomal subunit, 23S rRNA peptidyl-transferase center",curated_class_level,2,matched configured target marker
562.65691,gentamicin,present,True,product:16s rrna; product:ribosomal protein s12; product:small subunit ribosomal rna; product:ssu rrna,"30S ribosomal subunit, 16S rRNA A-site",curated_class_level,1,matched configured target marker
562.65691,ampicillin,present,True,product:d-alanyl-d-alanine carboxypeptidase; product:penicillin-binding protein,penicillin-binding proteins,curated_class_level,2,matched configured target marker
562.65691,amoxicillin,present,True,product:d-alanyl-d-alanine carboxypeptidase; product:penicillin-binding protein,penicillin-binding proteins,curated_class_level,2,matched configured target marker
562.65691,ceftazidime,present,True,product:d-alanyl-d-alanine carboxypeptidase; product:penicillin-binding protein,penicillin-binding proteins,curated_class_level,2,matched configured target marker
562.65695,cefotaxime,present,True,product:d-alanyl-d-alanine carboxypeptidase; product:penicillin-binding protein,penicillin-binding proteins,curated_class_level,2,matched configured target marker
562.65695,chloramphenicol,present,True,product:23s rrna; product:large subunit ribosomal rna; product:lsu rrna,"50S ribosomal subunit, 23S rRNA peptidyl-transferase center",curated_class_level,2,matched configured target marker
562.65695,gentamicin,present,True,product:16s rrna; product:ribosomal protein s12; product:small subunit ribosomal rna; product:ssu rrna,"30S ribosomal subunit, 16S rRNA A-site",curated_class_level,1,matched configured target marker
562.65695,ampicillin,present,True,product:d-alanyl-d-alanine carboxypeptidase; product:penicillin-binding protein,penicillin-binding proteins,curated_class_level,2,matched configured target marker
562.65695,amoxicillin,present,True,product:d-alanyl-d-alanine carboxypeptidase; product:penicillin-binding protein,penicillin-binding proteins,curated_class_level,2,matched configured target marker
562.65695,ceftazidime,present,True,product:d-alanyl-d-alanine carboxypeptidase; product:penicillin-binding protein,penicillin-binding proteins,curated_class_level,2,matched configured target marker
562.65704,cefotaxime,present,True,product:d-alanyl-d-alanine carboxypeptidase; product:penicillin-binding protein,penicillin-binding proteins,curated_class_level,2,matched configured target marker
562.65704,chloramphenicol,present,True,product:23s rrna; product:large subunit ribosomal rna; product:lsu rrna,"50S ribosomal subunit, 23S rRNA peptidyl-transferase center",curated_class_level,2,matched configured target marker
562.65704,gentamicin,present,True,product:16s rrna; product:ribosomal protein s12; product:small subunit ribosomal rna; product:ssu rrna,"30S ribosomal subunit, 16S rRNA A-site",curated_class_level,1,matched configured target marker
562.65704,ampicillin,present,True,product:d-alanyl-d-alanine carboxypeptidase; product:penicillin-binding protein,penicillin-binding proteins,curated_class_level,2,matched configured target marker
562.65704,amoxicillin,present,True,product:d-alanyl-d-alanine carboxypeptidase; product:penicillin-binding protein,penicillin-binding proteins,curated_class_level,2,matched configured target marker
562.65704,ceftazidime,present,True,product:d-alanyl-d-alanine carboxypeptidase; product:penicillin-binding protein,penicillin-binding proteins,curated_class_level,2,matched configured target marker
562.65725,cefotaxime,present,True,product:d-alanyl-d-alanine carboxypeptidase; product:penicillin-binding protein,penicillin-binding proteins,curated_class_level,2,matched configured target marker
562.65725,chloramphenicol,present,True,product:23s rrna; product:large subunit ribosomal rna; product:lsu rrna,"50S ribosomal subunit, 23S rRNA peptidyl-transferase center",curated_class_level,2,matched configured target marker
562.65725,gentamicin,present,True,product:16s rrna; product:ribosomal protein s12; product:small subunit ribosomal rna; product:ssu rrna,"30S ribosomal subunit, 16S rRNA A-site",curated_class_level,1,matched configured target marker
562.65725,ampicillin,present,True,product:d-alanyl-d-alanine carboxypeptidase; product:penicillin-binding protein,penicillin-binding proteins,curated_class_level,2,matched configured target marker
562.65725,amoxicillin,present,True,product:d-alanyl-d-alanine carboxypeptidase; product:penicillin-binding protein,penicillin-binding proteins,curated_class_level,2,matched configured target marker
562.65725,ceftazidime,present,True,product:d-alanyl-d-alanine carboxypeptidase; product:penicillin-binding protein,penicillin-binding proteins,curated_class_level,2,matched configured target marker
562.65726,cefotaxime,present,True,product:d-alanyl-d-alanine carboxypeptidase; product:penicillin-binding protein,penicillin-binding proteins,curated_class_level,2,matched configured target marker
562.65726,chloramphenicol,present,True,product:23s rrna; product:large subunit ribosomal rna; product:lsu rrna,"50S ribosomal subunit, 23S rRNA peptidyl-transferase center",curated_class_level,2,matched configured target marker
562.65726,gentamicin,present,True,product:16s rrna; product:ribosomal protein s12; product:small subunit ribosomal rna; product:ssu rrna,"30S ribosomal subunit, 16S rRNA A-site",curated_class_level,1,matched configured target marker
562.65726,ampicillin,present,True,product:d-alanyl-d-alanine carboxypeptidase; product:penicillin-binding protein,penicillin-binding proteins,curated_class_level,2,matched configured target marker
562.65726,amoxicillin,present,True,product:d-alanyl-d-alanine carboxypeptidase; product:penicillin-binding protein,penicillin-binding proteins,curated_class_level,2,matched configured target marker
562.65726,ceftazidime,present,True,product:d-alanyl-d-alanine carboxypeptidase; product:penicillin-binding protein,penicillin-binding proteins,curated_class_level,2,matched configured target marker
562.65733,cefotaxime,present,True,product:d-alanyl-d-alanine carboxypeptidase; product:penicillin-binding protein,penicillin-binding proteins,curated_class_level,2,matched configured target marker
562.65733,chloramphenicol,present,True,product:23s rrna; product:large subunit ribosomal rna; product:lsu rrna,"50S ribosomal subunit, 23S rRNA peptidyl-transferase center",curated_class_level,2,matched configured target marker
562.65733,gentamicin,present,True,product:16s rrna; product:ribosomal protein s12; product:small subunit ribosomal rna; product:ssu rrna,"30S ribosomal subunit, 16S rRNA A-site",curated_class_level,1,matched configured target marker
562.65733,ampicillin,present,True,product:d-alanyl-d-alanine carboxypeptidase; product:penicillin-binding protein,penicillin-binding proteins,curated_class_level,2,matched configured target marker
562.65733,amoxicillin,present,True,product:d-alanyl-d-alanine carboxypeptidase; product:penicillin-binding protein,penicillin-binding proteins,curated_class_level,2,matched configured target marker
562.65733,ceftazidime,present,True,product:d-alanyl-d-alanine carboxypeptidase; product:penicillin-binding protein,penicillin-binding proteins,curated_class_level,2,matched configured target marker
562.65741,cefotaxime,present,True,product:d-alanyl-d-alanine carboxypeptidase; product:penicillin-binding protein,penicillin-binding proteins,curated_class_level,2,matched configured target marker
562.65741,chloramphenicol,present,True,product:23s rrna; product:large subunit ribosomal rna; product:lsu rrna,"50S ribosomal subunit, 23S rRNA peptidyl-transferase center",curated_class_level,2,matched configured target marker
562.65741,gentamicin,present,True,product:16s rrna; product:ribosomal protein s12; product:small subunit ribosomal rna; product:ssu rrna,"30S ribosomal subunit, 16S rRNA A-site",curated_class_level,1,matched configured target marker
562.65741,ampicillin,present,True,product:d-alanyl-d-alanine carboxypeptidase; product:penicillin-binding protein,penicillin-binding proteins,curated_class_level,2,matched configured target marker
562.65741,amoxicillin,present,True,product:d-alanyl-d-alanine carboxypeptidase; product:penicillin-binding protein,penicillin-binding proteins,curated_class_level,2,matched configured target marker
562.65741,ceftazidime,present,True,product:d-alanyl-d-alanine carboxypeptidase; product:penicillin-binding protein,penicillin-binding proteins,curated_class_level,2,matched configured target marker
562.65758,cefotaxime,present,True,product:d-alanyl-d-alanine carboxypeptidase; product:penicillin-binding protein,penicillin-binding proteins,curated_class_level,2,matched configured target marker
562.65758,chloramphenicol,present,True,product:23s rrna; product:large subunit ribosomal rna; product:lsu rrna,"50S ribosomal subunit, 23S rRNA peptidyl-transferase center",curated_class_level,2,matched configured target marker
562.65758,gentamicin,present,True,product:16s rrna; product:ribosomal protein s12; product:small subunit ribosomal rna; product:ssu rrna,"30S ribosomal subunit, 16S rRNA A-site",curated_class_level,1,matched configured target marker
562.65758,ampicillin,present,True,product:d-alanyl-d-alanine carboxypeptidase; product:penicillin-binding protein,penicillin-binding proteins,curated_class_level,2,matched configured target marker
562.65758,amoxicillin,present,True,product:d-alanyl-d-alanine carboxypeptidase; product:penicillin-binding protein,penicillin-binding proteins,curated_class_level,2,matched configured target marker
562.65758,ceftazidime,present,True,product:d-alanyl-d-alanine carboxypeptidase; product:penicillin-binding protein,penicillin-binding proteins,curated_class_level,2,matched configured target marker
562.65763,cefotaxime,present,True,product:d-alanyl-d-alanine carboxypeptidase; product:penicillin-binding protein,penicillin-binding proteins,curated_class_level,2,matched configured target marker
562.65763,chloramphenicol,present,True,product:23s rrna; product:large subunit ribosomal rna; product:lsu rrna,"50S ribosomal subunit, 23S rRNA peptidyl-transferase center",curated_class_level,2,matched configured target marker
562.65763,gentamicin,present,True,product:16s rrna; product:ribosomal protein s12; product:small subunit ribosomal rna; product:ssu rrna,"30S ribosomal subunit, 16S rRNA A-site",curated_class_level,1,matched configured target marker
562.65763,ampicillin,present,True,product:d-alanyl-d-alanine carboxypeptidase; product:penicillin-binding protein,penicillin-binding proteins,curated_class_level,2,matched configured target marker
562.65763,amoxicillin,present,True,product:d-alanyl-d-alanine carboxypeptidase; product:penicillin-binding protein,penicillin-binding proteins,curated_class_level,2,matched configured target marker
562.65763,ceftazidime,present,True,product:d-alanyl-d-alanine carboxypeptidase; product:penicillin-binding protein,penicillin-binding proteins,curated_class_level,2,matched configured target marker
562.65765,cefotaxime,present,True,product:d-alanyl-d-alanine carboxypeptidase; product:penicillin-binding protein,penicillin-binding proteins,curated_class_level,2,matched configured target marker
562.65765,chloramphenicol,present,True,product:23s rrna; product:large subunit ribosomal rna; product:lsu rrna,"50S ribosomal subunit, 23S rRNA peptidyl-transferase center",curated_class_level,2,matched configured target marker
562.65765,gentamicin,present,True,product:16s rrna; product:ribosomal protein s12; product:small subunit ribosomal rna; product:ssu rrna,"30S ribosomal subunit, 16S rRNA A-site",curated_class_level,1,matched configured target marker
562.65765,ampicillin,present,True,product:d-alanyl-d-alanine carboxypeptidase; product:penicillin-binding protein,penicillin-binding proteins,curated_class_level,2,matched configured target marker
562.65765,amoxicillin,present,True,product:d-alanyl-d-alanine carboxypeptidase; product:penicillin-binding protein,penicillin-binding proteins,curated_class_level,2,matched configured target marker
562.65765,ceftazidime,present,True,product:d-alanyl-d-alanine carboxypeptidase; product:penicillin-binding protein,penicillin-binding proteins,curated_class_level,2,matched configured target marker
562.13556,cefotaxime,present,True,product:d-alanyl-d-alanine carboxypeptidase; product:penicillin-binding protein,penicillin-binding proteins,curated_class_level,2,matched configured target marker
562.13556,chloramphenicol,present,True,product:23s rrna; product:50s ribosomal protein; product:lsu rrna,"50S ribosomal subunit, 23S rRNA peptidyl-transferase center",curated_class_level,2,matched configured target marker
562.13556,gentamicin,present,True,product:16s rrna; product:ribosomal protein s12; product:ssu rrna,"30S ribosomal subunit, 16S rRNA A-site",curated_class_level,1,matched configured target marker
562.13556,ampicillin,present,True,product:d-alanyl-d-alanine carboxypeptidase; product:penicillin-binding protein,penicillin-binding proteins,curated_class_level,2,matched configured target marker
562.13556,amoxicillin,present,True,product:d-alanyl-d-alanine carboxypeptidase; product:penicillin-binding protein,penicillin-binding proteins,curated_class_level,2,matched configured target marker
562.13556,ceftazidime,present,True,product:d-alanyl-d-alanine carboxypeptidase; product:penicillin-binding protein,penicillin-binding proteins,curated_class_level,2,matched configured target marker
562.135561,cefotaxime,present,True,product:d-alanyl-d-alanine carboxypeptidase; product:penicillin-binding protein,penicillin-binding proteins,curated_class_level,2,matched configured target marker
562.135561,chloramphenicol,present,True,product:23s rrna; product:large subunit ribosomal rna; product:lsu rrna,"50S ribosomal subunit, 23S rRNA peptidyl-transferase center",curated_class_level,2,matched configured target marker
562.135561,gentamicin,present,True,product:16s rrna; product:ribosomal protein s12; product:small subunit ribosomal rna; product:ssu rrna,"30S ribosomal subunit, 16S rRNA A-site",curated_class_level,1,matched configured target marker
562.135561,ampicillin,present,True,product:d-alanyl-d-alanine carboxypeptidase; product:penicillin-binding protein,penicillin-binding proteins,curated_class_level,2,matched configured target marker
562.135561,amoxicillin,present,True,product:d-alanyl-d-alanine carboxypeptidase; product:penicillin-binding protein,penicillin-binding proteins,curated_class_level,2,matched configured target marker
562.135561,ceftazidime,present,True,product:d-alanyl-d-alanine carboxypeptidase; product:penicillin-binding protein,penicillin-binding proteins,curated_class_level,2,matched configured target marker
562.135562,cefotaxime,present,True,product:d-alanyl-d-alanine carboxypeptidase; product:penicillin-binding protein,penicillin-binding proteins,curated_class_level,2,matched configured target marker
562.135562,chloramphenicol,present,True,product:23s rrna; product:large subunit ribosomal rna; product:lsu rrna,"50S ribosomal subunit, 23S rRNA peptidyl-transferase center",curated_class_level,2,matched configured target marker
562.135562,gentamicin,present,True,product:16s rrna; product:ribosomal protein s12; product:small subunit ribosomal rna; product:ssu rrna,"30S ribosomal subunit, 16S rRNA A-site",curated_class_level,1,matched configured target marker
562.135562,ampicillin,present,True,product:d-alanyl-d-alanine carboxypeptidase; product:penicillin-binding protein,penicillin-binding proteins,curated_class_level,2,matched configured target marker
562.135562,amoxicillin,present,True,product:d-alanyl-d-alanine carboxypeptidase; product:penicillin-binding protein,penicillin-binding proteins,curated_class_level,2,matched configured target marker
562.135562,ceftazidime,present,True,product:d-alanyl-d-alanine carboxypeptidase; product:penicillin-binding protein,penicillin-binding proteins,curated_class_level,2,matched configured target marker
562.135563,cefotaxime,present,True,product:d-alanyl-d-alanine carboxypeptidase; product:penicillin-binding protein,penicillin-binding proteins,curated_class_level,2,matched configured target marker
562.135563,chloramphenicol,present,True,product:23s rrna; product:large subunit ribosomal rna; product:lsu rrna,"50S ribosomal subunit, 23S rRNA peptidyl-transferase center",curated_class_level,2,matched configured target marker
562.135563,gentamicin,present,True,product:16s rrna; product:ribosomal protein s12; product:small subunit ribosomal rna; product:ssu rrna,"30S ribosomal subunit, 16S rRNA A-site",curated_class_level,1,matched configured target marker
562.135563,ampicillin,present,True,product:d-alanyl-d-alanine carboxypeptidase; product:penicillin-binding protein,penicillin-binding proteins,curated_class_level,2,matched configured target marker
562.135563,amoxicillin,present,True,product:d-alanyl-d-alanine carboxypeptidase; product:penicillin-binding protein,penicillin-binding proteins,curated_class_level,2,matched configured target marker
562.135563,ceftazidime,present,True,product:d-alanyl-d-alanine carboxypeptidase; product:penicillin-binding protein,penicillin-binding proteins,curated_class_level,2,matched configured target marker
562.135567,cefotaxime,present,True,product:d-alanyl-d-alanine carboxypeptidase; product:penicillin-binding protein,penicillin-binding proteins,curated_class_level,2,matched configured target marker
562.135567,chloramphenicol,present,True,product:23s rrna; product:large subunit ribosomal rna; product:lsu rrna,"50S ribosomal subunit, 23S rRNA peptidyl-transferase center",curated_class_level,2,matched configured target marker
562.135567,gentamicin,present,True,product:16s rrna; product:ribosomal protein s12; product:small subunit ribosomal rna; product:ssu rrna,"30S ribosomal subunit, 16S rRNA A-site",curated_class_level,1,matched configured target marker
562.135567,ampicillin,present,True,product:d-alanyl-d-alanine carboxypeptidase; product:penicillin-binding protein,penicillin-binding proteins,curated_class_level,2,matched configured target marker
562.135567,amoxicillin,present,True,product:d-alanyl-d-alanine carboxypeptidase; product:penicillin-binding protein,penicillin-binding proteins,curated_class_level,2,matched configured target marker
562.135567,ceftazidime,present,True,product:d-alanyl-d-alanine carboxypeptidase; product:penicillin-binding protein,penicillin-binding proteins,curated_class_level,2,matched configured target marker
562.135569,cefotaxime,present,True,product:d-alanyl-d-alanine carboxypeptidase; product:penicillin-binding protein,penicillin-binding proteins,curated_class_level,2,matched configured target marker
562.135569,chloramphenicol,present,True,product:23s rrna; product:large subunit ribosomal rna; product:lsu rrna,"50S ribosomal subunit, 23S rRNA peptidyl-transferase center",curated_class_level,2,matched configured target marker
562.135569,gentamicin,present,True,product:16s rrna; product:ribosomal protein s12; product:small subunit ribosomal rna; product:ssu rrna,"30S ribosomal subunit, 16S rRNA A-site",curated_class_level,1,matched configured target marker
562.135569,ampicillin,present,True,product:d-alanyl-d-alanine carboxypeptidase; product:penicillin-binding protein,penicillin-binding proteins,curated_class_level,2,matched configured target marker
562.135569,amoxicillin,present,True,product:d-alanyl-d-alanine carboxypeptidase; product:penicillin-binding protein,penicillin-binding proteins,curated_class_level,2,matched configured target marker
562.135569,ceftazidime,present,True,product:d-alanyl-d-alanine carboxypeptidase; product:penicillin-binding protein,penicillin-binding proteins,curated_class_level,2,matched configured target marker
562.13557,cefotaxime,present,True,product:d-alanyl-d-alanine carboxypeptidase; product:penicillin-binding protein,penicillin-binding proteins,curated_class_level,2,matched configured target marker
562.13557,chloramphenicol,present,True,product:23s rrna; product:50s ribosomal protein; product:lsu rrna,"50S ribosomal subunit, 23S rRNA peptidyl-transferase center",curated_class_level,2,matched configured target marker
562.13557,gentamicin,present,True,product:16s rrna; product:ribosomal protein s12; product:ssu rrna,"30S ribosomal subunit, 16S rRNA A-site",curated_class_level,1,matched configured target marker
562.13557,ampicillin,present,True,product:d-alanyl-d-alanine carboxypeptidase; product:penicillin-binding protein,penicillin-binding proteins,curated_class_level,2,matched configured target marker
562.13557,amoxicillin,present,True,product:d-alanyl-d-alanine carboxypeptidase; product:penicillin-binding protein,penicillin-binding proteins,curated_class_level,2,matched configured target marker
562.13557,ceftazidime,present,True,product:d-alanyl-d-alanine carboxypeptidase; product:penicillin-binding protein,penicillin-binding proteins,curated_class_level,2,matched configured target marker
562.135571,cefotaxime,present,True,product:d-alanyl-d-alanine carboxypeptidase; product:penicillin-binding protein,penicillin-binding proteins,curated_class_level,2,matched configured target marker
562.135571,chloramphenicol,present,True,product:23s rrna; product:large subunit ribosomal rna; product:lsu rrna,"50S ribosomal subunit, 23S rRNA peptidyl-transferase center",curated_class_level,2,matched configured target marker
562.135571,gentamicin,present,True,product:16s rrna; product:ribosomal protein s12; product:small subunit ribosomal rna; product:ssu rrna,"30S ribosomal subunit, 16S rRNA A-site",curated_class_level,1,matched configured target marker
562.135571,ampicillin,present,True,product:d-alanyl-d-alanine carboxypeptidase; product:penicillin-binding protein,penicillin-binding proteins,curated_class_level,2,matched configured target marker
562.135571,amoxicillin,present,True,product:d-alanyl-d-alanine carboxypeptidase; product:penicillin-binding protein,penicillin-binding proteins,curated_class_level,2,matched configured target marker
562.135571,ceftazidime,present,True,product:d-alanyl-d-alanine carboxypeptidase; product:penicillin-binding protein,penicillin-binding proteins,curated_class_level,2,matched configured target marker
562.135572,cefotaxime,present,True,product:d-alanyl-d-alanine carboxypeptidase; product:penicillin-binding protein,penicillin-binding proteins,curated_class_level,2,matched configured target marker
562.135572,chloramphenicol,present,True,product:23s rrna; product:large subunit ribosomal rna; product:lsu rrna,"50S ribosomal subunit, 23S rRNA peptidyl-transferase center",curated_class_level,2,matched configured target marker
562.135572,gentamicin,present,True,product:16s rrna; product:ribosomal protein s12; product:small subunit ribosomal rna; product:ssu rrna,"30S ribosomal subunit, 16S rRNA A-site",curated_class_level,1,matched configured target marker
562.135572,ampicillin,present,True,product:d-alanyl-d-alanine carboxypeptidase; product:penicillin-binding protein,penicillin-binding proteins,curated_class_level,2,matched configured target marker
562.135572,amoxicillin,present,True,product:d-alanyl-d-alanine carboxypeptidase; product:penicillin-binding protein,penicillin-binding proteins,curated_class_level,2,matched configured target marker
562.135572,ceftazidime,present,True,product:d-alanyl-d-alanine carboxypeptidase; product:penicillin-binding protein,penicillin-binding proteins,curated_class_level,2,matched configured target marker
562.135573,cefotaxime,present,True,product:d-alanyl-d-alanine carboxypeptidase; product:penicillin-binding protein,penicillin-binding proteins,curated_class_level,2,matched configured target marker
562.135573,chloramphenicol,present,True,product:23s rrna; product:large subunit ribosomal rna; product:lsu rrna,"50S ribosomal subunit, 23S rRNA peptidyl-transferase center",curated_class_level,2,matched configured target marker
562.135573,gentamicin,present,True,product:16s rrna; product:ribosomal protein s12; product:small subunit ribosomal rna; product:ssu rrna,"30S ribosomal subunit, 16S rRNA A-site",curated_class_level,1,matched configured target marker
562.135573,ampicillin,present,True,product:d-alanyl-d-alanine carboxypeptidase; product:penicillin-binding protein,penicillin-binding proteins,curated_class_level,2,matched configured target marker
562.135573,amoxicillin,present,True,product:d-alanyl-d-alanine carboxypeptidase; product:penicillin-binding protein,penicillin-binding proteins,curated_class_level,2,matched configured target marker
562.135573,ceftazidime,present,True,product:d-alanyl-d-alanine carboxypeptidase; product:penicillin-binding protein,penicillin-binding proteins,curated_class_level,2,matched configured target marker
562.135574,cefotaxime,present,True,product:d-alanyl-d-alanine carboxypeptidase; product:penicillin-binding protein,penicillin-binding proteins,curated_class_level,2,matched configured target marker
562.135574,chloramphenicol,present,True,product:23s rrna; product:large subunit ribosomal rna; product:lsu rrna,"50S ribosomal subunit, 23S rRNA peptidyl-transferase center",curated_class_level,2,matched configured target marker
562.135574,gentamicin,present,True,product:16s rrna; product:ribosomal protein s12; product:small subunit ribosomal rna; product:ssu rrna,"30S ribosomal subunit, 16S rRNA A-site",curated_class_level,1,matched configured target marker
562.135574,ampicillin,present,True,product:d-alanyl-d-alanine carboxypeptidase; product:penicillin-binding protein,penicillin-binding proteins,curated_class_level,2,matched configured target marker
562.135574,amoxicillin,present,True,product:d-alanyl-d-alanine carboxypeptidase; product:penicillin-binding protein,penicillin-binding proteins,curated_class_level,2,matched configured target marker
562.135574,ceftazidime,present,True,product:d-alanyl-d-alanine carboxypeptidase; product:penicillin-binding protein,penicillin-binding proteins,curated_class_level,2,matched configured target marker
562.135575,cefotaxime,present,True,product:d-alanyl-d-alanine carboxypeptidase; product:penicillin-binding protein,penicillin-binding proteins,curated_class_level,2,matched configured target marker
562.135575,chloramphenicol,present,True,product:23s rrna; product:large subunit ribosomal rna; product:lsu rrna,"50S ribosomal subunit, 23S rRNA peptidyl-transferase center",curated_class_level,2,matched configured target marker
562.135575,gentamicin,present,True,product:16s rrna; product:ribosomal protein s12; product:small subunit ribosomal rna; product:ssu rrna,"30S ribosomal subunit, 16S rRNA A-site",curated_class_level,1,matched configured target marker
562.135575,ampicillin,present,True,product:d-alanyl-d-alanine carboxypeptidase; product:penicillin-binding protein,penicillin-binding proteins,curated_class_level,2,matched configured target marker
562.135575,amoxicillin,present,True,product:d-alanyl-d-alanine carboxypeptidase; product:penicillin-binding protein,penicillin-binding proteins,curated_class_level,2,matched configured target marker
562.135575,ceftazidime,present,True,product:d-alanyl-d-alanine carboxypeptidase; product:penicillin-binding protein,penicillin-binding proteins,curated_class_level,2,matched configured target marker
562.135578,cefotaxime,present,True,product:d-alanyl-d-alanine carboxypeptidase; product:penicillin-binding protein,penicillin-binding proteins,curated_class_level,2,matched configured target marker
562.135578,chloramphenicol,present,True,product:23s rrna; product:large subunit ribosomal rna; product:lsu rrna,"50S ribosomal subunit, 23S rRNA peptidyl-transferase center",curated_class_level,2,matched configured target marker
562.135578,gentamicin,present,True,product:16s rrna; product:ribosomal protein s12; product:small subunit ribosomal rna; product:ssu rrna,"30S ribosomal subunit, 16S rRNA A-site",curated_class_level,1,matched configured target marker
562.135578,ampicillin,present,True,product:d-alanyl-d-alanine carboxypeptidase; product:penicillin-binding protein,penicillin-binding proteins,curated_class_level,2,matched configured target marker
562.135578,amoxicillin,present,True,product:d-alanyl-d-alanine carboxypeptidase; product:penicillin-binding protein,penicillin-binding proteins,curated_class_level,2,matched configured target marker
562.135578,ceftazidime,present,True,product:d-alanyl-d-alanine carboxypeptidase; product:penicillin-binding protein,penicillin-binding proteins,curated_class_level,2,matched configured target marker
562.135579,cefotaxime,present,True,product:d-alanyl-d-alanine carboxypeptidase; product:penicillin-binding protein,penicillin-binding proteins,curated_class_level,2,matched configured target marker
562.135579,chloramphenicol,present,True,product:23s rrna; product:large subunit ribosomal rna; product:lsu rrna,"50S ribosomal subunit, 23S rRNA peptidyl-transferase center",curated_class_level,2,matched configured target marker
562.135579,gentamicin,present,True,product:16s rrna; product:ribosomal protein s12; product:small subunit ribosomal rna; product:ssu rrna,"30S ribosomal subunit, 16S rRNA A-site",curated_class_level,1,matched configured target marker
562.135579,ampicillin,present,True,product:d-alanyl-d-alanine carboxypeptidase; product:penicillin-binding protein,penicillin-binding proteins,curated_class_level,2,matched configured target marker
562.135579,amoxicillin,present,True,product:d-alanyl-d-alanine carboxypeptidase; product:penicillin-binding protein,penicillin-binding proteins,curated_class_level,2,matched configured target marker
562.135579,ceftazidime,present,True,product:d-alanyl-d-alanine carboxypeptidase; product:penicillin-binding protein,penicillin-binding proteins,curated_class_level,2,matched configured target marker
562.135581,cefotaxime,present,True,product:d-alanyl-d-alanine carboxypeptidase; product:penicillin-binding protein,penicillin-binding proteins,curated_class_level,2,matched configured target marker
562.135581,chloramphenicol,present,True,product:23s rrna; product:large subunit ribosomal rna; product:lsu rrna,"50S ribosomal subunit, 23S rRNA peptidyl-transferase center",curated_class_level,2,matched configured target marker
562.135581,gentamicin,present,True,product:16s rrna; product:ribosomal protein s12; product:small subunit ribosomal rna; product:ssu rrna,"30S ribosomal subunit, 16S rRNA A-site",curated_class_level,1,matched configured target marker
562.135581,ampicillin,present,True,product:d-alanyl-d-alanine carboxypeptidase; product:penicillin-binding protein,penicillin-binding proteins,curated_class_level,2,matched configured target marker
562.135581,amoxicillin,present,True,product:d-alanyl-d-alanine carboxypeptidase; product:penicillin-binding protein,penicillin-binding proteins,curated_class_level,2,matched configured target marker
562.135581,ceftazidime,present,True,product:d-alanyl-d-alanine carboxypeptidase; product:penicillin-binding protein,penicillin-binding proteins,curated_class_level,2,matched configured target marker
562.135582,cefotaxime,present,True,product:d-alanyl-d-alanine carboxypeptidase; product:penicillin-binding protein,penicillin-binding proteins,curated_class_level,2,matched configured target marker
562.135582,chloramphenicol,present,True,product:23s rrna; product:large subunit ribosomal rna; product:lsu rrna,"50S ribosomal subunit, 23S rRNA peptidyl-transferase center",curated_class_level,2,matched configured target marker
562.135582,gentamicin,present,True,product:16s rrna; product:ribosomal protein s12; product:small subunit ribosomal rna; product:ssu rrna,"30S ribosomal subunit, 16S rRNA A-site",curated_class_level,1,matched configured target marker
562.135582,ampicillin,present,True,product:d-alanyl-d-alanine carboxypeptidase; product:penicillin-binding protein,penicillin-binding proteins,curated_class_level,2,matched configured target marker
562.135582,amoxicillin,present,True,product:d-alanyl-d-alanine carboxypeptidase; product:penicillin-binding protein,penicillin-binding proteins,curated_class_level,2,matched configured target marker
562.135582,ceftazidime,present,True,product:d-alanyl-d-alanine carboxypeptidase; product:penicillin-binding protein,penicillin-binding proteins,curated_class_level,2,matched configured target marker
562.135584,cefotaxime,present,True,product:d-alanyl-d-alanine carboxypeptidase; product:penicillin-binding protein,penicillin-binding proteins,curated_class_level,2,matched configured target marker
562.135584,chloramphenicol,present,True,product:23s rrna; product:large subunit ribosomal rna; product:lsu rrna,"50S ribosomal subunit, 23S rRNA peptidyl-transferase center",curated_class_level,2,matched configured target marker
562.135584,gentamicin,present,True,product:16s rrna; product:ribosomal protein s12; product:small subunit ribosomal rna; product:ssu rrna,"30S ribosomal subunit, 16S rRNA A-site",curated_class_level,1,matched configured target marker
562.135584,ampicillin,present,True,product:d-alanyl-d-alanine carboxypeptidase; product:penicillin-binding protein,penicillin-binding proteins,curated_class_level,2,matched configured target marker
562.135584,amoxicillin,present,True,product:d-alanyl-d-alanine carboxypeptidase; product:penicillin-binding protein,penicillin-binding proteins,curated_class_level,2,matched configured target marker
562.135584,ceftazidime,present,True,product:d-alanyl-d-alanine carboxypeptidase; product:penicillin-binding protein,penicillin-binding proteins,curated_class_level,2,matched configured target marker
562.135586,cefotaxime,present,True,product:d-alanyl-d-alanine carboxypeptidase; product:penicillin-binding protein,penicillin-binding proteins,curated_class_level,2,matched configured target marker
562.135586,chloramphenicol,present,True,product:23s rrna; product:large subunit ribosomal rna; product:lsu rrna,"50S ribosomal subunit, 23S rRNA peptidyl-transferase center",curated_class_level,2,matched configured target marker
562.135586,gentamicin,present,True,product:16s rrna; product:ribosomal protein s12; product:small subunit ribosomal rna; product:ssu rrna,"30S ribosomal subunit, 16S rRNA A-site",curated_class_level,1,matched configured target marker
562.135586,ampicillin,present,True,product:d-alanyl-d-alanine carboxypeptidase; product:penicillin-binding protein,penicillin-binding proteins,curated_class_level,2,matched configured target marker
562.135586,amoxicillin,present,True,product:d-alanyl-d-alanine carboxypeptidase; product:penicillin-binding protein,penicillin-binding proteins,curated_class_level,2,matched configured target marker
562.135586,ceftazidime,present,True,product:d-alanyl-d-alanine carboxypeptidase; product:penicillin-binding protein,penicillin-binding proteins,curated_class_level,2,matched configured target marker
562.13559,cefotaxime,present,True,product:d-alanyl-d-alanine carboxypeptidase; product:penicillin-binding protein,penicillin-binding proteins,curated_class_level,2,matched configured target marker
562.13559,chloramphenicol,present,True,product:23s rrna; product:50s ribosomal protein; product:lsu rrna,"50S ribosomal subunit, 23S rRNA peptidyl-transferase center",curated_class_level,2,matched configured target marker
562.13559,gentamicin,present,True,product:16s rrna; product:ribosomal protein s12; product:ssu rrna,"30S ribosomal subunit, 16S rRNA A-site",curated_class_level,1,matched configured target marker
562.13559,ampicillin,present,True,product:d-alanyl-d-alanine carboxypeptidase; product:penicillin-binding protein,penicillin-binding proteins,curated_class_level,2,matched configured target marker
562.13559,amoxicillin,present,True,product:d-alanyl-d-alanine carboxypeptidase; product:penicillin-binding protein,penicillin-binding proteins,curated_class_level,2,matched configured target marker
562.13559,ceftazidime,present,True,product:d-alanyl-d-alanine carboxypeptidase; product:penicillin-binding protein,penicillin-binding proteins,curated_class_level,2,matched configured target marker
562.135591,cefotaxime,present,True,product:d-alanyl-d-alanine carboxypeptidase; product:penicillin-binding protein,penicillin-binding proteins,curated_class_level,2,matched configured target marker
562.135591,chloramphenicol,present,True,product:23s rrna; product:large subunit ribosomal rna; product:lsu rrna,"50S ribosomal subunit, 23S rRNA peptidyl-transferase center",curated_class_level,2,matched configured target marker
562.135591,gentamicin,present,True,product:16s rrna; product:ribosomal protein s12; product:small subunit ribosomal rna; product:ssu rrna,"30S ribosomal subunit, 16S rRNA A-site",curated_class_level,1,matched configured target marker
562.135591,ampicillin,present,True,product:d-alanyl-d-alanine carboxypeptidase; product:penicillin-binding protein,penicillin-binding proteins,curated_class_level,2,matched configured target marker
562.135591,amoxicillin,present,True,product:d-alanyl-d-alanine carboxypeptidase; product:penicillin-binding protein,penicillin-binding proteins,curated_class_level,2,matched configured target marker
562.135591,ceftazidime,present,True,product:d-alanyl-d-alanine carboxypeptidase; product:penicillin-binding protein,penicillin-binding proteins,curated_class_level,2,matched configured target marker
562.135592,cefotaxime,present,True,product:d-alanyl-d-alanine carboxypeptidase; product:penicillin-binding protein,penicillin-binding proteins,curated_class_level,2,matched configured target marker
562.135592,chloramphenicol,present,True,product:23s rrna; product:large subunit ribosomal rna; product:lsu rrna,"50S ribosomal subunit, 23S rRNA peptidyl-transferase center",curated_class_level,2,matched configured target marker
562.135592,gentamicin,present,True,product:16s rrna; product:ribosomal protein s12; product:small subunit ribosomal rna; product:ssu rrna,"30S ribosomal subunit, 16S rRNA A-site",curated_class_level,1,matched configured target marker
562.135592,ampicillin,present,True,product:d-alanyl-d-alanine carboxypeptidase; product:penicillin-binding protein,penicillin-binding proteins,curated_class_level,2,matched configured target marker
562.135592,amoxicillin,present,True,product:d-alanyl-d-alanine carboxypeptidase; product:penicillin-binding protein,penicillin-binding proteins,curated_class_level,2,matched configured target marker
562.135592,ceftazidime,present,True,product:d-alanyl-d-alanine carboxypeptidase; product:penicillin-binding protein,penicillin-binding proteins,curated_class_level,2,matched configured target marker
562.135593,cefotaxime,present,True,product:d-alanyl-d-alanine carboxypeptidase; product:penicillin-binding protein,penicillin-binding proteins,curated_class_level,2,matched configured target marker
562.135593,chloramphenicol,present,True,product:23s rrna; product:large subunit ribosomal rna; product:lsu rrna,"50S ribosomal subunit, 23S rRNA peptidyl-transferase center",curated_class_level,2,matched configured target marker
562.135593,gentamicin,present,True,product:16s rrna; product:ribosomal protein s12; product:small subunit ribosomal rna; product:ssu rrna,"30S ribosomal subunit, 16S rRNA A-site",curated_class_level,1,matched configured target marker
562.135593,ampicillin,present,True,product:d-alanyl-d-alanine carboxypeptidase; product:penicillin-binding protein,penicillin-binding proteins,curated_class_level,2,matched configured target marker
562.135593,amoxicillin,present,True,product:d-alanyl-d-alanine carboxypeptidase; product:penicillin-binding protein,penicillin-binding proteins,curated_class_level,2,matched configured target marker
562.135593,ceftazidime,present,True,product:d-alanyl-d-alanine carboxypeptidase; product:penicillin-binding protein,penicillin-binding proteins,curated_class_level,2,matched configured target marker
562.64839,cefotaxime,present,True,product:d-alanyl-d-alanine carboxypeptidase; product:penicillin-binding protein,penicillin-binding proteins,curated_class_level,2,matched configured target marker
562.64839,chloramphenicol,present,True,product:23s rrna; product:large subunit ribosomal rna; product:lsu rrna,"50S ribosomal subunit, 23S rRNA peptidyl-transferase center",curated_class_level,2,matched configured target marker
562.64839,gentamicin,present,True,product:16s rrna; product:ribosomal protein s12; product:small subunit ribosomal rna; product:ssu rrna,"30S ribosomal subunit, 16S rRNA A-site",curated_class_level,1,matched configured target marker
562.64839,ampicillin,present,True,product:d-alanyl-d-alanine carboxypeptidase; product:penicillin-binding protein,penicillin-binding proteins,curated_class_level,2,matched configured target marker
562.64839,amoxicillin,present,True,product:d-alanyl-d-alanine carboxypeptidase; product:penicillin-binding protein,penicillin-binding proteins,curated_class_level,2,matched configured target marker
562.64839,ceftazidime,present,True,product:d-alanyl-d-alanine carboxypeptidase; product:penicillin-binding protein,penicillin-binding proteins,curated_class_level,2,matched configured target marker
562.64856,cefotaxime,present,True,product:d-alanyl-d-alanine carboxypeptidase; product:penicillin-binding protein,penicillin-binding proteins,curated_class_level,2,matched configured target marker
562.64856,chloramphenicol,present,True,product:23s rrna; product:large subunit ribosomal rna; product:lsu rrna,"50S ribosomal subunit, 23S rRNA peptidyl-transferase center",curated_class_level,2,matched configured target marker
562.64856,gentamicin,present,True,product:16s rrna; product:ribosomal protein s12; product:small subunit ribosomal rna; product:ssu rrna,"30S ribosomal subunit, 16S rRNA A-site",curated_class_level,1,matched configured target marker
562.64856,ampicillin,present,True,product:d-alanyl-d-alanine carboxypeptidase; product:penicillin-binding protein,penicillin-binding proteins,curated_class_level,2,matched configured target marker
562.64856,amoxicillin,present,True,product:d-alanyl-d-alanine carboxypeptidase; product:penicillin-binding protein,penicillin-binding proteins,curated_class_level,2,matched configured target marker
562.64856,ceftazidime,present,True,product:d-alanyl-d-alanine carboxypeptidase; product:penicillin-binding protein,penicillin-binding proteins,curated_class_level,2,matched configured target marker
562.64861,cefotaxime,present,True,product:d-alanyl-d-alanine carboxypeptidase; product:penicillin-binding protein,penicillin-binding proteins,curated_class_level,2,matched configured target marker
562.64861,chloramphenicol,present,True,product:23s rrna; product:large subunit ribosomal rna; product:lsu rrna,"50S ribosomal subunit, 23S rRNA peptidyl-transferase center",curated_class_level,2,matched configured target marker
562.64861,gentamicin,present,True,product:16s rrna; product:ribosomal protein s12; product:small subunit ribosomal rna; product:ssu rrna,"30S ribosomal subunit, 16S rRNA A-site",curated_class_level,1,matched configured target marker
562.64861,ampicillin,present,True,product:d-alanyl-d-alanine carboxypeptidase; product:penicillin-binding protein,penicillin-binding proteins,curated_class_level,2,matched configured target marker
562.64861,amoxicillin,present,True,product:d-alanyl-d-alanine carboxypeptidase; product:penicillin-binding protein,penicillin-binding proteins,curated_class_level,2,matched configured target marker
562.64861,ceftazidime,present,True,product:d-alanyl-d-alanine carboxypeptidase; product:penicillin-binding protein,penicillin-binding proteins,curated_class_level,2,matched configured target marker
562.64864,cefotaxime,present,True,product:d-alanyl-d-alanine carboxypeptidase; product:penicillin-binding protein,penicillin-binding proteins,curated_class_level,2,matched configured target marker
562.64864,chloramphenicol,present,True,product:23s rrna; product:large subunit ribosomal rna; product:lsu rrna,"50S ribosomal subunit, 23S rRNA peptidyl-transferase center",curated_class_level,2,matched configured target marker
562.64864,gentamicin,present,True,product:16s rrna; product:ribosomal protein s12; product:small subunit ribosomal rna; product:ssu rrna,"30S ribosomal subunit, 16S rRNA A-site",curated_class_level,1,matched configured target marker
562.64864,ampicillin,present,True,product:d-alanyl-d-alanine carboxypeptidase; product:penicillin-binding protein,penicillin-binding proteins,curated_class_level,2,matched configured target marker
562.64864,amoxicillin,present,True,product:d-alanyl-d-alanine carboxypeptidase; product:penicillin-binding protein,penicillin-binding proteins,curated_class_level,2,matched configured target marker
562.64864,ceftazidime,present,True,product:d-alanyl-d-alanine carboxypeptidase; product:penicillin-binding protein,penicillin-binding proteins,curated_class_level,2,matched configured target marker
562.64866,cefotaxime,present,True,product:d-alanyl-d-alanine carboxypeptidase; product:penicillin-binding protein,penicillin-binding proteins,curated_class_level,2,matched configured target marker
562.64866,chloramphenicol,present,True,product:23s rrna; product:large subunit ribosomal rna; product:lsu rrna,"50S ribosomal subunit, 23S rRNA peptidyl-transferase center",curated_class_level,2,matched configured target marker
562.64866,gentamicin,present,True,product:16s rrna; product:ribosomal protein s12; product:small subunit ribosomal rna; product:ssu rrna,"30S ribosomal subunit, 16S rRNA A-site",curated_class_level,1,matched configured target marker
562.64866,ampicillin,present,True,product:d-alanyl-d-alanine carboxypeptidase; product:penicillin-binding protein,penicillin-binding proteins,curated_class_level,2,matched configured target marker
562.64866,amoxicillin,present,True,product:d-alanyl-d-alanine carboxypeptidase; product:penicillin-binding protein,penicillin-binding proteins,curated_class_level,2,matched configured target marker
562.64866,ceftazidime,present,True,product:d-alanyl-d-alanine carboxypeptidase; product:penicillin-binding protein,penicillin-binding proteins,curated_class_level,2,matched configured target marker
562.64869,cefotaxime,present,True,product:d-alanyl-d-alanine carboxypeptidase; product:penicillin-binding protein,penicillin-binding proteins,curated_class_level,2,matched configured target marker
562.64869,chloramphenicol,present,True,product:23s rrna; product:large subunit ribosomal rna; product:lsu rrna,"50S ribosomal subunit, 23S rRNA peptidyl-transferase center",curated_class_level,2,matched configured target marker
562.64869,gentamicin,present,True,product:16s rrna; product:ribosomal protein s12; product:small subunit ribosomal rna; product:ssu rrna,"30S ribosomal subunit, 16S rRNA A-site",curated_class_level,1,matched configured target marker
562.64869,ampicillin,present,True,product:d-alanyl-d-alanine carboxypeptidase; product:penicillin-binding protein,penicillin-binding proteins,curated_class_level,2,matched configured target marker
562.64869,amoxicillin,present,True,product:d-alanyl-d-alanine carboxypeptidase; product:penicillin-binding protein,penicillin-binding proteins,curated_class_level,2,matched configured target marker
562.64869,ceftazidime,present,True,product:d-alanyl-d-alanine carboxypeptidase; product:penicillin-binding protein,penicillin-binding proteins,curated_class_level,2,matched configured target marker
562.64874,cefotaxime,present,True,product:d-alanyl-d-alanine carboxypeptidase; product:penicillin-binding protein,penicillin-binding proteins,curated_class_level,2,matched configured target marker
562.64874,chloramphenicol,present,True,product:23s rrna; product:large subunit ribosomal rna; product:lsu rrna,"50S ribosomal subunit, 23S rRNA peptidyl-transferase center",curated_class_level,2,matched configured target marker
562.64874,gentamicin,present,True,product:16s rrna; product:ribosomal protein s12; product:small subunit ribosomal rna; product:ssu rrna,"30S ribosomal subunit, 16S rRNA A-site",curated_class_level,1,matched configured target marker
562.64874,ampicillin,present,True,product:d-alanyl-d-alanine carboxypeptidase; product:penicillin-binding protein,penicillin-binding proteins,curated_class_level,2,matched configured target marker
562.64874,amoxicillin,present,True,product:d-alanyl-d-alanine carboxypeptidase; product:penicillin-binding protein,penicillin-binding proteins,curated_class_level,2,matched configured target marker
562.64874,ceftazidime,present,True,product:d-alanyl-d-alanine carboxypeptidase; product:penicillin-binding protein,penicillin-binding proteins,curated_class_level,2,matched configured target marker
562.64875,cefotaxime,present,True,product:d-alanyl-d-alanine carboxypeptidase; product:penicillin-binding protein,penicillin-binding proteins,curated_class_level,2,matched configured target marker
562.64875,chloramphenicol,present,True,product:23s rrna; product:large subunit ribosomal rna; product:lsu rrna,"50S ribosomal subunit, 23S rRNA peptidyl-transferase center",curated_class_level,2,matched configured target marker
562.64875,gentamicin,present,True,product:16s rrna; product:ribosomal protein s12; product:small subunit ribosomal rna; product:ssu rrna,"30S ribosomal subunit, 16S rRNA A-site",curated_class_level,1,matched configured target marker
562.64875,ampicillin,present,True,product:d-alanyl-d-alanine carboxypeptidase; product:penicillin-binding protein,penicillin-binding proteins,curated_class_level,2,matched configured target marker
562.64875,amoxicillin,present,True,product:d-alanyl-d-alanine carboxypeptidase; product:penicillin-binding protein,penicillin-binding proteins,curated_class_level,2,matched configured target marker
562.64875,ceftazidime,present,True,product:d-alanyl-d-alanine carboxypeptidase; product:penicillin-binding protein,penicillin-binding proteins,curated_class_level,2,matched configured target marker
562.64883,cefotaxime,present,True,product:d-alanyl-d-alanine carboxypeptidase; product:penicillin-binding protein,penicillin-binding proteins,curated_class_level,2,matched configured target marker
562.64883,chloramphenicol,present,True,product:23s rrna; product:large subunit ribosomal rna; product:lsu rrna,"50S ribosomal subunit, 23S rRNA peptidyl-transferase center",curated_class_level,2,matched configured target marker
562.64883,gentamicin,present,True,product:16s rrna; product:ribosomal protein s12; product:small subunit ribosomal rna; product:ssu rrna,"30S ribosomal subunit, 16S rRNA A-site",curated_class_level,1,matched configured target marker
562.64883,ampicillin,present,True,product:d-alanyl-d-alanine carboxypeptidase; product:penicillin-binding protein,penicillin-binding proteins,curated_class_level,2,matched configured target marker
562.64883,amoxicillin,present,True,product:d-alanyl-d-alanine carboxypeptidase; product:penicillin-binding protein,penicillin-binding proteins,curated_class_level,2,matched configured target marker
562.64883,ceftazidime,present,True,product:d-alanyl-d-alanine carboxypeptidase; product:penicillin-binding protein,penicillin-binding proteins,curated_class_level,2,matched configured target marker
562.64884,cefotaxime,present,True,product:d-alanyl-d-alanine carboxypeptidase; product:penicillin-binding protein,penicillin-binding proteins,curated_class_level,2,matched configured target marker
562.64884,chloramphenicol,present,True,product:23s rrna; product:large subunit ribosomal rna; product:lsu rrna,"50S ribosomal subunit, 23S rRNA peptidyl-transferase center",curated_class_level,2,matched configured target marker
562.64884,gentamicin,present,True,product:16s rrna; product:ribosomal protein s12; product:small subunit ribosomal rna; product:ssu rrna,"30S ribosomal subunit, 16S rRNA A-site",curated_class_level,1,matched configured target marker
562.64884,ampicillin,present,True,product:d-alanyl-d-alanine carboxypeptidase; product:penicillin-binding protein,penicillin-binding proteins,curated_class_level,2,matched configured target marker
562.64884,amoxicillin,present,True,product:d-alanyl-d-alanine carboxypeptidase; product:penicillin-binding protein,penicillin-binding proteins,curated_class_level,2,matched configured target marker
562.64884,ceftazidime,present,True,product:d-alanyl-d-alanine carboxypeptidase; product:penicillin-binding protein,penicillin-binding proteins,curated_class_level,2,matched configured target marker
562.64888,cefotaxime,present,True,product:d-alanyl-d-alanine carboxypeptidase; product:penicillin-binding protein,penicillin-binding proteins,curated_class_level,2,matched configured target marker
562.64888,chloramphenicol,present,True,product:23s rrna; product:large subunit ribosomal rna; product:lsu rrna,"50S ribosomal subunit, 23S rRNA peptidyl-transferase center",curated_class_level,2,matched configured target marker
562.64888,gentamicin,present,True,product:16s rrna; product:ribosomal protein s12; product:small subunit ribosomal rna; product:ssu rrna,"30S ribosomal subunit, 16S rRNA A-site",curated_class_level,1,matched configured target marker
562.64888,ampicillin,present,True,product:d-alanyl-d-alanine carboxypeptidase; product:penicillin-binding protein,penicillin-binding proteins,curated_class_level,2,matched configured target marker
562.64888,amoxicillin,present,True,product:d-alanyl-d-alanine carboxypeptidase; product:penicillin-binding protein,penicillin-binding proteins,curated_class_level,2,matched configured target marker
562.64888,ceftazidime,present,True,product:d-alanyl-d-alanine carboxypeptidase; product:penicillin-binding protein,penicillin-binding proteins,curated_class_level,2,matched configured target marker
562.64891,cefotaxime,present,True,product:d-alanyl-d-alanine carboxypeptidase; product:penicillin-binding protein,penicillin-binding proteins,curated_class_level,2,matched configured target marker
562.64891,chloramphenicol,present,True,product:23s rrna; product:large subunit ribosomal rna; product:lsu rrna,"50S ribosomal subunit, 23S rRNA peptidyl-transferase center",curated_class_level,2,matched configured target marker
562.64891,gentamicin,present,True,product:16s rrna; product:ribosomal protein s12; product:small subunit ribosomal rna; product:ssu rrna,"30S ribosomal subunit, 16S rRNA A-site",curated_class_level,1,matched configured target marker
562.64891,ampicillin,present,True,product:d-alanyl-d-alanine carboxypeptidase; product:penicillin-binding protein,penicillin-binding proteins,curated_class_level,2,matched configured target marker
562.64891,amoxicillin,present,True,product:d-alanyl-d-alanine carboxypeptidase; product:penicillin-binding protein,penicillin-binding proteins,curated_class_level,2,matched configured target marker
562.64891,ceftazidime,present,True,product:d-alanyl-d-alanine carboxypeptidase; product:penicillin-binding protein,penicillin-binding proteins,curated_class_level,2,matched configured target marker
562.64896,cefotaxime,present,True,product:d-alanyl-d-alanine carboxypeptidase; product:penicillin-binding protein,penicillin-binding proteins,curated_class_level,2,matched configured target marker
562.64896,chloramphenicol,present,True,product:23s rrna; product:large subunit ribosomal rna; product:lsu rrna,"50S ribosomal subunit, 23S rRNA peptidyl-transferase center",curated_class_level,2,matched configured target marker
562.64896,gentamicin,present,True,product:16s rrna; product:ribosomal protein s12; product:small subunit ribosomal rna; product:ssu rrna,"30S ribosomal subunit, 16S rRNA A-site",curated_class_level,1,matched configured target marker
562.64896,ampicillin,present,True,product:d-alanyl-d-alanine carboxypeptidase; product:penicillin-binding protein,penicillin-binding proteins,curated_class_level,2,matched configured target marker
562.64896,amoxicillin,present,True,product:d-alanyl-d-alanine carboxypeptidase; product:penicillin-binding protein,penicillin-binding proteins,curated_class_level,2,matched configured target marker
562.64896,ceftazidime,present,True,product:d-alanyl-d-alanine carboxypeptidase; product:penicillin-binding protein,penicillin-binding proteins,curated_class_level,2,matched configured target marker
562.64908,cefotaxime,present,True,product:d-alanyl-d-alanine carboxypeptidase; product:penicillin-binding protein,penicillin-binding proteins,curated_class_level,2,matched configured target marker
562.64908,chloramphenicol,present,True,product:23s rrna; product:large subunit ribosomal rna; product:lsu rrna,"50S ribosomal subunit, 23S rRNA peptidyl-transferase center",curated_class_level,2,matched configured target marker
562.64908,gentamicin,present,True,product:16s rrna; product:ribosomal protein s12; product:small subunit ribosomal rna; product:ssu rrna,"30S ribosomal subunit, 16S rRNA A-site",curated_class_level,1,matched configured target marker
562.64908,ampicillin,present,True,product:d-alanyl-d-alanine carboxypeptidase; product:penicillin-binding protein,penicillin-binding proteins,curated_class_level,2,matched configured target marker
562.64908,amoxicillin,present,True,product:d-alanyl-d-alanine carboxypeptidase; product:penicillin-binding protein,penicillin-binding proteins,curated_class_level,2,matched configured target marker
562.64908,ceftazidime,present,True,product:d-alanyl-d-alanine carboxypeptidase; product:penicillin-binding protein,penicillin-binding proteins,curated_class_level,2,matched configured target marker
562.64909,cefotaxime,present,True,product:d-alanyl-d-alanine carboxypeptidase; product:penicillin-binding protein,penicillin-binding proteins,curated_class_level,2,matched configured target marker
562.64909,chloramphenicol,present,True,product:23s rrna; product:large subunit ribosomal rna; product:lsu rrna,"50S ribosomal subunit, 23S rRNA peptidyl-transferase center",curated_class_level,2,matched configured target marker
562.64909,gentamicin,present,True,product:16s rrna; product:ribosomal protein s12; product:small subunit ribosomal rna; product:ssu rrna,"30S ribosomal subunit, 16S rRNA A-site",curated_class_level,1,matched configured target marker
562.64909,ampicillin,present,True,product:d-alanyl-d-alanine carboxypeptidase; product:penicillin-binding protein,penicillin-binding proteins,curated_class_level,2,matched configured target marker
562.64909,amoxicillin,present,True,product:d-alanyl-d-alanine carboxypeptidase; product:penicillin-binding protein,penicillin-binding proteins,curated_class_level,2,matched configured target marker
562.64909,ceftazidime,present,True,product:d-alanyl-d-alanine carboxypeptidase; product:penicillin-binding protein,penicillin-binding proteins,curated_class_level,2,matched configured target marker
562.64915,cefotaxime,present,True,product:d-alanyl-d-alanine carboxypeptidase; product:penicillin-binding protein,penicillin-binding proteins,curated_class_level,2,matched configured target marker
562.64915,chloramphenicol,present,True,product:23s rrna; product:large subunit ribosomal rna; product:lsu rrna,"50S ribosomal subunit, 23S rRNA peptidyl-transferase center",curated_class_level,2,matched configured target marker
562.64915,gentamicin,present,True,product:16s rrna; product:ribosomal protein s12; product:small subunit ribosomal rna; product:ssu rrna,"30S ribosomal subunit, 16S rRNA A-site",curated_class_level,1,matched configured target marker
562.64915,ampicillin,present,True,product:d-alanyl-d-alanine carboxypeptidase; product:penicillin-binding protein,penicillin-binding proteins,curated_class_level,2,matched configured target marker
562.64915,amoxicillin,present,True,product:d-alanyl-d-alanine carboxypeptidase; product:penicillin-binding protein,penicillin-binding proteins,curated_class_level,2,matched configured target marker
562.64915,ceftazidime,present,True,product:d-alanyl-d-alanine carboxypeptidase; product:penicillin-binding protein,penicillin-binding proteins,curated_class_level,2,matched configured target marker
562.64917,cefotaxime,present,True,product:d-alanyl-d-alanine carboxypeptidase; product:penicillin-binding protein,penicillin-binding proteins,curated_class_level,2,matched configured target marker
562.64917,chloramphenicol,present,True,product:23s rrna; product:large subunit ribosomal rna; product:lsu rrna,"50S ribosomal subunit, 23S rRNA peptidyl-transferase center",curated_class_level,2,matched configured target marker
562.64917,gentamicin,present,True,product:16s rrna; product:ribosomal protein s12; product:small subunit ribosomal rna; product:ssu rrna,"30S ribosomal subunit, 16S rRNA A-site",curated_class_level,1,matched configured target marker
562.64917,ampicillin,present,True,product:d-alanyl-d-alanine carboxypeptidase; product:penicillin-binding protein,penicillin-binding proteins,curated_class_level,2,matched configured target marker
562.64917,amoxicillin,present,True,product:d-alanyl-d-alanine carboxypeptidase; product:penicillin-binding protein,penicillin-binding proteins,curated_class_level,2,matched configured target marker
562.64917,ceftazidime,present,True,product:d-alanyl-d-alanine carboxypeptidase; product:penicillin-binding protein,penicillin-binding proteins,curated_class_level,2,matched configured target marker
562.64931,cefotaxime,present,True,product:d-alanyl-d-alanine carboxypeptidase; product:penicillin-binding protein,penicillin-binding proteins,curated_class_level,2,matched configured target marker
562.64931,chloramphenicol,present,True,product:23s rrna; product:large subunit ribosomal rna; product:lsu rrna,"50S ribosomal subunit, 23S rRNA peptidyl-transferase center",curated_class_level,2,matched configured target marker
562.64931,gentamicin,present,True,product:16s rrna; product:ribosomal protein s12; product:small subunit ribosomal rna; product:ssu rrna,"30S ribosomal subunit, 16S rRNA A-site",curated_class_level,1,matched configured target marker
562.64931,ampicillin,present,True,product:d-alanyl-d-alanine carboxypeptidase; product:penicillin-binding protein,penicillin-binding proteins,curated_class_level,2,matched configured target marker
562.64931,amoxicillin,present,True,product:d-alanyl-d-alanine carboxypeptidase; product:penicillin-binding protein,penicillin-binding proteins,curated_class_level,2,matched configured target marker
562.64931,ceftazidime,present,True,product:d-alanyl-d-alanine carboxypeptidase; product:penicillin-binding protein,penicillin-binding proteins,curated_class_level,2,matched configured target marker
562.64944,cefotaxime,present,True,product:d-alanyl-d-alanine carboxypeptidase; product:penicillin-binding protein,penicillin-binding proteins,curated_class_level,2,matched configured target marker
562.64944,chloramphenicol,present,True,product:23s rrna; product:large subunit ribosomal rna; product:lsu rrna,"50S ribosomal subunit, 23S rRNA peptidyl-transferase center",curated_class_level,2,matched configured target marker
562.64944,gentamicin,present,True,product:16s rrna; product:ribosomal protein s12; product:small subunit ribosomal rna; product:ssu rrna,"30S ribosomal subunit, 16S rRNA A-site",curated_class_level,1,matched configured target marker
562.64944,ampicillin,present,True,product:d-alanyl-d-alanine carboxypeptidase; product:penicillin-binding protein,penicillin-binding proteins,curated_class_level,2,matched configured target marker
562.64944,amoxicillin,present,True,product:d-alanyl-d-alanine carboxypeptidase; product:penicillin-binding protein,penicillin-binding proteins,curated_class_level,2,matched configured target marker
562.64944,ceftazidime,present,True,product:d-alanyl-d-alanine carboxypeptidase; product:penicillin-binding protein,penicillin-binding proteins,curated_class_level,2,matched configured target marker
562.64949,cefotaxime,present,True,product:d-alanyl-d-alanine carboxypeptidase; product:penicillin-binding protein,penicillin-binding proteins,curated_class_level,2,matched configured target marker
562.64949,chloramphenicol,present,True,product:23s rrna; product:large subunit ribosomal rna; product:lsu rrna,"50S ribosomal subunit, 23S rRNA peptidyl-transferase center",curated_class_level,2,matched configured target marker
562.64949,gentamicin,present,True,product:16s rrna; product:ribosomal protein s12; product:small subunit ribosomal rna; product:ssu rrna,"30S ribosomal subunit, 16S rRNA A-site",curated_class_level,1,matched configured target marker
562.64949,ampicillin,present,True,product:d-alanyl-d-alanine carboxypeptidase; product:penicillin-binding protein,penicillin-binding proteins,curated_class_level,2,matched configured target marker
562.64949,amoxicillin,present,True,product:d-alanyl-d-alanine carboxypeptidase; product:penicillin-binding protein,penicillin-binding proteins,curated_class_level,2,matched configured target marker
562.64949,ceftazidime,present,True,product:d-alanyl-d-alanine carboxypeptidase; product:penicillin-binding protein,penicillin-binding proteins,curated_class_level,2,matched configured target marker
562.64981,cefotaxime,present,True,product:d-alanyl-d-alanine carboxypeptidase; product:penicillin-binding protein,penicillin-binding proteins,curated_class_level,2,matched configured target marker
562.64981,chloramphenicol,present,True,product:23s rrna; product:large subunit ribosomal rna; product:lsu rrna,"50S ribosomal subunit, 23S rRNA peptidyl-transferase center",curated_class_level,2,matched configured target marker
562.64981,gentamicin,present,True,product:16s rrna; product:ribosomal protein s12; product:small subunit ribosomal rna; product:ssu rrna,"30S ribosomal subunit, 16S rRNA A-site",curated_class_level,1,matched configured target marker
562.64981,ampicillin,present,True,product:d-alanyl-d-alanine carboxypeptidase; product:penicillin-binding protein,penicillin-binding proteins,curated_class_level,2,matched configured target marker
562.64981,amoxicillin,present,True,product:d-alanyl-d-alanine carboxypeptidase; product:penicillin-binding protein,penicillin-binding proteins,curated_class_level,2,matched configured target marker
562.64981,ceftazidime,present,True,product:d-alanyl-d-alanine carboxypeptidase; product:penicillin-binding protein,penicillin-binding proteins,curated_class_level,2,matched configured target marker
562.64983,cefotaxime,present,True,product:d-alanyl-d-alanine carboxypeptidase; product:penicillin-binding protein,penicillin-binding proteins,curated_class_level,2,matched configured target marker
562.64983,chloramphenicol,present,True,product:23s rrna; product:large subunit ribosomal rna; product:lsu rrna,"50S ribosomal subunit, 23S rRNA peptidyl-transferase center",curated_class_level,2,matched configured target marker
562.64983,gentamicin,present,True,product:16s rrna; product:ribosomal protein s12; product:small subunit ribosomal rna; product:ssu rrna,"30S ribosomal subunit, 16S rRNA A-site",curated_class_level,1,matched configured target marker
562.64983,ampicillin,present,True,product:d-alanyl-d-alanine carboxypeptidase; product:penicillin-binding protein,penicillin-binding proteins,curated_class_level,2,matched configured target marker
562.64983,amoxicillin,present,True,product:d-alanyl-d-alanine carboxypeptidase; product:penicillin-binding protein,penicillin-binding proteins,curated_class_level,2,matched configured target marker
562.64983,ceftazidime,present,True,product:d-alanyl-d-alanine carboxypeptidase; product:penicillin-binding protein,penicillin-binding proteins,curated_class_level,2,matched configured target marker
562.65022,cefotaxime,present,True,product:d-alanyl-d-alanine carboxypeptidase; product:penicillin-binding protein,penicillin-binding proteins,curated_class_level,2,matched configured target marker
562.65022,chloramphenicol,present,True,product:23s rrna; product:large subunit ribosomal rna; product:lsu rrna,"50S ribosomal subunit, 23S rRNA peptidyl-transferase center",curated_class_level,2,matched configured target marker
562.65022,gentamicin,present,True,product:16s rrna; product:ribosomal protein s12; product:small subunit ribosomal rna; product:ssu rrna,"30S ribosomal subunit, 16S rRNA A-site",curated_class_level,1,matched configured target marker
562.65022,ampicillin,present,True,product:d-alanyl-d-alanine carboxypeptidase; product:penicillin-binding protein,penicillin-binding proteins,curated_class_level,2,matched configured target marker
562.65022,amoxicillin,present,True,product:d-alanyl-d-alanine carboxypeptidase; product:penicillin-binding protein,penicillin-binding proteins,curated_class_level,2,matched configured target marker
562.65022,ceftazidime,present,True,product:d-alanyl-d-alanine carboxypeptidase; product:penicillin-binding protein,penicillin-binding proteins,curated_class_level,2,matched configured target marker
562.65027,cefotaxime,present,True,product:d-alanyl-d-alanine carboxypeptidase; product:penicillin-binding protein,penicillin-binding proteins,curated_class_level,2,matched configured target marker
562.65027,chloramphenicol,present,True,product:23s rrna; product:large subunit ribosomal rna; product:lsu rrna,"50S ribosomal subunit, 23S rRNA peptidyl-transferase center",curated_class_level,2,matched configured target marker
562.65027,gentamicin,present,True,product:16s rrna; product:ribosomal protein s12; product:small subunit ribosomal rna; product:ssu rrna,"30S ribosomal subunit, 16S rRNA A-site",curated_class_level,1,matched configured target marker
562.65027,ampicillin,present,True,product:d-alanyl-d-alanine carboxypeptidase; product:penicillin-binding protein,penicillin-binding proteins,curated_class_level,2,matched configured target marker
562.65027,amoxicillin,present,True,product:d-alanyl-d-alanine carboxypeptidase; product:penicillin-binding protein,penicillin-binding proteins,curated_class_level,2,matched configured target marker
562.65027,ceftazidime,present,True,product:d-alanyl-d-alanine carboxypeptidase; product:penicillin-binding protein,penicillin-binding proteins,curated_class_level,2,matched configured target marker
562.65033,cefotaxime,present,True,product:d-alanyl-d-alanine carboxypeptidase; product:penicillin-binding protein,penicillin-binding proteins,curated_class_level,2,matched configured target marker
562.65033,chloramphenicol,present,True,product:23s rrna; product:large subunit ribosomal rna; product:lsu rrna,"50S ribosomal subunit, 23S rRNA peptidyl-transferase center",curated_class_level,2,matched configured target marker
562.65033,gentamicin,present,True,product:16s rrna; product:ribosomal protein s12; product:small subunit ribosomal rna; product:ssu rrna,"30S ribosomal subunit, 16S rRNA A-site",curated_class_level,1,matched configured target marker
562.65033,ampicillin,present,True,product:d-alanyl-d-alanine carboxypeptidase; product:penicillin-binding protein,penicillin-binding proteins,curated_class_level,2,matched configured target marker
562.65033,amoxicillin,present,True,product:d-alanyl-d-alanine carboxypeptidase; product:penicillin-binding protein,penicillin-binding proteins,curated_class_level,2,matched configured target marker
562.65033,ceftazidime,present,True,product:d-alanyl-d-alanine carboxypeptidase; product:penicillin-binding protein,penicillin-binding proteins,curated_class_level,2,matched configured target marker
562.65036,cefotaxime,present,True,product:d-alanyl-d-alanine carboxypeptidase; product:penicillin-binding protein,penicillin-binding proteins,curated_class_level,2,matched configured target marker
562.65036,chloramphenicol,present,True,product:23s rrna; product:large subunit ribosomal rna; product:lsu rrna,"50S ribosomal subunit, 23S rRNA peptidyl-transferase center",curated_class_level,2,matched configured target marker
562.65036,gentamicin,present,True,product:16s rrna; product:ribosomal protein s12; product:small subunit ribosomal rna; product:ssu rrna,"30S ribosomal subunit, 16S rRNA A-site",curated_class_level,1,matched configured target marker
562.65036,ampicillin,present,True,product:d-alanyl-d-alanine carboxypeptidase; product:penicillin-binding protein,penicillin-binding proteins,curated_class_level,2,matched configured target marker
562.65036,amoxicillin,present,True,product:d-alanyl-d-alanine carboxypeptidase; product:penicillin-binding protein,penicillin-binding proteins,curated_class_level,2,matched configured target marker
562.65036,ceftazidime,present,True,product:d-alanyl-d-alanine carboxypeptidase; product:penicillin-binding protein,penicillin-binding proteins,curated_class_level,2,matched configured target marker
562.65065,cefotaxime,present,True,product:d-alanyl-d-alanine carboxypeptidase; product:penicillin-binding protein,penicillin-binding proteins,curated_class_level,2,matched configured target marker
562.65065,chloramphenicol,present,True,product:23s rrna; product:large subunit ribosomal rna; product:lsu rrna,"50S ribosomal subunit, 23S rRNA peptidyl-transferase center",curated_class_level,2,matched configured target marker
562.65065,gentamicin,present,True,product:16s rrna; product:ribosomal protein s12; product:small subunit ribosomal rna; product:ssu rrna,"30S ribosomal subunit, 16S rRNA A-site",curated_class_level,1,matched configured target marker
562.65065,ampicillin,present,True,product:d-alanyl-d-alanine carboxypeptidase; product:penicillin-binding protein,penicillin-binding proteins,curated_class_level,2,matched configured target marker
562.65065,amoxicillin,present,True,product:d-alanyl-d-alanine carboxypeptidase; product:penicillin-binding protein,penicillin-binding proteins,curated_class_level,2,matched configured target marker
562.65065,ceftazidime,present,True,product:d-alanyl-d-alanine carboxypeptidase; product:penicillin-binding protein,penicillin-binding proteins,curated_class_level,2,matched configured target marker
562.65083,cefotaxime,present,True,product:d-alanyl-d-alanine carboxypeptidase; product:penicillin-binding protein,penicillin-binding proteins,curated_class_level,2,matched configured target marker
562.65083,chloramphenicol,present,True,product:23s rrna; product:large subunit ribosomal rna; product:lsu rrna,"50S ribosomal subunit, 23S rRNA peptidyl-transferase center",curated_class_level,2,matched configured target marker
562.65083,gentamicin,present,True,product:16s rrna; product:ribosomal protein s12; product:small subunit ribosomal rna; product:ssu rrna,"30S ribosomal subunit, 16S rRNA A-site",curated_class_level,1,matched configured target marker
562.65083,ampicillin,present,True,product:d-alanyl-d-alanine carboxypeptidase; product:penicillin-binding protein,penicillin-binding proteins,curated_class_level,2,matched configured target marker
562.65083,amoxicillin,present,True,product:d-alanyl-d-alanine carboxypeptidase; product:penicillin-binding protein,penicillin-binding proteins,curated_class_level,2,matched configured target marker
562.65083,ceftazidime,present,True,product:d-alanyl-d-alanine carboxypeptidase; product:penicillin-binding protein,penicillin-binding proteins,curated_class_level,2,matched configured target marker
562.65094,cefotaxime,present,True,product:d-alanyl-d-alanine carboxypeptidase; product:penicillin-binding protein,penicillin-binding proteins,curated_class_level,2,matched configured target marker
562.65094,chloramphenicol,present,True,product:23s rrna; product:large subunit ribosomal rna; product:lsu rrna,"50S ribosomal subunit, 23S rRNA peptidyl-transferase center",curated_class_level,2,matched configured target marker
562.65094,gentamicin,present,True,product:16s rrna; product:ribosomal protein s12; product:small subunit ribosomal rna; product:ssu rrna,"30S ribosomal subunit, 16S rRNA A-site",curated_class_level,1,matched configured target marker
562.65094,ampicillin,present,True,product:d-alanyl-d-alanine carboxypeptidase; product:penicillin-binding protein,penicillin-binding proteins,curated_class_level,2,matched configured target marker
562.65094,amoxicillin,present,True,product:d-alanyl-d-alanine carboxypeptidase; product:penicillin-binding protein,penicillin-binding proteins,curated_class_level,2,matched configured target marker
562.65094,ceftazidime,present,True,product:d-alanyl-d-alanine carboxypeptidase; product:penicillin-binding protein,penicillin-binding proteins,curated_class_level,2,matched configured target marker
562.65116,cefotaxime,present,True,product:d-alanyl-d-alanine carboxypeptidase; product:penicillin-binding protein,penicillin-binding proteins,curated_class_level,2,matched configured target marker
562.65116,chloramphenicol,present,True,product:23s rrna; product:large subunit ribosomal rna; product:lsu rrna,"50S ribosomal subunit, 23S rRNA peptidyl-transferase center",curated_class_level,2,matched configured target marker
562.65116,gentamicin,present,True,product:16s rrna; product:ribosomal protein s12; product:small subunit ribosomal rna; product:ssu rrna,"30S ribosomal subunit, 16S rRNA A-site",curated_class_level,1,matched configured target marker
562.65116,ampicillin,present,True,product:d-alanyl-d-alanine carboxypeptidase; product:penicillin-binding protein,penicillin-binding proteins,curated_class_level,2,matched configured target marker
562.65116,amoxicillin,present,True,product:d-alanyl-d-alanine carboxypeptidase; product:penicillin-binding protein,penicillin-binding proteins,curated_class_level,2,matched configured target marker
562.65116,ceftazidime,present,True,product:d-alanyl-d-alanine carboxypeptidase; product:penicillin-binding protein,penicillin-binding proteins,curated_class_level,2,matched configured target marker
562.65126,cefotaxime,present,True,product:d-alanyl-d-alanine carboxypeptidase; product:penicillin-binding protein,penicillin-binding proteins,curated_class_level,2,matched configured target marker
562.65126,chloramphenicol,present,True,product:23s rrna; product:large subunit ribosomal rna; product:lsu rrna,"50S ribosomal subunit, 23S rRNA peptidyl-transferase center",curated_class_level,2,matched configured target marker
562.65126,gentamicin,present,True,product:16s rrna; product:ribosomal protein s12; product:small subunit ribosomal rna; product:ssu rrna,"30S ribosomal subunit, 16S rRNA A-site",curated_class_level,1,matched configured target marker
562.65126,ampicillin,present,True,product:d-alanyl-d-alanine carboxypeptidase; product:penicillin-binding protein,penicillin-binding proteins,curated_class_level,2,matched configured target marker
562.65126,amoxicillin,present,True,product:d-alanyl-d-alanine carboxypeptidase; product:penicillin-binding protein,penicillin-binding proteins,curated_class_level,2,matched configured target marker
562.65126,ceftazidime,present,True,product:d-alanyl-d-alanine carboxypeptidase; product:penicillin-binding protein,penicillin-binding proteins,curated_class_level,2,matched configured target marker
562.65127,cefotaxime,present,True,product:d-alanyl-d-alanine carboxypeptidase; product:penicillin-binding protein,penicillin-binding proteins,curated_class_level,2,matched configured target marker
562.65127,chloramphenicol,present,True,product:23s rrna; product:large subunit ribosomal rna; product:lsu rrna,"50S ribosomal subunit, 23S rRNA peptidyl-transferase center",curated_class_level,2,matched configured target marker
562.65127,gentamicin,present,True,product:16s rrna; product:ribosomal protein s12; product:small subunit ribosomal rna; product:ssu rrna,"30S ribosomal subunit, 16S rRNA A-site",curated_class_level,1,matched configured target marker
562.65127,ampicillin,present,True,product:d-alanyl-d-alanine carboxypeptidase; product:penicillin-binding protein,penicillin-binding proteins,curated_class_level,2,matched configured target marker
562.65127,amoxicillin,present,True,product:d-alanyl-d-alanine carboxypeptidase; product:penicillin-binding protein,penicillin-binding proteins,curated_class_level,2,matched configured target marker
562.65127,ceftazidime,present,True,product:d-alanyl-d-alanine carboxypeptidase; product:penicillin-binding protein,penicillin-binding proteins,curated_class_level,2,matched configured target marker
562.65128,cefotaxime,present,True,product:d-alanyl-d-alanine carboxypeptidase; product:penicillin-binding protein,penicillin-binding proteins,curated_class_level,2,matched configured target marker
562.65128,chloramphenicol,present,True,product:23s rrna; product:large subunit ribosomal rna; product:lsu rrna,"50S ribosomal subunit, 23S rRNA peptidyl-transferase center",curated_class_level,2,matched configured target marker
562.65128,gentamicin,present,True,product:16s rrna; product:ribosomal protein s12; product:small subunit ribosomal rna; product:ssu rrna,"30S ribosomal subunit, 16S rRNA A-site",curated_class_level,1,matched configured target marker
562.65128,ampicillin,present,True,product:d-alanyl-d-alanine carboxypeptidase; product:penicillin-binding protein,penicillin-binding proteins,curated_class_level,2,matched configured target marker
562.65128,amoxicillin,present,True,product:d-alanyl-d-alanine carboxypeptidase; product:penicillin-binding protein,penicillin-binding proteins,curated_class_level,2,matched configured target marker
562.65128,ceftazidime,present,True,product:d-alanyl-d-alanine carboxypeptidase; product:penicillin-binding protein,penicillin-binding proteins,curated_class_level,2,matched configured target marker
562.65157,cefotaxime,present,True,product:d-alanyl-d-alanine carboxypeptidase; product:penicillin-binding protein,penicillin-binding proteins,curated_class_level,2,matched configured target marker
562.65157,chloramphenicol,present,True,product:23s rrna; product:large subunit ribosomal rna; product:lsu rrna,"50S ribosomal subunit, 23S rRNA peptidyl-transferase center",curated_class_level,2,matched configured target marker
562.65157,gentamicin,present,True,product:16s rrna; product:ribosomal protein s12; product:small subunit ribosomal rna; product:ssu rrna,"30S ribosomal subunit, 16S rRNA A-site",curated_class_level,1,matched configured target marker
562.65157,ampicillin,present,True,product:d-alanyl-d-alanine carboxypeptidase; product:penicillin-binding protein,penicillin-binding proteins,curated_class_level,2,matched configured target marker
562.65157,amoxicillin,present,True,product:d-alanyl-d-alanine carboxypeptidase; product:penicillin-binding protein,penicillin-binding proteins,curated_class_level,2,matched configured target marker
562.65157,ceftazidime,present,True,product:d-alanyl-d-alanine carboxypeptidase; product:penicillin-binding protein,penicillin-binding proteins,curated_class_level,2,matched configured target marker
562.65158,cefotaxime,present,True,product:d-alanyl-d-alanine carboxypeptidase; product:penicillin-binding protein,penicillin-binding proteins,curated_class_level,2,matched configured target marker
562.65158,chloramphenicol,present,True,product:23s rrna; product:large subunit ribosomal rna; product:lsu rrna,"50S ribosomal subunit, 23S rRNA peptidyl-transferase center",curated_class_level,2,matched configured target marker
562.65158,gentamicin,present,True,product:16s rrna; product:ribosomal protein s12; product:small subunit ribosomal rna; product:ssu rrna,"30S ribosomal subunit, 16S rRNA A-site",curated_class_level,1,matched configured target marker
562.65158,ampicillin,present,True,product:d-alanyl-d-alanine carboxypeptidase; product:penicillin-binding protein,penicillin-binding proteins,curated_class_level,2,matched configured target marker
562.65158,amoxicillin,present,True,product:d-alanyl-d-alanine carboxypeptidase; product:penicillin-binding protein,penicillin-binding proteins,curated_class_level,2,matched configured target marker
562.65158,ceftazidime,present,True,product:d-alanyl-d-alanine carboxypeptidase; product:penicillin-binding protein,penicillin-binding proteins,curated_class_level,2,matched configured target marker
562.65185,cefotaxime,present,True,product:d-alanyl-d-alanine carboxypeptidase; product:penicillin-binding protein,penicillin-binding proteins,curated_class_level,2,matched configured target marker
562.65185,chloramphenicol,present,True,product:23s rrna; product:large subunit ribosomal rna; product:lsu rrna,"50S ribosomal subunit, 23S rRNA peptidyl-transferase center",curated_class_level,2,matched configured target marker
562.65185,gentamicin,present,True,product:16s rrna; product:ribosomal protein s12; product:small subunit ribosomal rna; product:ssu rrna,"30S ribosomal subunit, 16S rRNA A-site",curated_class_level,1,matched configured target marker
562.65185,ampicillin,present,True,product:d-alanyl-d-alanine carboxypeptidase; product:penicillin-binding protein,penicillin-binding proteins,curated_class_level,2,matched configured target marker
562.65185,amoxicillin,present,True,product:d-alanyl-d-alanine carboxypeptidase; product:penicillin-binding protein,penicillin-binding proteins,curated_class_level,2,matched configured target marker
562.65185,ceftazidime,present,True,product:d-alanyl-d-alanine carboxypeptidase; product:penicillin-binding protein,penicillin-binding proteins,curated_class_level,2,matched configured target marker
562.65236,cefotaxime,present,True,product:d-alanyl-d-alanine carboxypeptidase; product:penicillin-binding protein,penicillin-binding proteins,curated_class_level,2,matched configured target marker
562.65236,chloramphenicol,present,True,product:23s rrna; product:large subunit ribosomal rna; product:lsu rrna,"50S ribosomal subunit, 23S rRNA peptidyl-transferase center",curated_class_level,2,matched configured target marker
562.65236,gentamicin,present,True,product:16s rrna; product:ribosomal protein s12; product:small subunit ribosomal rna; product:ssu rrna,"30S ribosomal subunit, 16S rRNA A-site",curated_class_level,1,matched configured target marker
562.65236,ampicillin,present,True,product:d-alanyl-d-alanine carboxypeptidase; product:penicillin-binding protein,penicillin-binding proteins,curated_class_level,2,matched configured target marker
562.65236,amoxicillin,present,True,product:d-alanyl-d-alanine carboxypeptidase; product:penicillin-binding protein,penicillin-binding proteins,curated_class_level,2,matched configured target marker
562.65236,ceftazidime,present,True,product:d-alanyl-d-alanine carboxypeptidase; product:penicillin-binding protein,penicillin-binding proteins,curated_class_level,2,matched configured target marker
562.65244,cefotaxime,present,True,product:d-alanyl-d-alanine carboxypeptidase; product:penicillin-binding protein,penicillin-binding proteins,curated_class_level,2,matched configured target marker
562.65244,chloramphenicol,present,True,product:23s rrna; product:large subunit ribosomal rna; product:lsu rrna,"50S ribosomal subunit, 23S rRNA peptidyl-transferase center",curated_class_level,2,matched configured target marker
562.65244,gentamicin,present,True,product:16s rrna; product:ribosomal protein s12; product:small subunit ribosomal rna; product:ssu rrna,"30S ribosomal subunit, 16S rRNA A-site",curated_class_level,1,matched configured target marker
562.65244,ampicillin,present,True,product:d-alanyl-d-alanine carboxypeptidase; product:penicillin-binding protein,penicillin-binding proteins,curated_class_level,2,matched configured target marker
562.65244,amoxicillin,present,True,product:d-alanyl-d-alanine carboxypeptidase; product:penicillin-binding protein,penicillin-binding proteins,curated_class_level,2,matched configured target marker
562.65244,ceftazidime,present,True,product:d-alanyl-d-alanine carboxypeptidase; product:penicillin-binding protein,penicillin-binding proteins,curated_class_level,2,matched configured target marker
562.65255,cefotaxime,present,True,product:d-alanyl-d-alanine carboxypeptidase; product:penicillin-binding protein,penicillin-binding proteins,curated_class_level,2,matched configured target marker
562.65255,chloramphenicol,present,True,product:23s rrna; product:large subunit ribosomal rna; product:lsu rrna,"50S ribosomal subunit, 23S rRNA peptidyl-transferase center",curated_class_level,2,matched configured target marker
562.65255,gentamicin,present,True,product:16s rrna; product:ribosomal protein s12; product:small subunit ribosomal rna; product:ssu rrna,"30S ribosomal subunit, 16S rRNA A-site",curated_class_level,1,matched configured target marker
562.65255,ampicillin,present,True,product:d-alanyl-d-alanine carboxypeptidase; product:penicillin-binding protein,penicillin-binding proteins,curated_class_level,2,matched configured target marker
562.65255,amoxicillin,present,True,product:d-alanyl-d-alanine carboxypeptidase; product:penicillin-binding protein,penicillin-binding proteins,curated_class_level,2,matched configured target marker
562.65255,ceftazidime,present,True,product:d-alanyl-d-alanine carboxypeptidase; product:penicillin-binding protein,penicillin-binding proteins,curated_class_level,2,matched configured target marker
562.65262,cefotaxime,present,True,product:d-alanyl-d-alanine carboxypeptidase; product:penicillin-binding protein,penicillin-binding proteins,curated_class_level,2,matched configured target marker
562.65262,chloramphenicol,present,True,product:23s rrna; product:large subunit ribosomal rna; product:lsu rrna,"50S ribosomal subunit, 23S rRNA peptidyl-transferase center",curated_class_level,2,matched configured target marker
562.65262,gentamicin,present,True,product:16s rrna; product:ribosomal protein s12; product:small subunit ribosomal rna; product:ssu rrna,"30S ribosomal subunit, 16S rRNA A-site",curated_class_level,1,matched configured target marker
562.65262,ampicillin,present,True,product:d-alanyl-d-alanine carboxypeptidase; product:penicillin-binding protein,penicillin-binding proteins,curated_class_level,2,matched configured target marker
562.65262,amoxicillin,present,True,product:d-alanyl-d-alanine carboxypeptidase; product:penicillin-binding protein,penicillin-binding proteins,curated_class_level,2,matched configured target marker
562.65262,ceftazidime,present,True,product:d-alanyl-d-alanine carboxypeptidase; product:penicillin-binding protein,penicillin-binding proteins,curated_class_level,2,matched configured target marker
562.65263,cefotaxime,present,True,product:d-alanyl-d-alanine carboxypeptidase; product:penicillin-binding protein,penicillin-binding proteins,curated_class_level,2,matched configured target marker
562.65263,chloramphenicol,present,True,product:23s rrna; product:large subunit ribosomal rna; product:lsu rrna,"50S ribosomal subunit, 23S rRNA peptidyl-transferase center",curated_class_level,2,matched configured target marker
562.65263,gentamicin,present,True,product:16s rrna; product:ribosomal protein s12; product:small subunit ribosomal rna; product:ssu rrna,"30S ribosomal subunit, 16S rRNA A-site",curated_class_level,1,matched configured target marker
562.65263,ampicillin,present,True,product:d-alanyl-d-alanine carboxypeptidase; product:penicillin-binding protein,penicillin-binding proteins,curated_class_level,2,matched configured target marker
562.65263,amoxicillin,present,True,product:d-alanyl-d-alanine carboxypeptidase; product:penicillin-binding protein,penicillin-binding proteins,curated_class_level,2,matched configured target marker
562.65263,ceftazidime,present,True,product:d-alanyl-d-alanine carboxypeptidase; product:penicillin-binding protein,penicillin-binding proteins,curated_class_level,2,matched configured target marker
562.65267,cefotaxime,present,True,product:d-alanyl-d-alanine carboxypeptidase; product:penicillin-binding protein,penicillin-binding proteins,curated_class_level,2,matched configured target marker
562.65267,chloramphenicol,present,True,product:23s rrna; product:large subunit ribosomal rna; product:lsu rrna,"50S ribosomal subunit, 23S rRNA peptidyl-transferase center",curated_class_level,2,matched configured target marker
562.65267,gentamicin,present,True,product:16s rrna; product:ribosomal protein s12; product:small subunit ribosomal rna; product:ssu rrna,"30S ribosomal subunit, 16S rRNA A-site",curated_class_level,1,matched configured target marker
562.65267,ampicillin,present,True,product:d-alanyl-d-alanine carboxypeptidase; product:penicillin-binding protein,penicillin-binding proteins,curated_class_level,2,matched configured target marker
562.65267,amoxicillin,present,True,product:d-alanyl-d-alanine carboxypeptidase; product:penicillin-binding protein,penicillin-binding proteins,curated_class_level,2,matched configured target marker
562.65267,ceftazidime,present,True,product:d-alanyl-d-alanine carboxypeptidase; product:penicillin-binding protein,penicillin-binding proteins,curated_class_level,2,matched configured target marker
562.65312,cefotaxime,present,True,product:d-alanyl-d-alanine carboxypeptidase; product:penicillin-binding protein,penicillin-binding proteins,curated_class_level,2,matched configured target marker
562.65312,chloramphenicol,present,True,product:23s rrna; product:large subunit ribosomal rna; product:lsu rrna,"50S ribosomal subunit, 23S rRNA peptidyl-transferase center",curated_class_level,2,matched configured target marker
562.65312,gentamicin,present,True,product:16s rrna; product:ribosomal protein s12; product:small subunit ribosomal rna; product:ssu rrna,"30S ribosomal subunit, 16S rRNA A-site",curated_class_level,1,matched configured target marker
562.65312,ampicillin,present,True,product:d-alanyl-d-alanine carboxypeptidase; product:penicillin-binding protein,penicillin-binding proteins,curated_class_level,2,matched configured target marker
562.65312,amoxicillin,present,True,product:d-alanyl-d-alanine carboxypeptidase; product:penicillin-binding protein,penicillin-binding proteins,curated_class_level,2,matched configured target marker
562.65312,ceftazidime,present,True,product:d-alanyl-d-alanine carboxypeptidase; product:penicillin-binding protein,penicillin-binding proteins,curated_class_level,2,matched configured target marker
562.65323,cefotaxime,present,True,product:d-alanyl-d-alanine carboxypeptidase; product:penicillin-binding protein,penicillin-binding proteins,curated_class_level,2,matched configured target marker
562.65323,chloramphenicol,present,True,product:23s rrna; product:large subunit ribosomal rna; product:lsu rrna,"50S ribosomal subunit, 23S rRNA peptidyl-transferase center",curated_class_level,2,matched configured target marker
562.65323,gentamicin,present,True,product:16s rrna; product:ribosomal protein s12; product:small subunit ribosomal rna; product:ssu rrna,"30S ribosomal subunit, 16S rRNA A-site",curated_class_level,1,matched configured target marker
562.65323,ampicillin,present,True,product:d-alanyl-d-alanine carboxypeptidase; product:penicillin-binding protein,penicillin-binding proteins,curated_class_level,2,matched configured target marker
562.65323,amoxicillin,present,True,product:d-alanyl-d-alanine carboxypeptidase; product:penicillin-binding protein,penicillin-binding proteins,curated_class_level,2,matched configured target marker
562.65323,ceftazidime,present,True,product:d-alanyl-d-alanine carboxypeptidase; product:penicillin-binding protein,penicillin-binding proteins,curated_class_level,2,matched configured target marker
562.65325,cefotaxime,present,True,product:d-alanyl-d-alanine carboxypeptidase; product:penicillin-binding protein,penicillin-binding proteins,curated_class_level,2,matched configured target marker
562.65325,chloramphenicol,present,True,product:23s rrna; product:large subunit ribosomal rna; product:lsu rrna,"50S ribosomal subunit, 23S rRNA peptidyl-transferase center",curated_class_level,2,matched configured target marker
562.65325,gentamicin,present,True,product:16s rrna; product:ribosomal protein s12; product:small subunit ribosomal rna; product:ssu rrna,"30S ribosomal subunit, 16S rRNA A-site",curated_class_level,1,matched configured target marker
562.65325,ampicillin,present,True,product:d-alanyl-d-alanine carboxypeptidase; product:penicillin-binding protein,penicillin-binding proteins,curated_class_level,2,matched configured target marker
562.65325,amoxicillin,present,True,product:d-alanyl-d-alanine carboxypeptidase; product:penicillin-binding protein,penicillin-binding proteins,curated_class_level,2,matched configured target marker
562.65325,ceftazidime,present,True,product:d-alanyl-d-alanine carboxypeptidase; product:penicillin-binding protein,penicillin-binding proteins,curated_class_level,2,matched configured target marker
562.65332,cefotaxime,present,True,product:d-alanyl-d-alanine carboxypeptidase; product:penicillin-binding protein,penicillin-binding proteins,curated_class_level,2,matched configured target marker
562.65332,chloramphenicol,present,True,product:23s rrna; product:large subunit ribosomal rna; product:lsu rrna,"50S ribosomal subunit, 23S rRNA peptidyl-transferase center",curated_class_level,2,matched configured target marker
562.65332,gentamicin,present,True,product:16s rrna; product:ribosomal protein s12; product:small subunit ribosomal rna; product:ssu rrna,"30S ribosomal subunit, 16S rRNA A-site",curated_class_level,1,matched configured target marker
562.65332,ampicillin,present,True,product:d-alanyl-d-alanine carboxypeptidase; product:penicillin-binding protein,penicillin-binding proteins,curated_class_level,2,matched configured target marker
562.65332,amoxicillin,present,True,product:d-alanyl-d-alanine carboxypeptidase; product:penicillin-binding protein,penicillin-binding proteins,curated_class_level,2,matched configured target marker
562.65332,ceftazidime,present,True,product:d-alanyl-d-alanine carboxypeptidase; product:penicillin-binding protein,penicillin-binding proteins,curated_class_level,2,matched configured target marker
562.65333,cefotaxime,present,True,product:d-alanyl-d-alanine carboxypeptidase; product:penicillin-binding protein,penicillin-binding proteins,curated_class_level,2,matched configured target marker
562.65333,chloramphenicol,present,True,product:23s rrna; product:large subunit ribosomal rna; product:lsu rrna,"50S ribosomal subunit, 23S rRNA peptidyl-transferase center",curated_class_level,2,matched configured target marker
562.65333,gentamicin,present,True,product:16s rrna; product:ribosomal protein s12; product:small subunit ribosomal rna; product:ssu rrna,"30S ribosomal subunit, 16S rRNA A-site",curated_class_level,1,matched configured target marker
562.65333,ampicillin,present,True,product:d-alanyl-d-alanine carboxypeptidase; product:penicillin-binding protein,penicillin-binding proteins,curated_class_level,2,matched configured target marker
562.65333,amoxicillin,present,True,product:d-alanyl-d-alanine carboxypeptidase; product:penicillin-binding protein,penicillin-binding proteins,curated_class_level,2,matched configured target marker
562.65333,ceftazidime,present,True,product:d-alanyl-d-alanine carboxypeptidase; product:penicillin-binding protein,penicillin-binding proteins,curated_class_level,2,matched configured target marker
562.65342,cefotaxime,present,True,product:d-alanyl-d-alanine carboxypeptidase; product:penicillin-binding protein,penicillin-binding proteins,curated_class_level,2,matched configured target marker
562.65342,chloramphenicol,present,True,product:23s rrna; product:large subunit ribosomal rna; product:lsu rrna,"50S ribosomal subunit, 23S rRNA peptidyl-transferase center",curated_class_level,2,matched configured target marker
562.65342,gentamicin,present,True,product:16s rrna; product:ribosomal protein s12; product:small subunit ribosomal rna; product:ssu rrna,"30S ribosomal subunit, 16S rRNA A-site",curated_class_level,1,matched configured target marker
562.65342,ampicillin,present,True,product:d-alanyl-d-alanine carboxypeptidase; product:penicillin-binding protein,penicillin-binding proteins,curated_class_level,2,matched configured target marker
562.65342,amoxicillin,present,True,product:d-alanyl-d-alanine carboxypeptidase; product:penicillin-binding protein,penicillin-binding proteins,curated_class_level,2,matched configured target marker
562.65342,ceftazidime,present,True,product:d-alanyl-d-alanine carboxypeptidase; product:penicillin-binding protein,penicillin-binding proteins,curated_class_level,2,matched configured target marker
562.65358,cefotaxime,present,True,product:d-alanyl-d-alanine carboxypeptidase; product:penicillin-binding protein,penicillin-binding proteins,curated_class_level,2,matched configured target marker
562.65358,chloramphenicol,present,True,product:23s rrna; product:large subunit ribosomal rna; product:lsu rrna,"50S ribosomal subunit, 23S rRNA peptidyl-transferase center",curated_class_level,2,matched configured target marker
562.65358,gentamicin,present,True,product:16s rrna; product:ribosomal protein s12; product:small subunit ribosomal rna; product:ssu rrna,"30S ribosomal subunit, 16S rRNA A-site",curated_class_level,1,matched configured target marker
562.65358,ampicillin,present,True,product:d-alanyl-d-alanine carboxypeptidase; product:penicillin-binding protein,penicillin-binding proteins,curated_class_level,2,matched configured target marker
562.65358,amoxicillin,present,True,product:d-alanyl-d-alanine carboxypeptidase; product:penicillin-binding protein,penicillin-binding proteins,curated_class_level,2,matched configured target marker
562.65358,ceftazidime,present,True,product:d-alanyl-d-alanine carboxypeptidase; product:penicillin-binding protein,penicillin-binding proteins,curated_class_level,2,matched configured target marker
562.65361,cefotaxime,present,True,product:d-alanyl-d-alanine carboxypeptidase; product:penicillin-binding protein,penicillin-binding proteins,curated_class_level,2,matched configured target marker
562.65361,chloramphenicol,present,True,product:23s rrna; product:large subunit ribosomal rna; product:lsu rrna,"50S ribosomal subunit, 23S rRNA peptidyl-transferase center",curated_class_level,2,matched configured target marker
562.65361,gentamicin,present,True,product:16s rrna; product:ribosomal protein s12; product:small subunit ribosomal rna; product:ssu rrna,"30S ribosomal subunit, 16S rRNA A-site",curated_class_level,1,matched configured target marker
562.65361,ampicillin,present,True,product:d-alanyl-d-alanine carboxypeptidase; product:penicillin-binding protein,penicillin-binding proteins,curated_class_level,2,matched configured target marker
562.65361,amoxicillin,present,True,product:d-alanyl-d-alanine carboxypeptidase; product:penicillin-binding protein,penicillin-binding proteins,curated_class_level,2,matched configured target marker
562.65361,ceftazidime,present,True,product:d-alanyl-d-alanine carboxypeptidase; product:penicillin-binding protein,penicillin-binding proteins,curated_class_level,2,matched configured target marker
562.65365,cefotaxime,present,True,product:d-alanyl-d-alanine carboxypeptidase; product:penicillin-binding protein,penicillin-binding proteins,curated_class_level,2,matched configured target marker
562.65365,chloramphenicol,present,True,product:23s rrna; product:large subunit ribosomal rna; product:lsu rrna,"50S ribosomal subunit, 23S rRNA peptidyl-transferase center",curated_class_level,2,matched configured target marker
562.65365,gentamicin,present,True,product:16s rrna; product:ribosomal protein s12; product:small subunit ribosomal rna; product:ssu rrna,"30S ribosomal subunit, 16S rRNA A-site",curated_class_level,1,matched configured target marker
562.65365,ampicillin,present,True,product:d-alanyl-d-alanine carboxypeptidase; product:penicillin-binding protein,penicillin-binding proteins,curated_class_level,2,matched configured target marker
562.65365,amoxicillin,present,True,product:d-alanyl-d-alanine carboxypeptidase; product:penicillin-binding protein,penicillin-binding proteins,curated_class_level,2,matched configured target marker
562.65365,ceftazidime,present,True,product:d-alanyl-d-alanine carboxypeptidase; product:penicillin-binding protein,penicillin-binding proteins,curated_class_level,2,matched configured target marker
562.65381,cefotaxime,present,True,product:d-alanyl-d-alanine carboxypeptidase; product:penicillin-binding protein,penicillin-binding proteins,curated_class_level,2,matched configured target marker
562.65381,chloramphenicol,present,True,product:23s rrna; product:large subunit ribosomal rna; product:lsu rrna,"50S ribosomal subunit, 23S rRNA peptidyl-transferase center",curated_class_level,2,matched configured target marker
562.65381,gentamicin,present,True,product:16s rrna; product:ribosomal protein s12; product:small subunit ribosomal rna; product:ssu rrna,"30S ribosomal subunit, 16S rRNA A-site",curated_class_level,1,matched configured target marker
562.65381,ampicillin,present,True,product:d-alanyl-d-alanine carboxypeptidase; product:penicillin-binding protein,penicillin-binding proteins,curated_class_level,2,matched configured target marker
562.65381,amoxicillin,present,True,product:d-alanyl-d-alanine carboxypeptidase; product:penicillin-binding protein,penicillin-binding proteins,curated_class_level,2,matched configured target marker
562.65381,ceftazidime,present,True,product:d-alanyl-d-alanine carboxypeptidase; product:penicillin-binding protein,penicillin-binding proteins,curated_class_level,2,matched configured target marker
562.65397,cefotaxime,present,True,product:d-alanyl-d-alanine carboxypeptidase; product:penicillin-binding protein,penicillin-binding proteins,curated_class_level,2,matched configured target marker
562.65397,chloramphenicol,present,True,product:23s rrna; product:large subunit ribosomal rna; product:lsu rrna,"50S ribosomal subunit, 23S rRNA peptidyl-transferase center",curated_class_level,2,matched configured target marker
562.65397,gentamicin,present,True,product:16s rrna; product:ribosomal protein s12; product:small subunit ribosomal rna; product:ssu rrna,"30S ribosomal subunit, 16S rRNA A-site",curated_class_level,1,matched configured target marker
562.65397,ampicillin,present,True,product:d-alanyl-d-alanine carboxypeptidase; product:penicillin-binding protein,penicillin-binding proteins,curated_class_level,2,matched configured target marker
562.65397,amoxicillin,present,True,product:d-alanyl-d-alanine carboxypeptidase; product:penicillin-binding protein,penicillin-binding proteins,curated_class_level,2,matched configured target marker
562.65397,ceftazidime,present,True,product:d-alanyl-d-alanine carboxypeptidase; product:penicillin-binding protein,penicillin-binding proteins,curated_class_level,2,matched configured target marker
562.65406,cefotaxime,present,True,product:d-alanyl-d-alanine carboxypeptidase; product:penicillin-binding protein,penicillin-binding proteins,curated_class_level,2,matched configured target marker
562.65406,chloramphenicol,present,True,product:23s rrna; product:large subunit ribosomal rna; product:lsu rrna,"50S ribosomal subunit, 23S rRNA peptidyl-transferase center",curated_class_level,2,matched configured target marker
562.65406,gentamicin,present,True,product:16s rrna; product:ribosomal protein s12; product:small subunit ribosomal rna; product:ssu rrna,"30S ribosomal subunit, 16S rRNA A-site",curated_class_level,1,matched configured target marker
562.65406,ampicillin,present,True,product:d-alanyl-d-alanine carboxypeptidase; product:penicillin-binding protein,penicillin-binding proteins,curated_class_level,2,matched configured target marker
562.65406,amoxicillin,present,True,product:d-alanyl-d-alanine carboxypeptidase; product:penicillin-binding protein,penicillin-binding proteins,curated_class_level,2,matched configured target marker
562.65406,ceftazidime,present,True,product:d-alanyl-d-alanine carboxypeptidase; product:penicillin-binding protein,penicillin-binding proteins,curated_class_level,2,matched configured target marker
562.65411,cefotaxime,present,True,product:d-alanyl-d-alanine carboxypeptidase; product:penicillin-binding protein,penicillin-binding proteins,curated_class_level,2,matched configured target marker
562.65411,chloramphenicol,present,True,product:23s rrna; product:large subunit ribosomal rna; product:lsu rrna,"50S ribosomal subunit, 23S rRNA peptidyl-transferase center",curated_class_level,2,matched configured target marker
562.65411,gentamicin,present,True,product:16s rrna; product:ribosomal protein s12; product:small subunit ribosomal rna; product:ssu rrna,"30S ribosomal subunit, 16S rRNA A-site",curated_class_level,1,matched configured target marker
562.65411,ampicillin,present,True,product:d-alanyl-d-alanine carboxypeptidase; product:penicillin-binding protein,penicillin-binding proteins,curated_class_level,2,matched configured target marker
562.65411,amoxicillin,present,True,product:d-alanyl-d-alanine carboxypeptidase; product:penicillin-binding protein,penicillin-binding proteins,curated_class_level,2,matched configured target marker
562.65411,ceftazidime,present,True,product:d-alanyl-d-alanine carboxypeptidase; product:penicillin-binding protein,penicillin-binding proteins,curated_class_level,2,matched configured target marker
562.65426,cefotaxime,present,True,product:d-alanyl-d-alanine carboxypeptidase; product:penicillin-binding protein,penicillin-binding proteins,curated_class_level,2,matched configured target marker
562.65426,chloramphenicol,present,True,product:23s rrna; product:large subunit ribosomal rna; product:lsu rrna,"50S ribosomal subunit, 23S rRNA peptidyl-transferase center",curated_class_level,2,matched configured target marker
562.65426,gentamicin,present,True,product:16s rrna; product:ribosomal protein s12; product:small subunit ribosomal rna; product:ssu rrna,"30S ribosomal subunit, 16S rRNA A-site",curated_class_level,1,matched configured target marker
562.65426,ampicillin,present,True,product:d-alanyl-d-alanine carboxypeptidase; product:penicillin-binding protein,penicillin-binding proteins,curated_class_level,2,matched configured target marker
562.65426,amoxicillin,present,True,product:d-alanyl-d-alanine carboxypeptidase; product:penicillin-binding protein,penicillin-binding proteins,curated_class_level,2,matched configured target marker
562.65426,ceftazidime,present,True,product:d-alanyl-d-alanine carboxypeptidase; product:penicillin-binding protein,penicillin-binding proteins,curated_class_level,2,matched configured target marker
562.65428,cefotaxime,present,True,product:d-alanyl-d-alanine carboxypeptidase; product:penicillin-binding protein,penicillin-binding proteins,curated_class_level,2,matched configured target marker
562.65428,chloramphenicol,present,True,product:23s rrna; product:large subunit ribosomal rna; product:lsu rrna,"50S ribosomal subunit, 23S rRNA peptidyl-transferase center",curated_class_level,2,matched configured target marker
562.65428,gentamicin,present,True,product:16s rrna; product:ribosomal protein s12; product:small subunit ribosomal rna; product:ssu rrna,"30S ribosomal subunit, 16S rRNA A-site",curated_class_level,1,matched configured target marker
562.65428,ampicillin,present,True,product:d-alanyl-d-alanine carboxypeptidase; product:penicillin-binding protein,penicillin-binding proteins,curated_class_level,2,matched configured target marker
562.65428,amoxicillin,present,True,product:d-alanyl-d-alanine carboxypeptidase; product:penicillin-binding protein,penicillin-binding proteins,curated_class_level,2,matched configured target marker
562.65428,ceftazidime,present,True,product:d-alanyl-d-alanine carboxypeptidase; product:penicillin-binding protein,penicillin-binding proteins,curated_class_level,2,matched configured target marker
562.65432,cefotaxime,present,True,product:d-alanyl-d-alanine carboxypeptidase; product:penicillin-binding protein,penicillin-binding proteins,curated_class_level,2,matched configured target marker
562.65432,chloramphenicol,present,True,product:23s rrna; product:large subunit ribosomal rna; product:lsu rrna,"50S ribosomal subunit, 23S rRNA peptidyl-transferase center",curated_class_level,2,matched configured target marker
562.65432,gentamicin,present,True,product:16s rrna; product:ribosomal protein s12; product:small subunit ribosomal rna; product:ssu rrna,"30S ribosomal subunit, 16S rRNA A-site",curated_class_level,1,matched configured target marker
562.65432,ampicillin,present,True,product:d-alanyl-d-alanine carboxypeptidase; product:penicillin-binding protein,penicillin-binding proteins,curated_class_level,2,matched configured target marker
562.65432,amoxicillin,present,True,product:d-alanyl-d-alanine carboxypeptidase; product:penicillin-binding protein,penicillin-binding proteins,curated_class_level,2,matched configured target marker
562.65432,ceftazidime,present,True,product:d-alanyl-d-alanine carboxypeptidase; product:penicillin-binding protein,penicillin-binding proteins,curated_class_level,2,matched configured target marker
562.65447,cefotaxime,present,True,product:d-alanyl-d-alanine carboxypeptidase; product:penicillin-binding protein,penicillin-binding proteins,curated_class_level,2,matched configured target marker
562.65447,chloramphenicol,present,True,product:23s rrna; product:large subunit ribosomal rna; product:lsu rrna,"50S ribosomal subunit, 23S rRNA peptidyl-transferase center",curated_class_level,2,matched configured target marker
562.65447,gentamicin,present,True,product:16s rrna; product:ribosomal protein s12; product:small subunit ribosomal rna; product:ssu rrna,"30S ribosomal subunit, 16S rRNA A-site",curated_class_level,1,matched configured target marker
562.65447,ampicillin,present,True,product:d-alanyl-d-alanine carboxypeptidase; product:penicillin-binding protein,penicillin-binding proteins,curated_class_level,2,matched configured target marker
562.65447,amoxicillin,present,True,product:d-alanyl-d-alanine carboxypeptidase; product:penicillin-binding protein,penicillin-binding proteins,curated_class_level,2,matched configured target marker
562.65447,ceftazidime,present,True,product:d-alanyl-d-alanine carboxypeptidase; product:penicillin-binding protein,penicillin-binding proteins,curated_class_level,2,matched configured target marker
562.65462,cefotaxime,present,True,product:d-alanyl-d-alanine carboxypeptidase; product:penicillin-binding protein,penicillin-binding proteins,curated_class_level,2,matched configured target marker
562.65462,chloramphenicol,present,True,product:23s rrna; product:large subunit ribosomal rna; product:lsu rrna,"50S ribosomal subunit, 23S rRNA peptidyl-transferase center",curated_class_level,2,matched configured target marker
562.65462,gentamicin,present,True,product:16s rrna; product:ribosomal protein s12; product:small subunit ribosomal rna; product:ssu rrna,"30S ribosomal subunit, 16S rRNA A-site",curated_class_level,1,matched configured target marker
562.65462,ampicillin,present,True,product:d-alanyl-d-alanine carboxypeptidase; product:penicillin-binding protein,penicillin-binding proteins,curated_class_level,2,matched configured target marker
562.65462,amoxicillin,present,True,product:d-alanyl-d-alanine carboxypeptidase; product:penicillin-binding protein,penicillin-binding proteins,curated_class_level,2,matched configured target marker
562.65462,ceftazidime,present,True,product:d-alanyl-d-alanine carboxypeptidase; product:penicillin-binding protein,penicillin-binding proteins,curated_class_level,2,matched configured target marker
562.65463,cefotaxime,present,True,product:d-alanyl-d-alanine carboxypeptidase; product:penicillin-binding protein,penicillin-binding proteins,curated_class_level,2,matched configured target marker
562.65463,chloramphenicol,present,True,product:23s rrna; product:large subunit ribosomal rna; product:lsu rrna,"50S ribosomal subunit, 23S rRNA peptidyl-transferase center",curated_class_level,2,matched configured target marker
562.65463,gentamicin,present,True,product:16s rrna; product:ribosomal protein s12; product:small subunit ribosomal rna; product:ssu rrna,"30S ribosomal subunit, 16S rRNA A-site",curated_class_level,1,matched configured target marker
562.65463,ampicillin,present,True,product:d-alanyl-d-alanine carboxypeptidase; product:penicillin-binding protein,penicillin-binding proteins,curated_class_level,2,matched configured target marker
562.65463,amoxicillin,present,True,product:d-alanyl-d-alanine carboxypeptidase; product:penicillin-binding protein,penicillin-binding proteins,curated_class_level,2,matched configured target marker
562.65463,ceftazidime,present,True,product:d-alanyl-d-alanine carboxypeptidase; product:penicillin-binding protein,penicillin-binding proteins,curated_class_level,2,matched configured target marker
562.65465,cefotaxime,present,True,product:d-alanyl-d-alanine carboxypeptidase; product:penicillin-binding protein,penicillin-binding proteins,curated_class_level,2,matched configured target marker
562.65465,chloramphenicol,present,True,product:23s rrna; product:large subunit ribosomal rna; product:lsu rrna,"50S ribosomal subunit, 23S rRNA peptidyl-transferase center",curated_class_level,2,matched configured target marker
562.65465,gentamicin,present,True,product:16s rrna; product:ribosomal protein s12; product:small subunit ribosomal rna; product:ssu rrna,"30S ribosomal subunit, 16S rRNA A-site",curated_class_level,1,matched configured target marker
562.65465,ampicillin,present,True,product:d-alanyl-d-alanine carboxypeptidase; product:penicillin-binding protein,penicillin-binding proteins,curated_class_level,2,matched configured target marker
562.65465,amoxicillin,present,True,product:d-alanyl-d-alanine carboxypeptidase; product:penicillin-binding protein,penicillin-binding proteins,curated_class_level,2,matched configured target marker
562.65465,ceftazidime,present,True,product:d-alanyl-d-alanine carboxypeptidase; product:penicillin-binding protein,penicillin-binding proteins,curated_class_level,2,matched configured target marker
562.65476,cefotaxime,present,True,product:d-alanyl-d-alanine carboxypeptidase; product:penicillin-binding protein,penicillin-binding proteins,curated_class_level,2,matched configured target marker
562.65476,chloramphenicol,present,True,product:23s rrna; product:large subunit ribosomal rna; product:lsu rrna,"50S ribosomal subunit, 23S rRNA peptidyl-transferase center",curated_class_level,2,matched configured target marker
562.65476,gentamicin,present,True,product:16s rrna; product:ribosomal protein s12; product:small subunit ribosomal rna; product:ssu rrna,"30S ribosomal subunit, 16S rRNA A-site",curated_class_level,1,matched configured target marker
562.65476,ampicillin,present,True,product:d-alanyl-d-alanine carboxypeptidase; product:penicillin-binding protein,penicillin-binding proteins,curated_class_level,2,matched configured target marker
562.65476,amoxicillin,present,True,product:d-alanyl-d-alanine carboxypeptidase; product:penicillin-binding protein,penicillin-binding proteins,curated_class_level,2,matched configured target marker
562.65476,ceftazidime,present,True,product:d-alanyl-d-alanine carboxypeptidase; product:penicillin-binding protein,penicillin-binding proteins,curated_class_level,2,matched configured target marker
562.65484,cefotaxime,present,True,product:d-alanyl-d-alanine carboxypeptidase; product:penicillin-binding protein,penicillin-binding proteins,curated_class_level,2,matched configured target marker
562.65484,chloramphenicol,present,True,product:23s rrna; product:large subunit ribosomal rna; product:lsu rrna,"50S ribosomal subunit, 23S rRNA peptidyl-transferase center",curated_class_level,2,matched configured target marker
562.65484,gentamicin,present,True,product:16s rrna; product:ribosomal protein s12; product:small subunit ribosomal rna; product:ssu rrna,"30S ribosomal subunit, 16S rRNA A-site",curated_class_level,1,matched configured target marker
562.65484,ampicillin,present,True,product:d-alanyl-d-alanine carboxypeptidase; product:penicillin-binding protein,penicillin-binding proteins,curated_class_level,2,matched configured target marker
562.65484,amoxicillin,present,True,product:d-alanyl-d-alanine carboxypeptidase; product:penicillin-binding protein,penicillin-binding proteins,curated_class_level,2,matched configured target marker
562.65484,ceftazidime,present,True,product:d-alanyl-d-alanine carboxypeptidase; product:penicillin-binding protein,penicillin-binding proteins,curated_class_level,2,matched configured target marker
562.65488,cefotaxime,present,True,product:d-alanyl-d-alanine carboxypeptidase; product:penicillin-binding protein,penicillin-binding proteins,curated_class_level,2,matched configured target marker
562.65488,chloramphenicol,present,True,product:23s rrna; product:large subunit ribosomal rna; product:lsu rrna,"50S ribosomal subunit, 23S rRNA peptidyl-transferase center",curated_class_level,2,matched configured target marker
562.65488,gentamicin,present,True,product:16s rrna; product:ribosomal protein s12; product:small subunit ribosomal rna; product:ssu rrna,"30S ribosomal subunit, 16S rRNA A-site",curated_class_level,1,matched configured target marker
562.65488,ampicillin,present,True,product:d-alanyl-d-alanine carboxypeptidase; product:penicillin-binding protein,penicillin-binding proteins,curated_class_level,2,matched configured target marker
562.65488,amoxicillin,present,True,product:d-alanyl-d-alanine carboxypeptidase; product:penicillin-binding protein,penicillin-binding proteins,curated_class_level,2,matched configured target marker
562.65488,ceftazidime,present,True,product:d-alanyl-d-alanine carboxypeptidase; product:penicillin-binding protein,penicillin-binding proteins,curated_class_level,2,matched configured target marker
562.65498,cefotaxime,present,True,product:d-alanyl-d-alanine carboxypeptidase; product:penicillin-binding protein,penicillin-binding proteins,curated_class_level,2,matched configured target marker
562.65498,chloramphenicol,present,True,product:23s rrna; product:large subunit ribosomal rna; product:lsu rrna,"50S ribosomal subunit, 23S rRNA peptidyl-transferase center",curated_class_level,2,matched configured target marker
562.65498,gentamicin,present,True,product:16s rrna; product:ribosomal protein s12; product:small subunit ribosomal rna; product:ssu rrna,"30S ribosomal subunit, 16S rRNA A-site",curated_class_level,1,matched configured target marker
562.65498,ampicillin,present,True,product:d-alanyl-d-alanine carboxypeptidase; product:penicillin-binding protein,penicillin-binding proteins,curated_class_level,2,matched configured target marker
562.65498,amoxicillin,present,True,product:d-alanyl-d-alanine carboxypeptidase; product:penicillin-binding protein,penicillin-binding proteins,curated_class_level,2,matched configured target marker
562.65498,ceftazidime,present,True,product:d-alanyl-d-alanine carboxypeptidase; product:penicillin-binding protein,penicillin-binding proteins,curated_class_level,2,matched configured target marker
562.65504,cefotaxime,present,True,product:d-alanyl-d-alanine carboxypeptidase; product:penicillin-binding protein,penicillin-binding proteins,curated_class_level,2,matched configured target marker
562.65504,chloramphenicol,present,True,product:23s rrna; product:large subunit ribosomal rna; product:lsu rrna,"50S ribosomal subunit, 23S rRNA peptidyl-transferase center",curated_class_level,2,matched configured target marker
562.65504,gentamicin,present,True,product:16s rrna; product:ribosomal protein s12; product:small subunit ribosomal rna; product:ssu rrna,"30S ribosomal subunit, 16S rRNA A-site",curated_class_level,1,matched configured target marker
562.65504,ampicillin,present,True,product:d-alanyl-d-alanine carboxypeptidase; product:penicillin-binding protein,penicillin-binding proteins,curated_class_level,2,matched configured target marker
562.65504,amoxicillin,present,True,product:d-alanyl-d-alanine carboxypeptidase; product:penicillin-binding protein,penicillin-binding proteins,curated_class_level,2,matched configured target marker
562.65504,ceftazidime,present,True,product:d-alanyl-d-alanine carboxypeptidase; product:penicillin-binding protein,penicillin-binding proteins,curated_class_level,2,matched configured target marker
562.65509,cefotaxime,present,True,product:d-alanyl-d-alanine carboxypeptidase; product:penicillin-binding protein,penicillin-binding proteins,curated_class_level,2,matched configured target marker
562.65509,chloramphenicol,present,True,product:23s rrna; product:large subunit ribosomal rna; product:lsu rrna,"50S ribosomal subunit, 23S rRNA peptidyl-transferase center",curated_class_level,2,matched configured target marker
562.65509,gentamicin,present,True,product:16s rrna; product:ribosomal protein s12; product:small subunit ribosomal rna; product:ssu rrna,"30S ribosomal subunit, 16S rRNA A-site",curated_class_level,1,matched configured target marker
562.65509,ampicillin,present,True,product:d-alanyl-d-alanine carboxypeptidase; product:penicillin-binding protein,penicillin-binding proteins,curated_class_level,2,matched configured target marker
562.65509,amoxicillin,present,True,product:d-alanyl-d-alanine carboxypeptidase; product:penicillin-binding protein,penicillin-binding proteins,curated_class_level,2,matched configured target marker
562.65509,ceftazidime,present,True,product:d-alanyl-d-alanine carboxypeptidase; product:penicillin-binding protein,penicillin-binding proteins,curated_class_level,2,matched configured target marker
562.65513,cefotaxime,present,True,product:d-alanyl-d-alanine carboxypeptidase; product:penicillin-binding protein,penicillin-binding proteins,curated_class_level,2,matched configured target marker
562.65513,chloramphenicol,present,True,product:23s rrna; product:large subunit ribosomal rna; product:lsu rrna,"50S ribosomal subunit, 23S rRNA peptidyl-transferase center",curated_class_level,2,matched configured target marker
562.65513,gentamicin,present,True,product:16s rrna; product:ribosomal protein s12; product:small subunit ribosomal rna; product:ssu rrna,"30S ribosomal subunit, 16S rRNA A-site",curated_class_level,1,matched configured target marker
562.65513,ampicillin,present,True,product:d-alanyl-d-alanine carboxypeptidase; product:penicillin-binding protein,penicillin-binding proteins,curated_class_level,2,matched configured target marker
562.65513,amoxicillin,present,True,product:d-alanyl-d-alanine carboxypeptidase; product:penicillin-binding protein,penicillin-binding proteins,curated_class_level,2,matched configured target marker
562.65513,ceftazidime,present,True,product:d-alanyl-d-alanine carboxypeptidase; product:penicillin-binding protein,penicillin-binding proteins,curated_class_level,2,matched configured target marker
562.65514,cefotaxime,present,True,product:d-alanyl-d-alanine carboxypeptidase; product:penicillin-binding protein,penicillin-binding proteins,curated_class_level,2,matched configured target marker
562.65514,chloramphenicol,present,True,product:23s rrna; product:large subunit ribosomal rna; product:lsu rrna,"50S ribosomal subunit, 23S rRNA peptidyl-transferase center",curated_class_level,2,matched configured target marker
562.65514,gentamicin,present,True,product:16s rrna; product:ribosomal protein s12; product:small subunit ribosomal rna; product:ssu rrna,"30S ribosomal subunit, 16S rRNA A-site",curated_class_level,1,matched configured target marker
562.65514,ampicillin,present,True,product:d-alanyl-d-alanine carboxypeptidase; product:penicillin-binding protein,penicillin-binding proteins,curated_class_level,2,matched configured target marker
562.65514,amoxicillin,present,True,product:d-alanyl-d-alanine carboxypeptidase; product:penicillin-binding protein,penicillin-binding proteins,curated_class_level,2,matched configured target marker
562.65514,ceftazidime,present,True,product:d-alanyl-d-alanine carboxypeptidase; product:penicillin-binding protein,penicillin-binding proteins,curated_class_level,2,matched configured target marker
562.65516,cefotaxime,present,True,product:d-alanyl-d-alanine carboxypeptidase; product:penicillin-binding protein,penicillin-binding proteins,curated_class_level,2,matched configured target marker
562.65516,chloramphenicol,present,True,product:23s rrna; product:large subunit ribosomal rna; product:lsu rrna,"50S ribosomal subunit, 23S rRNA peptidyl-transferase center",curated_class_level,2,matched configured target marker
562.65516,gentamicin,present,True,product:16s rrna; product:ribosomal protein s12; product:small subunit ribosomal rna; product:ssu rrna,"30S ribosomal subunit, 16S rRNA A-site",curated_class_level,1,matched configured target marker
562.65516,ampicillin,present,True,product:d-alanyl-d-alanine carboxypeptidase; product:penicillin-binding protein,penicillin-binding proteins,curated_class_level,2,matched configured target marker
562.65516,amoxicillin,present,True,product:d-alanyl-d-alanine carboxypeptidase; product:penicillin-binding protein,penicillin-binding proteins,curated_class_level,2,matched configured target marker
562.65516,ceftazidime,present,True,product:d-alanyl-d-alanine carboxypeptidase; product:penicillin-binding protein,penicillin-binding proteins,curated_class_level,2,matched configured target marker
562.65522,cefotaxime,present,True,product:d-alanyl-d-alanine carboxypeptidase; product:penicillin-binding protein,penicillin-binding proteins,curated_class_level,2,matched configured target marker
562.65522,chloramphenicol,present,True,product:23s rrna; product:large subunit ribosomal rna; product:lsu rrna,"50S ribosomal subunit, 23S rRNA peptidyl-transferase center",curated_class_level,2,matched configured target marker
562.65522,gentamicin,present,True,product:16s rrna; product:ribosomal protein s12; product:small subunit ribosomal rna; product:ssu rrna,"30S ribosomal subunit, 16S rRNA A-site",curated_class_level,1,matched configured target marker
562.65522,ampicillin,present,True,product:d-alanyl-d-alanine carboxypeptidase; product:penicillin-binding protein,penicillin-binding proteins,curated_class_level,2,matched configured target marker
562.65522,amoxicillin,present,True,product:d-alanyl-d-alanine carboxypeptidase; product:penicillin-binding protein,penicillin-binding proteins,curated_class_level,2,matched configured target marker
562.65522,ceftazidime,present,True,product:d-alanyl-d-alanine carboxypeptidase; product:penicillin-binding protein,penicillin-binding proteins,curated_class_level,2,matched configured target marker
562.65528,cefotaxime,present,True,product:d-alanyl-d-alanine carboxypeptidase; product:penicillin-binding protein,penicillin-binding proteins,curated_class_level,2,matched configured target marker
562.65528,chloramphenicol,present,True,product:23s rrna; product:large subunit ribosomal rna; product:lsu rrna,"50S ribosomal subunit, 23S rRNA peptidyl-transferase center",curated_class_level,2,matched configured target marker
562.65528,gentamicin,present,True,product:16s rrna; product:ribosomal protein s12; product:small subunit ribosomal rna; product:ssu rrna,"30S ribosomal subunit, 16S rRNA A-site",curated_class_level,1,matched configured target marker
562.65528,ampicillin,present,True,product:d-alanyl-d-alanine carboxypeptidase; product:penicillin-binding protein,penicillin-binding proteins,curated_class_level,2,matched configured target marker
562.65528,amoxicillin,present,True,product:d-alanyl-d-alanine carboxypeptidase; product:penicillin-binding protein,penicillin-binding proteins,curated_class_level,2,matched configured target marker
562.65528,ceftazidime,present,True,product:d-alanyl-d-alanine carboxypeptidase; product:penicillin-binding protein,penicillin-binding proteins,curated_class_level,2,matched configured target marker
562.65567,cefotaxime,present,True,product:d-alanyl-d-alanine carboxypeptidase; product:penicillin-binding protein,penicillin-binding proteins,curated_class_level,2,matched configured target marker
562.65567,chloramphenicol,present,True,product:23s rrna; product:large subunit ribosomal rna; product:lsu rrna,"50S ribosomal subunit, 23S rRNA peptidyl-transferase center",curated_class_level,2,matched configured target marker
562.65567,gentamicin,present,True,product:16s rrna; product:ribosomal protein s12; product:small subunit ribosomal rna; product:ssu rrna,"30S ribosomal subunit, 16S rRNA A-site",curated_class_level,1,matched configured target marker
562.65567,ampicillin,present,True,product:d-alanyl-d-alanine carboxypeptidase; product:penicillin-binding protein,penicillin-binding proteins,curated_class_level,2,matched configured target marker
562.65567,amoxicillin,present,True,product:d-alanyl-d-alanine carboxypeptidase; product:penicillin-binding protein,penicillin-binding proteins,curated_class_level,2,matched configured target marker
562.65567,ceftazidime,present,True,product:d-alanyl-d-alanine carboxypeptidase; product:penicillin-binding protein,penicillin-binding proteins,curated_class_level,2,matched configured target marker
562.65577,cefotaxime,present,True,product:d-alanyl-d-alanine carboxypeptidase; product:penicillin-binding protein,penicillin-binding proteins,curated_class_level,2,matched configured target marker
562.65577,chloramphenicol,present,True,product:23s rrna; product:large subunit ribosomal rna; product:lsu rrna,"50S ribosomal subunit, 23S rRNA peptidyl-transferase center",curated_class_level,2,matched configured target marker
562.65577,gentamicin,present,True,product:16s rrna; product:ribosomal protein s12; product:small subunit ribosomal rna; product:ssu rrna,"30S ribosomal subunit, 16S rRNA A-site",curated_class_level,1,matched configured target marker
562.65577,ampicillin,present,True,product:d-alanyl-d-alanine carboxypeptidase; product:penicillin-binding protein,penicillin-binding proteins,curated_class_level,2,matched configured target marker
562.65577,amoxicillin,present,True,product:d-alanyl-d-alanine carboxypeptidase; product:penicillin-binding protein,penicillin-binding proteins,curated_class_level,2,matched configured target marker
562.65577,ceftazidime,present,True,product:d-alanyl-d-alanine carboxypeptidase; product:penicillin-binding protein,penicillin-binding proteins,curated_class_level,2,matched configured target marker
562.65585,cefotaxime,present,True,product:d-alanyl-d-alanine carboxypeptidase; product:penicillin-binding protein,penicillin-binding proteins,curated_class_level,2,matched configured target marker
562.65585,chloramphenicol,present,True,product:23s rrna; product:large subunit ribosomal rna; product:lsu rrna,"50S ribosomal subunit, 23S rRNA peptidyl-transferase center",curated_class_level,2,matched configured target marker
562.65585,gentamicin,present,True,product:16s rrna; product:ribosomal protein s12; product:small subunit ribosomal rna; product:ssu rrna,"30S ribosomal subunit, 16S rRNA A-site",curated_class_level,1,matched configured target marker
562.65585,ampicillin,present,True,product:d-alanyl-d-alanine carboxypeptidase; product:penicillin-binding protein,penicillin-binding proteins,curated_class_level,2,matched configured target marker
562.65585,amoxicillin,present,True,product:d-alanyl-d-alanine carboxypeptidase; product:penicillin-binding protein,penicillin-binding proteins,curated_class_level,2,matched configured target marker
562.65585,ceftazidime,present,True,product:d-alanyl-d-alanine carboxypeptidase; product:penicillin-binding protein,penicillin-binding proteins,curated_class_level,2,matched configured target marker
562.65588,cefotaxime,present,True,product:d-alanyl-d-alanine carboxypeptidase; product:penicillin-binding protein,penicillin-binding proteins,curated_class_level,2,matched configured target marker
562.65588,chloramphenicol,present,True,product:23s rrna; product:large subunit ribosomal rna; product:lsu rrna,"50S ribosomal subunit, 23S rRNA peptidyl-transferase center",curated_class_level,2,matched configured target marker
562.65588,gentamicin,present,True,product:16s rrna; product:ribosomal protein s12; product:small subunit ribosomal rna; product:ssu rrna,"30S ribosomal subunit, 16S rRNA A-site",curated_class_level,1,matched configured target marker
562.65588,ampicillin,present,True,product:d-alanyl-d-alanine carboxypeptidase; product:penicillin-binding protein,penicillin-binding proteins,curated_class_level,2,matched configured target marker
562.65588,amoxicillin,present,True,product:d-alanyl-d-alanine carboxypeptidase; product:penicillin-binding protein,penicillin-binding proteins,curated_class_level,2,matched configured target marker
562.65588,ceftazidime,present,True,product:d-alanyl-d-alanine carboxypeptidase; product:penicillin-binding protein,penicillin-binding proteins,curated_class_level,2,matched configured target marker
562.65596,cefotaxime,present,True,product:d-alanyl-d-alanine carboxypeptidase; product:penicillin-binding protein,penicillin-binding proteins,curated_class_level,2,matched configured target marker
562.65596,chloramphenicol,present,True,product:23s rrna; product:large subunit ribosomal rna; product:lsu rrna,"50S ribosomal subunit, 23S rRNA peptidyl-transferase center",curated_class_level,2,matched configured target marker
562.65596,gentamicin,present,True,product:16s rrna; product:ribosomal protein s12; product:small subunit ribosomal rna; product:ssu rrna,"30S ribosomal subunit, 16S rRNA A-site",curated_class_level,1,matched configured target marker
562.65596,ampicillin,present,True,product:d-alanyl-d-alanine carboxypeptidase; product:penicillin-binding protein,penicillin-binding proteins,curated_class_level,2,matched configured target marker
562.65596,amoxicillin,present,True,product:d-alanyl-d-alanine carboxypeptidase; product:penicillin-binding protein,penicillin-binding proteins,curated_class_level,2,matched configured target marker
562.65596,ceftazidime,present,True,product:d-alanyl-d-alanine carboxypeptidase; product:penicillin-binding protein,penicillin-binding proteins,curated_class_level,2,matched configured target marker
562.65605,cefotaxime,present,True,product:d-alanyl-d-alanine carboxypeptidase; product:penicillin-binding protein,penicillin-binding proteins,curated_class_level,2,matched configured target marker
562.65605,chloramphenicol,present,True,product:23s rrna; product:large subunit ribosomal rna; product:lsu rrna,"50S ribosomal subunit, 23S rRNA peptidyl-transferase center",curated_class_level,2,matched configured target marker
562.65605,gentamicin,present,True,product:16s rrna; product:ribosomal protein s12; product:small subunit ribosomal rna; product:ssu rrna,"30S ribosomal subunit, 16S rRNA A-site",curated_class_level,1,matched configured target marker
562.65605,ampicillin,present,True,product:d-alanyl-d-alanine carboxypeptidase; product:penicillin-binding protein,penicillin-binding proteins,curated_class_level,2,matched configured target marker
562.65605,amoxicillin,present,True,product:d-alanyl-d-alanine carboxypeptidase; product:penicillin-binding protein,penicillin-binding proteins,curated_class_level,2,matched configured target marker
562.65605,ceftazidime,present,True,product:d-alanyl-d-alanine carboxypeptidase; product:penicillin-binding protein,penicillin-binding proteins,curated_class_level,2,matched configured target marker
562.65608,cefotaxime,present,True,product:d-alanyl-d-alanine carboxypeptidase; product:penicillin-binding protein,penicillin-binding proteins,curated_class_level,2,matched configured target marker
562.65608,chloramphenicol,present,True,product:23s rrna; product:large subunit ribosomal rna; product:lsu rrna,"50S ribosomal subunit, 23S rRNA peptidyl-transferase center",curated_class_level,2,matched configured target marker
562.65608,gentamicin,present,True,product:16s rrna; product:ribosomal protein s12; product:small subunit ribosomal rna; product:ssu rrna,"30S ribosomal subunit, 16S rRNA A-site",curated_class_level,1,matched configured target marker
562.65608,ampicillin,present,True,product:d-alanyl-d-alanine carboxypeptidase; product:penicillin-binding protein,penicillin-binding proteins,curated_class_level,2,matched configured target marker
562.65608,amoxicillin,present,True,product:d-alanyl-d-alanine carboxypeptidase; product:penicillin-binding protein,penicillin-binding proteins,curated_class_level,2,matched configured target marker
562.65608,ceftazidime,present,True,product:d-alanyl-d-alanine carboxypeptidase; product:penicillin-binding protein,penicillin-binding proteins,curated_class_level,2,matched configured target marker
562.65616,cefotaxime,present,True,product:d-alanyl-d-alanine carboxypeptidase; product:penicillin-binding protein,penicillin-binding proteins,curated_class_level,2,matched configured target marker
562.65616,chloramphenicol,present,True,product:23s rrna; product:large subunit ribosomal rna; product:lsu rrna,"50S ribosomal subunit, 23S rRNA peptidyl-transferase center",curated_class_level,2,matched configured target marker
562.65616,gentamicin,present,True,product:16s rrna; product:ribosomal protein s12; product:small subunit ribosomal rna; product:ssu rrna,"30S ribosomal subunit, 16S rRNA A-site",curated_class_level,1,matched configured target marker
562.65616,ampicillin,present,True,product:d-alanyl-d-alanine carboxypeptidase; product:penicillin-binding protein,penicillin-binding proteins,curated_class_level,2,matched configured target marker
562.65616,amoxicillin,present,True,product:d-alanyl-d-alanine carboxypeptidase; product:penicillin-binding protein,penicillin-binding proteins,curated_class_level,2,matched configured target marker
562.65616,ceftazidime,present,True,product:d-alanyl-d-alanine carboxypeptidase; product:penicillin-binding protein,penicillin-binding proteins,curated_class_level,2,matched configured target marker
562.65645,cefotaxime,present,True,product:d-alanyl-d-alanine carboxypeptidase; product:penicillin-binding protein,penicillin-binding proteins,curated_class_level,2,matched configured target marker
562.65645,chloramphenicol,present,True,product:23s rrna; product:large subunit ribosomal rna; product:lsu rrna,"50S ribosomal subunit, 23S rRNA peptidyl-transferase center",curated_class_level,2,matched configured target marker
562.65645,gentamicin,present,True,product:16s rrna; product:ribosomal protein s12; product:small subunit ribosomal rna; product:ssu rrna,"30S ribosomal subunit, 16S rRNA A-site",curated_class_level,1,matched configured target marker
562.65645,ampicillin,present,True,product:d-alanyl-d-alanine carboxypeptidase; product:penicillin-binding protein,penicillin-binding proteins,curated_class_level,2,matched configured target marker
562.65645,amoxicillin,present,True,product:d-alanyl-d-alanine carboxypeptidase; product:penicillin-binding protein,penicillin-binding proteins,curated_class_level,2,matched configured target marker
562.65645,ceftazidime,present,True,product:d-alanyl-d-alanine carboxypeptidase; product:penicillin-binding protein,penicillin-binding proteins,curated_class_level,2,matched configured target marker
562.65658,cefotaxime,present,True,product:d-alanyl-d-alanine carboxypeptidase; product:penicillin-binding protein,penicillin-binding proteins,curated_class_level,2,matched configured target marker
562.65658,chloramphenicol,present,True,product:23s rrna; product:large subunit ribosomal rna; product:lsu rrna,"50S ribosomal subunit, 23S rRNA peptidyl-transferase center",curated_class_level,2,matched configured target marker
562.65658,gentamicin,present,True,product:16s rrna; product:ribosomal protein s12; product:small subunit ribosomal rna; product:ssu rrna,"30S ribosomal subunit, 16S rRNA A-site",curated_class_level,1,matched configured target marker
562.65658,ampicillin,present,True,product:d-alanyl-d-alanine carboxypeptidase; product:penicillin-binding protein,penicillin-binding proteins,curated_class_level,2,matched configured target marker
562.65658,amoxicillin,present,True,product:d-alanyl-d-alanine carboxypeptidase; product:penicillin-binding protein,penicillin-binding proteins,curated_class_level,2,matched configured target marker
562.65658,ceftazidime,present,True,product:d-alanyl-d-alanine carboxypeptidase; product:penicillin-binding protein,penicillin-binding proteins,curated_class_level,2,matched configured target marker
562.65662,cefotaxime,present,True,product:d-alanyl-d-alanine carboxypeptidase; product:penicillin-binding protein,penicillin-binding proteins,curated_class_level,2,matched configured target marker
562.65662,chloramphenicol,present,True,product:23s rrna; product:large subunit ribosomal rna; product:lsu rrna,"50S ribosomal subunit, 23S rRNA peptidyl-transferase center",curated_class_level,2,matched configured target marker
562.65662,gentamicin,present,True,product:16s rrna; product:ribosomal protein s12; product:small subunit ribosomal rna; product:ssu rrna,"30S ribosomal subunit, 16S rRNA A-site",curated_class_level,1,matched configured target marker
562.65662,ampicillin,present,True,product:d-alanyl-d-alanine carboxypeptidase; product:penicillin-binding protein,penicillin-binding proteins,curated_class_level,2,matched configured target marker
562.65662,amoxicillin,present,True,product:d-alanyl-d-alanine carboxypeptidase; product:penicillin-binding protein,penicillin-binding proteins,curated_class_level,2,matched configured target marker
562.65662,ceftazidime,present,True,product:d-alanyl-d-alanine carboxypeptidase; product:penicillin-binding protein,penicillin-binding proteins,curated_class_level,2,matched configured target marker
562.65665,cefotaxime,present,True,product:d-alanyl-d-alanine carboxypeptidase; product:penicillin-binding protein,penicillin-binding proteins,curated_class_level,2,matched configured target marker
562.65665,chloramphenicol,present,True,product:23s rrna; product:large subunit ribosomal rna; product:lsu rrna,"50S ribosomal subunit, 23S rRNA peptidyl-transferase center",curated_class_level,2,matched configured target marker
562.65665,gentamicin,present,True,product:16s rrna; product:ribosomal protein s12; product:small subunit ribosomal rna; product:ssu rrna,"30S ribosomal subunit, 16S rRNA A-site",curated_class_level,1,matched configured target marker
562.65665,ampicillin,present,True,product:d-alanyl-d-alanine carboxypeptidase; product:penicillin-binding protein,penicillin-binding proteins,curated_class_level,2,matched configured target marker
562.65665,amoxicillin,present,True,product:d-alanyl-d-alanine carboxypeptidase; product:penicillin-binding protein,penicillin-binding proteins,curated_class_level,2,matched configured target marker
562.65665,ceftazidime,present,True,product:d-alanyl-d-alanine carboxypeptidase; product:penicillin-binding protein,penicillin-binding proteins,curated_class_level,2,matched configured target marker
562.65667,cefotaxime,present,True,product:d-alanyl-d-alanine carboxypeptidase; product:penicillin-binding protein,penicillin-binding proteins,curated_class_level,2,matched configured target marker
562.65667,chloramphenicol,present,True,product:23s rrna; product:large subunit ribosomal rna; product:lsu rrna,"50S ribosomal subunit, 23S rRNA peptidyl-transferase center",curated_class_level,2,matched configured target marker
562.65667,gentamicin,present,True,product:16s rrna; product:ribosomal protein s12; product:small subunit ribosomal rna; product:ssu rrna,"30S ribosomal subunit, 16S rRNA A-site",curated_class_level,1,matched configured target marker
562.65667,ampicillin,present,True,product:d-alanyl-d-alanine carboxypeptidase; product:penicillin-binding protein,penicillin-binding proteins,curated_class_level,2,matched configured target marker
562.65667,amoxicillin,present,True,product:d-alanyl-d-alanine carboxypeptidase; product:penicillin-binding protein,penicillin-binding proteins,curated_class_level,2,matched configured target marker
562.65667,ceftazidime,present,True,product:d-alanyl-d-alanine carboxypeptidase; product:penicillin-binding protein,penicillin-binding proteins,curated_class_level,2,matched configured target marker
562.65671,cefotaxime,present,True,product:d-alanyl-d-alanine carboxypeptidase; product:penicillin-binding protein,penicillin-binding proteins,curated_class_level,2,matched configured target marker
562.65671,chloramphenicol,present,True,product:23s rrna; product:large subunit ribosomal rna; product:lsu rrna,"50S ribosomal subunit, 23S rRNA peptidyl-transferase center",curated_class_level,2,matched configured target marker
562.65671,gentamicin,present,True,product:16s rrna; product:ribosomal protein s12; product:small subunit ribosomal rna; product:ssu rrna,"30S ribosomal subunit, 16S rRNA A-site",curated_class_level,1,matched configured target marker
562.65671,ampicillin,present,True,product:d-alanyl-d-alanine carboxypeptidase; product:penicillin-binding protein,penicillin-binding proteins,curated_class_level,2,matched configured target marker
562.65671,amoxicillin,present,True,product:d-alanyl-d-alanine carboxypeptidase; product:penicillin-binding protein,penicillin-binding proteins,curated_class_level,2,matched configured target marker
562.65671,ceftazidime,present,True,product:d-alanyl-d-alanine carboxypeptidase; product:penicillin-binding protein,penicillin-binding proteins,curated_class_level,2,matched configured target marker
562.65682,cefotaxime,present,True,product:d-alanyl-d-alanine carboxypeptidase; product:penicillin-binding protein,penicillin-binding proteins,curated_class_level,2,matched configured target marker
562.65682,chloramphenicol,present,True,product:23s rrna; product:large subunit ribosomal rna; product:lsu rrna,"50S ribosomal subunit, 23S rRNA peptidyl-transferase center",curated_class_level,2,matched configured target marker
562.65682,gentamicin,present,True,product:16s rrna; product:ribosomal protein s12; product:small subunit ribosomal rna; product:ssu rrna,"30S ribosomal subunit, 16S rRNA A-site",curated_class_level,1,matched configured target marker
562.65682,ampicillin,present,True,product:d-alanyl-d-alanine carboxypeptidase; product:penicillin-binding protein,penicillin-binding proteins,curated_class_level,2,matched configured target marker
562.65682,amoxicillin,present,True,product:d-alanyl-d-alanine carboxypeptidase; product:penicillin-binding protein,penicillin-binding proteins,curated_class_level,2,matched configured target marker
562.65682,ceftazidime,present,True,product:d-alanyl-d-alanine carboxypeptidase; product:penicillin-binding protein,penicillin-binding proteins,curated_class_level,2,matched configured target marker
562.65686,cefotaxime,present,True,product:d-alanyl-d-alanine carboxypeptidase; product:penicillin-binding protein,penicillin-binding proteins,curated_class_level,2,matched configured target marker
562.65686,chloramphenicol,present,True,product:23s rrna; product:large subunit ribosomal rna; product:lsu rrna,"50S ribosomal subunit, 23S rRNA peptidyl-transferase center",curated_class_level,2,matched configured target marker
562.65686,gentamicin,present,True,product:16s rrna; product:ribosomal protein s12; product:small subunit ribosomal rna; product:ssu rrna,"30S ribosomal subunit, 16S rRNA A-site",curated_class_level,1,matched configured target marker
562.65686,ampicillin,present,True,product:d-alanyl-d-alanine carboxypeptidase; product:penicillin-binding protein,penicillin-binding proteins,curated_class_level,2,matched configured target marker
562.65686,amoxicillin,present,True,product:d-alanyl-d-alanine carboxypeptidase; product:penicillin-binding protein,penicillin-binding proteins,curated_class_level,2,matched configured target marker
562.65686,ceftazidime,present,True,product:d-alanyl-d-alanine carboxypeptidase; product:penicillin-binding protein,penicillin-binding proteins,curated_class_level,2,matched configured target marker
562.65688,cefotaxime,present,True,product:d-alanyl-d-alanine carboxypeptidase; product:penicillin-binding protein,penicillin-binding proteins,curated_class_level,2,matched configured target marker
562.65688,chloramphenicol,present,True,product:23s rrna; product:large subunit ribosomal rna; product:lsu rrna,"50S ribosomal subunit, 23S rRNA peptidyl-transferase center",curated_class_level,2,matched configured target marker
562.65688,gentamicin,present,True,product:16s rrna; product:ribosomal protein s12; product:small subunit ribosomal rna; product:ssu rrna,"30S ribosomal subunit, 16S rRNA A-site",curated_class_level,1,matched configured target marker
562.65688,ampicillin,present,True,product:d-alanyl-d-alanine carboxypeptidase; product:penicillin-binding protein,penicillin-binding proteins,curated_class_level,2,matched configured target marker
562.65688,amoxicillin,present,True,product:d-alanyl-d-alanine carboxypeptidase; product:penicillin-binding protein,penicillin-binding proteins,curated_class_level,2,matched configured target marker
562.65688,ceftazidime,present,True,product:d-alanyl-d-alanine carboxypeptidase; product:penicillin-binding protein,penicillin-binding proteins,curated_class_level,2,matched configured target marker
562.65694,cefotaxime,present,True,product:d-alanyl-d-alanine carboxypeptidase; product:penicillin-binding protein,penicillin-binding proteins,curated_class_level,2,matched configured target marker
562.65694,chloramphenicol,present,True,product:23s rrna; product:large subunit ribosomal rna; product:lsu rrna,"50S ribosomal subunit, 23S rRNA peptidyl-transferase center",curated_class_level,2,matched configured target marker
562.65694,gentamicin,present,True,product:16s rrna; product:ribosomal protein s12; product:small subunit ribosomal rna; product:ssu rrna,"30S ribosomal subunit, 16S rRNA A-site",curated_class_level,1,matched configured target marker
562.65694,ampicillin,present,True,product:d-alanyl-d-alanine carboxypeptidase; product:penicillin-binding protein,penicillin-binding proteins,curated_class_level,2,matched configured target marker
562.65694,amoxicillin,present,True,product:d-alanyl-d-alanine carboxypeptidase; product:penicillin-binding protein,penicillin-binding proteins,curated_class_level,2,matched configured target marker
562.65694,ceftazidime,present,True,product:d-alanyl-d-alanine carboxypeptidase; product:penicillin-binding protein,penicillin-binding proteins,curated_class_level,2,matched configured target marker
562.65702,cefotaxime,present,True,product:d-alanyl-d-alanine carboxypeptidase; product:penicillin-binding protein,penicillin-binding proteins,curated_class_level,2,matched configured target marker
562.65702,chloramphenicol,present,True,product:23s rrna; product:large subunit ribosomal rna; product:lsu rrna,"50S ribosomal subunit, 23S rRNA peptidyl-transferase center",curated_class_level,2,matched configured target marker
562.65702,gentamicin,present,True,product:16s rrna; product:ribosomal protein s12; product:small subunit ribosomal rna; product:ssu rrna,"30S ribosomal subunit, 16S rRNA A-site",curated_class_level,1,matched configured target marker
562.65702,ampicillin,present,True,product:d-alanyl-d-alanine carboxypeptidase; product:penicillin-binding protein,penicillin-binding proteins,curated_class_level,2,matched configured target marker
562.65702,amoxicillin,present,True,product:d-alanyl-d-alanine carboxypeptidase; product:penicillin-binding protein,penicillin-binding proteins,curated_class_level,2,matched configured target marker
562.65702,ceftazidime,present,True,product:d-alanyl-d-alanine carboxypeptidase; product:penicillin-binding protein,penicillin-binding proteins,curated_class_level,2,matched configured target marker
562.65716,cefotaxime,present,True,product:d-alanyl-d-alanine carboxypeptidase; product:penicillin-binding protein,penicillin-binding proteins,curated_class_level,2,matched configured target marker
562.65716,chloramphenicol,present,True,product:23s rrna; product:large subunit ribosomal rna; product:lsu rrna,"50S ribosomal subunit, 23S rRNA peptidyl-transferase center",curated_class_level,2,matched configured target marker
562.65716,gentamicin,present,True,product:16s rrna; product:ribosomal protein s12; product:small subunit ribosomal rna; product:ssu rrna,"30S ribosomal subunit, 16S rRNA A-site",curated_class_level,1,matched configured target marker
562.65716,ampicillin,present,True,product:d-alanyl-d-alanine carboxypeptidase; product:penicillin-binding protein,penicillin-binding proteins,curated_class_level,2,matched configured target marker
562.65716,amoxicillin,present,True,product:d-alanyl-d-alanine carboxypeptidase; product:penicillin-binding protein,penicillin-binding proteins,curated_class_level,2,matched configured target marker
562.65716,ceftazidime,present,True,product:d-alanyl-d-alanine carboxypeptidase; product:penicillin-binding protein,penicillin-binding proteins,curated_class_level,2,matched configured target marker
562.65722,cefotaxime,present,True,product:d-alanyl-d-alanine carboxypeptidase; product:penicillin-binding protein,penicillin-binding proteins,curated_class_level,2,matched configured target marker
562.65722,chloramphenicol,present,True,product:23s rrna; product:large subunit ribosomal rna; product:lsu rrna,"50S ribosomal subunit, 23S rRNA peptidyl-transferase center",curated_class_level,2,matched configured target marker
562.65722,gentamicin,present,True,product:16s rrna; product:ribosomal protein s12; product:small subunit ribosomal rna; product:ssu rrna,"30S ribosomal subunit, 16S rRNA A-site",curated_class_level,1,matched configured target marker
562.65722,ampicillin,present,True,product:d-alanyl-d-alanine carboxypeptidase; product:penicillin-binding protein,penicillin-binding proteins,curated_class_level,2,matched configured target marker
562.65722,amoxicillin,present,True,product:d-alanyl-d-alanine carboxypeptidase; product:penicillin-binding protein,penicillin-binding proteins,curated_class_level,2,matched configured target marker
562.65722,ceftazidime,present,True,product:d-alanyl-d-alanine carboxypeptidase; product:penicillin-binding protein,penicillin-binding proteins,curated_class_level,2,matched configured target marker
562.65723,cefotaxime,present,True,product:d-alanyl-d-alanine carboxypeptidase; product:penicillin-binding protein,penicillin-binding proteins,curated_class_level,2,matched configured target marker
562.65723,chloramphenicol,present,True,product:23s rrna; product:large subunit ribosomal rna; product:lsu rrna,"50S ribosomal subunit, 23S rRNA peptidyl-transferase center",curated_class_level,2,matched configured target marker
562.65723,gentamicin,present,True,product:16s rrna; product:ribosomal protein s12; product:small subunit ribosomal rna; product:ssu rrna,"30S ribosomal subunit, 16S rRNA A-site",curated_class_level,1,matched configured target marker
562.65723,ampicillin,present,True,product:d-alanyl-d-alanine carboxypeptidase; product:penicillin-binding protein,penicillin-binding proteins,curated_class_level,2,matched configured target marker
562.65723,amoxicillin,present,True,product:d-alanyl-d-alanine carboxypeptidase; product:penicillin-binding protein,penicillin-binding proteins,curated_class_level,2,matched configured target marker
562.65723,ceftazidime,present,True,product:d-alanyl-d-alanine carboxypeptidase; product:penicillin-binding protein,penicillin-binding proteins,curated_class_level,2,matched configured target marker
562.65736,cefotaxime,present,True,product:d-alanyl-d-alanine carboxypeptidase; product:penicillin-binding protein,penicillin-binding proteins,curated_class_level,2,matched configured target marker
562.65736,chloramphenicol,present,True,product:23s rrna; product:large subunit ribosomal rna; product:lsu rrna,"50S ribosomal subunit, 23S rRNA peptidyl-transferase center",curated_class_level,2,matched configured target marker
562.65736,gentamicin,present,True,product:16s rrna; product:ribosomal protein s12; product:small subunit ribosomal rna; product:ssu rrna,"30S ribosomal subunit, 16S rRNA A-site",curated_class_level,1,matched configured target marker
562.65736,ampicillin,present,True,product:d-alanyl-d-alanine carboxypeptidase; product:penicillin-binding protein,penicillin-binding proteins,curated_class_level,2,matched configured target marker
562.65736,amoxicillin,present,True,product:d-alanyl-d-alanine carboxypeptidase; product:penicillin-binding protein,penicillin-binding proteins,curated_class_level,2,matched configured target marker
562.65736,ceftazidime,present,True,product:d-alanyl-d-alanine carboxypeptidase; product:penicillin-binding protein,penicillin-binding proteins,curated_class_level,2,matched configured target marker
562.65739,cefotaxime,present,True,product:d-alanyl-d-alanine carboxypeptidase; product:penicillin-binding protein,penicillin-binding proteins,curated_class_level,2,matched configured target marker
562.65739,chloramphenicol,present,True,product:23s rrna; product:large subunit ribosomal rna; product:lsu rrna,"50S ribosomal subunit, 23S rRNA peptidyl-transferase center",curated_class_level,2,matched configured target marker
562.65739,gentamicin,present,True,product:16s rrna; product:ribosomal protein s12; product:small subunit ribosomal rna; product:ssu rrna,"30S ribosomal subunit, 16S rRNA A-site",curated_class_level,1,matched configured target marker
562.65739,ampicillin,present,True,product:d-alanyl-d-alanine carboxypeptidase; product:penicillin-binding protein,penicillin-binding proteins,curated_class_level,2,matched configured target marker
562.65739,amoxicillin,present,True,product:d-alanyl-d-alanine carboxypeptidase; product:penicillin-binding protein,penicillin-binding proteins,curated_class_level,2,matched configured target marker
562.65739,ceftazidime,present,True,product:d-alanyl-d-alanine carboxypeptidase; product:penicillin-binding protein,penicillin-binding proteins,curated_class_level,2,matched configured target marker
562.65749,cefotaxime,present,True,product:d-alanyl-d-alanine carboxypeptidase; product:penicillin-binding protein,penicillin-binding proteins,curated_class_level,2,matched configured target marker
562.65749,chloramphenicol,present,True,product:23s rrna; product:large subunit ribosomal rna; product:lsu rrna,"50S ribosomal subunit, 23S rRNA peptidyl-transferase center",curated_class_level,2,matched configured target marker
562.65749,gentamicin,present,True,product:16s rrna; product:ribosomal protein s12; product:small subunit ribosomal rna; product:ssu rrna,"30S ribosomal subunit, 16S rRNA A-site",curated_class_level,1,matched configured target marker
562.65749,ampicillin,present,True,product:d-alanyl-d-alanine carboxypeptidase; product:penicillin-binding protein,penicillin-binding proteins,curated_class_level,2,matched configured target marker
562.65749,amoxicillin,present,True,product:d-alanyl-d-alanine carboxypeptidase; product:penicillin-binding protein,penicillin-binding proteins,curated_class_level,2,matched configured target marker
562.65749,ceftazidime,present,True,product:d-alanyl-d-alanine carboxypeptidase; product:penicillin-binding protein,penicillin-binding proteins,curated_class_level,2,matched configured target marker
562.65752,cefotaxime,present,True,product:d-alanyl-d-alanine carboxypeptidase; product:penicillin-binding protein,penicillin-binding proteins,curated_class_level,2,matched configured target marker
562.65752,chloramphenicol,present,True,product:23s rrna; product:large subunit ribosomal rna; product:lsu rrna,"50S ribosomal subunit, 23S rRNA peptidyl-transferase center",curated_class_level,2,matched configured target marker
562.65752,gentamicin,present,True,product:16s rrna; product:ribosomal protein s12; product:small subunit ribosomal rna; product:ssu rrna,"30S ribosomal subunit, 16S rRNA A-site",curated_class_level,1,matched configured target marker
562.65752,ampicillin,present,True,product:d-alanyl-d-alanine carboxypeptidase; product:penicillin-binding protein,penicillin-binding proteins,curated_class_level,2,matched configured target marker
562.65752,amoxicillin,present,True,product:d-alanyl-d-alanine carboxypeptidase; product:penicillin-binding protein,penicillin-binding proteins,curated_class_level,2,matched configured target marker
562.65752,ceftazidime,present,True,product:d-alanyl-d-alanine carboxypeptidase; product:penicillin-binding protein,penicillin-binding proteins,curated_class_level,2,matched configured target marker
562.65756,cefotaxime,present,True,product:d-alanyl-d-alanine carboxypeptidase; product:penicillin-binding protein,penicillin-binding proteins,curated_class_level,2,matched configured target marker
562.65756,chloramphenicol,present,True,product:23s rrna; product:large subunit ribosomal rna; product:lsu rrna,"50S ribosomal subunit, 23S rRNA peptidyl-transferase center",curated_class_level,2,matched configured target marker
562.65756,gentamicin,present,True,product:16s rrna; product:ribosomal protein s12; product:small subunit ribosomal rna; product:ssu rrna,"30S ribosomal subunit, 16S rRNA A-site",curated_class_level,1,matched configured target marker
562.65756,ampicillin,present,True,product:d-alanyl-d-alanine carboxypeptidase; product:penicillin-binding protein,penicillin-binding proteins,curated_class_level,2,matched configured target marker
562.65756,amoxicillin,present,True,product:d-alanyl-d-alanine carboxypeptidase; product:penicillin-binding protein,penicillin-binding proteins,curated_class_level,2,matched configured target marker
562.65756,ceftazidime,present,True,product:d-alanyl-d-alanine carboxypeptidase; product:penicillin-binding protein,penicillin-binding proteins,curated_class_level,2,matched configured target marker
562.64831,cefotaxime,present,True,product:d-alanyl-d-alanine carboxypeptidase; product:penicillin-binding protein,penicillin-binding proteins,curated_class_level,2,matched configured target marker
562.64831,chloramphenicol,present,True,product:23s rrna; product:large subunit ribosomal rna; product:lsu rrna,"50S ribosomal subunit, 23S rRNA peptidyl-transferase center",curated_class_level,2,matched configured target marker
562.64831,gentamicin,present,True,product:16s rrna; product:ribosomal protein s12; product:small subunit ribosomal rna; product:ssu rrna,"30S ribosomal subunit, 16S rRNA A-site",curated_class_level,1,matched configured target marker
562.64831,ampicillin,present,True,product:d-alanyl-d-alanine carboxypeptidase; product:penicillin-binding protein,penicillin-binding proteins,curated_class_level,2,matched configured target marker
562.64831,amoxicillin,present,True,product:d-alanyl-d-alanine carboxypeptidase; product:penicillin-binding protein,penicillin-binding proteins,curated_class_level,2,matched configured target marker
562.64831,ceftazidime,present,True,product:d-alanyl-d-alanine carboxypeptidase; product:penicillin-binding protein,penicillin-binding proteins,curated_class_level,2,matched configured target marker
562.64851,cefotaxime,present,True,product:d-alanyl-d-alanine carboxypeptidase; product:penicillin-binding protein,penicillin-binding proteins,curated_class_level,2,matched configured target marker
562.64851,chloramphenicol,present,True,product:23s rrna; product:large subunit ribosomal rna; product:lsu rrna,"50S ribosomal subunit, 23S rRNA peptidyl-transferase center",curated_class_level,2,matched configured target marker
562.64851,gentamicin,present,True,product:16s rrna; product:ribosomal protein s12; product:small subunit ribosomal rna; product:ssu rrna,"30S ribosomal subunit, 16S rRNA A-site",curated_class_level,1,matched configured target marker
562.64851,ampicillin,present,True,product:d-alanyl-d-alanine carboxypeptidase; product:penicillin-binding protein,penicillin-binding proteins,curated_class_level,2,matched configured target marker
562.64851,amoxicillin,present,True,product:d-alanyl-d-alanine carboxypeptidase; product:penicillin-binding protein,penicillin-binding proteins,curated_class_level,2,matched configured target marker
562.64851,ceftazidime,present,True,product:d-alanyl-d-alanine carboxypeptidase; product:penicillin-binding protein,penicillin-binding proteins,curated_class_level,2,matched configured target marker
562.64865,cefotaxime,present,True,product:d-alanyl-d-alanine carboxypeptidase; product:penicillin-binding protein,penicillin-binding proteins,curated_class_level,2,matched configured target marker
562.64865,chloramphenicol,present,True,product:23s rrna; product:large subunit ribosomal rna; product:lsu rrna,"50S ribosomal subunit, 23S rRNA peptidyl-transferase center",curated_class_level,2,matched configured target marker
562.64865,gentamicin,present,True,product:16s rrna; product:ribosomal protein s12; product:small subunit ribosomal rna; product:ssu rrna,"30S ribosomal subunit, 16S rRNA A-site",curated_class_level,1,matched configured target marker
562.64865,ampicillin,present,True,product:d-alanyl-d-alanine carboxypeptidase; product:penicillin-binding protein,penicillin-binding proteins,curated_class_level,2,matched configured target marker
562.64865,amoxicillin,present,True,product:d-alanyl-d-alanine carboxypeptidase; product:penicillin-binding protein,penicillin-binding proteins,curated_class_level,2,matched configured target marker
562.64865,ceftazidime,present,True,product:d-alanyl-d-alanine carboxypeptidase; product:penicillin-binding protein,penicillin-binding proteins,curated_class_level,2,matched configured target marker
562.64879,cefotaxime,present,True,product:d-alanyl-d-alanine carboxypeptidase; product:penicillin-binding protein,penicillin-binding proteins,curated_class_level,2,matched configured target marker
562.64879,chloramphenicol,present,True,product:23s rrna; product:large subunit ribosomal rna; product:lsu rrna,"50S ribosomal subunit, 23S rRNA peptidyl-transferase center",curated_class_level,2,matched configured target marker
562.64879,gentamicin,present,True,product:16s rrna; product:ribosomal protein s12; product:small subunit ribosomal rna; product:ssu rrna,"30S ribosomal subunit, 16S rRNA A-site",curated_class_level,1,matched configured target marker
562.64879,ampicillin,present,True,product:d-alanyl-d-alanine carboxypeptidase; product:penicillin-binding protein,penicillin-binding proteins,curated_class_level,2,matched configured target marker
562.64879,amoxicillin,present,True,product:d-alanyl-d-alanine carboxypeptidase; product:penicillin-binding protein,penicillin-binding proteins,curated_class_level,2,matched configured target marker
562.64879,ceftazidime,present,True,product:d-alanyl-d-alanine carboxypeptidase; product:penicillin-binding protein,penicillin-binding proteins,curated_class_level,2,matched configured target marker
562.64899,cefotaxime,present,True,product:d-alanyl-d-alanine carboxypeptidase; product:penicillin-binding protein,penicillin-binding proteins,curated_class_level,2,matched configured target marker
562.64899,chloramphenicol,present,True,product:23s rrna; product:large subunit ribosomal rna; product:lsu rrna,"50S ribosomal subunit, 23S rRNA peptidyl-transferase center",curated_class_level,2,matched configured target marker
562.64899,gentamicin,present,True,product:16s rrna; product:ribosomal protein s12; product:small subunit ribosomal rna; product:ssu rrna,"30S ribosomal subunit, 16S rRNA A-site",curated_class_level,1,matched configured target marker
562.64899,ampicillin,present,True,product:d-alanyl-d-alanine carboxypeptidase; product:penicillin-binding protein,penicillin-binding proteins,curated_class_level,2,matched configured target marker
562.64899,amoxicillin,present,True,product:d-alanyl-d-alanine carboxypeptidase; product:penicillin-binding protein,penicillin-binding proteins,curated_class_level,2,matched configured target marker
562.64899,ceftazidime,present,True,product:d-alanyl-d-alanine carboxypeptidase; product:penicillin-binding protein,penicillin-binding proteins,curated_class_level,2,matched configured target marker
562.64903,cefotaxime,present,True,product:d-alanyl-d-alanine carboxypeptidase; product:penicillin-binding protein,penicillin-binding proteins,curated_class_level,2,matched configured target marker
562.64903,chloramphenicol,present,True,product:23s rrna; product:large subunit ribosomal rna; product:lsu rrna,"50S ribosomal subunit, 23S rRNA peptidyl-transferase center",curated_class_level,2,matched configured target marker
562.64903,gentamicin,present,True,product:16s rrna; product:ribosomal protein s12; product:small subunit ribosomal rna; product:ssu rrna,"30S ribosomal subunit, 16S rRNA A-site",curated_class_level,1,matched configured target marker
562.64903,ampicillin,present,True,product:d-alanyl-d-alanine carboxypeptidase; product:penicillin-binding protein,penicillin-binding proteins,curated_class_level,2,matched configured target marker
562.64903,amoxicillin,present,True,product:d-alanyl-d-alanine carboxypeptidase; product:penicillin-binding protein,penicillin-binding proteins,curated_class_level,2,matched configured target marker
562.64903,ceftazidime,present,True,product:d-alanyl-d-alanine carboxypeptidase; product:penicillin-binding protein,penicillin-binding proteins,curated_class_level,2,matched configured target marker
562.64906,cefotaxime,present,True,product:d-alanyl-d-alanine carboxypeptidase; product:penicillin-binding protein,penicillin-binding proteins,curated_class_level,2,matched configured target marker
562.64906,chloramphenicol,present,True,product:23s rrna; product:large subunit ribosomal rna; product:lsu rrna,"50S ribosomal subunit, 23S rRNA peptidyl-transferase center",curated_class_level,2,matched configured target marker
562.64906,gentamicin,present,True,product:16s rrna; product:ribosomal protein s12; product:small subunit ribosomal rna; product:ssu rrna,"30S ribosomal subunit, 16S rRNA A-site",curated_class_level,1,matched configured target marker
562.64906,ampicillin,present,True,product:d-alanyl-d-alanine carboxypeptidase; product:penicillin-binding protein,penicillin-binding proteins,curated_class_level,2,matched configured target marker
562.64906,amoxicillin,present,True,product:d-alanyl-d-alanine carboxypeptidase; product:penicillin-binding protein,penicillin-binding proteins,curated_class_level,2,matched configured target marker
562.64906,ceftazidime,present,True,product:d-alanyl-d-alanine carboxypeptidase; product:penicillin-binding protein,penicillin-binding proteins,curated_class_level,2,matched configured target marker
562.64912,cefotaxime,present,True,product:d-alanyl-d-alanine carboxypeptidase; product:penicillin-binding protein,penicillin-binding proteins,curated_class_level,2,matched configured target marker
562.64912,chloramphenicol,present,True,product:23s rrna; product:large subunit ribosomal rna; product:lsu rrna,"50S ribosomal subunit, 23S rRNA peptidyl-transferase center",curated_class_level,2,matched configured target marker
562.64912,gentamicin,present,True,product:16s rrna; product:ribosomal protein s12; product:small subunit ribosomal rna; product:ssu rrna,"30S ribosomal subunit, 16S rRNA A-site",curated_class_level,1,matched configured target marker
562.64912,ampicillin,present,True,product:d-alanyl-d-alanine carboxypeptidase; product:penicillin-binding protein,penicillin-binding proteins,curated_class_level,2,matched configured target marker
562.64912,amoxicillin,present,True,product:d-alanyl-d-alanine carboxypeptidase; product:penicillin-binding protein,penicillin-binding proteins,curated_class_level,2,matched configured target marker
562.64912,ceftazidime,present,True,product:d-alanyl-d-alanine carboxypeptidase; product:penicillin-binding protein,penicillin-binding proteins,curated_class_level,2,matched configured target marker
562.64946,cefotaxime,present,True,product:d-alanyl-d-alanine carboxypeptidase; product:penicillin-binding protein,penicillin-binding proteins,curated_class_level,2,matched configured target marker
562.64946,chloramphenicol,present,True,product:23s rrna; product:large subunit ribosomal rna; product:lsu rrna,"50S ribosomal subunit, 23S rRNA peptidyl-transferase center",curated_class_level,2,matched configured target marker
562.64946,gentamicin,present,True,product:16s rrna; product:ribosomal protein s12; product:small subunit ribosomal rna; product:ssu rrna,"30S ribosomal subunit, 16S rRNA A-site",curated_class_level,1,matched configured target marker
562.64946,ampicillin,present,True,product:d-alanyl-d-alanine carboxypeptidase; product:penicillin-binding protein,penicillin-binding proteins,curated_class_level,2,matched configured target marker
562.64946,amoxicillin,present,True,product:d-alanyl-d-alanine carboxypeptidase; product:penicillin-binding protein,penicillin-binding proteins,curated_class_level,2,matched configured target marker
562.64946,ceftazidime,present,True,product:d-alanyl-d-alanine carboxypeptidase; product:penicillin-binding protein,penicillin-binding proteins,curated_class_level,2,matched configured target marker
562.64957,cefotaxime,present,True,product:d-alanyl-d-alanine carboxypeptidase; product:penicillin-binding protein,penicillin-binding proteins,curated_class_level,2,matched configured target marker
562.64957,chloramphenicol,present,True,product:23s rrna; product:large subunit ribosomal rna; product:lsu rrna,"50S ribosomal subunit, 23S rRNA peptidyl-transferase center",curated_class_level,2,matched configured target marker
562.64957,gentamicin,present,True,product:16s rrna; product:ribosomal protein s12; product:small subunit ribosomal rna; product:ssu rrna,"30S ribosomal subunit, 16S rRNA A-site",curated_class_level,1,matched configured target marker
562.64957,ampicillin,present,True,product:d-alanyl-d-alanine carboxypeptidase; product:penicillin-binding protein,penicillin-binding proteins,curated_class_level,2,matched configured target marker
562.64957,amoxicillin,present,True,product:d-alanyl-d-alanine carboxypeptidase; product:penicillin-binding protein,penicillin-binding proteins,curated_class_level,2,matched configured target marker
562.64957,ceftazidime,present,True,product:d-alanyl-d-alanine carboxypeptidase; product:penicillin-binding protein,penicillin-binding proteins,curated_class_level,2,matched configured target marker
562.64959,cefotaxime,present,True,product:d-alanyl-d-alanine carboxypeptidase; product:penicillin-binding protein,penicillin-binding proteins,curated_class_level,2,matched configured target marker
562.64959,chloramphenicol,present,True,product:23s rrna; product:large subunit ribosomal rna; product:lsu rrna,"50S ribosomal subunit, 23S rRNA peptidyl-transferase center",curated_class_level,2,matched configured target marker
562.64959,gentamicin,present,True,product:16s rrna; product:ribosomal protein s12; product:small subunit ribosomal rna; product:ssu rrna,"30S ribosomal subunit, 16S rRNA A-site",curated_class_level,1,matched configured target marker
562.64959,ampicillin,present,True,product:d-alanyl-d-alanine carboxypeptidase; product:penicillin-binding protein,penicillin-binding proteins,curated_class_level,2,matched configured target marker
562.64959,amoxicillin,present,True,product:d-alanyl-d-alanine carboxypeptidase; product:penicillin-binding protein,penicillin-binding proteins,curated_class_level,2,matched configured target marker
562.64959,ceftazidime,present,True,product:d-alanyl-d-alanine carboxypeptidase; product:penicillin-binding protein,penicillin-binding proteins,curated_class_level,2,matched configured target marker
562.64967,cefotaxime,present,True,product:d-alanyl-d-alanine carboxypeptidase; product:penicillin-binding protein,penicillin-binding proteins,curated_class_level,2,matched configured target marker
562.64967,chloramphenicol,present,True,product:23s rrna; product:large subunit ribosomal rna; product:lsu rrna,"50S ribosomal subunit, 23S rRNA peptidyl-transferase center",curated_class_level,2,matched configured target marker
562.64967,gentamicin,present,True,product:16s rrna; product:ribosomal protein s12; product:small subunit ribosomal rna; product:ssu rrna,"30S ribosomal subunit, 16S rRNA A-site",curated_class_level,1,matched configured target marker
562.64967,ampicillin,present,True,product:d-alanyl-d-alanine carboxypeptidase; product:penicillin-binding protein,penicillin-binding proteins,curated_class_level,2,matched configured target marker
562.64967,amoxicillin,present,True,product:d-alanyl-d-alanine carboxypeptidase; product:penicillin-binding protein,penicillin-binding proteins,curated_class_level,2,matched configured target marker
562.64967,ceftazidime,present,True,product:d-alanyl-d-alanine carboxypeptidase; product:penicillin-binding protein,penicillin-binding proteins,curated_class_level,2,matched configured target marker
562.64972,cefotaxime,present,True,product:d-alanyl-d-alanine carboxypeptidase; product:penicillin-binding protein,penicillin-binding proteins,curated_class_level,2,matched configured target marker
562.64972,chloramphenicol,present,True,product:23s rrna; product:large subunit ribosomal rna; product:lsu rrna,"50S ribosomal subunit, 23S rRNA peptidyl-transferase center",curated_class_level,2,matched configured target marker
562.64972,gentamicin,present,True,product:16s rrna; product:ribosomal protein s12; product:small subunit ribosomal rna; product:ssu rrna,"30S ribosomal subunit, 16S rRNA A-site",curated_class_level,1,matched configured target marker
562.64972,ampicillin,present,True,product:d-alanyl-d-alanine carboxypeptidase; product:penicillin-binding protein,penicillin-binding proteins,curated_class_level,2,matched configured target marker
562.64972,amoxicillin,present,True,product:d-alanyl-d-alanine carboxypeptidase; product:penicillin-binding protein,penicillin-binding proteins,curated_class_level,2,matched configured target marker
562.64972,ceftazidime,present,True,product:d-alanyl-d-alanine carboxypeptidase; product:penicillin-binding protein,penicillin-binding proteins,curated_class_level,2,matched configured target marker
562.64992,cefotaxime,present,True,product:d-alanyl-d-alanine carboxypeptidase; product:penicillin-binding protein,penicillin-binding proteins,curated_class_level,2,matched configured target marker
562.64992,chloramphenicol,present,True,product:23s rrna; product:large subunit ribosomal rna; product:lsu rrna,"50S ribosomal subunit, 23S rRNA peptidyl-transferase center",curated_class_level,2,matched configured target marker
562.64992,gentamicin,present,True,product:16s rrna; product:ribosomal protein s12; product:small subunit ribosomal rna; product:ssu rrna,"30S ribosomal subunit, 16S rRNA A-site",curated_class_level,1,matched configured target marker
562.64992,ampicillin,present,True,product:d-alanyl-d-alanine carboxypeptidase; product:penicillin-binding protein,penicillin-binding proteins,curated_class_level,2,matched configured target marker
562.64992,amoxicillin,present,True,product:d-alanyl-d-alanine carboxypeptidase; product:penicillin-binding protein,penicillin-binding proteins,curated_class_level,2,matched configured target marker
562.64992,ceftazidime,present,True,product:d-alanyl-d-alanine carboxypeptidase; product:penicillin-binding protein,penicillin-binding proteins,curated_class_level,2,matched configured target marker
562.65006,cefotaxime,present,True,product:d-alanyl-d-alanine carboxypeptidase; product:penicillin-binding protein,penicillin-binding proteins,curated_class_level,2,matched configured target marker
562.65006,chloramphenicol,present,True,product:23s rrna; product:large subunit ribosomal rna; product:lsu rrna,"50S ribosomal subunit, 23S rRNA peptidyl-transferase center",curated_class_level,2,matched configured target marker
562.65006,gentamicin,present,True,product:16s rrna; product:ribosomal protein s12; product:small subunit ribosomal rna; product:ssu rrna,"30S ribosomal subunit, 16S rRNA A-site",curated_class_level,1,matched configured target marker
562.65006,ampicillin,present,True,product:d-alanyl-d-alanine carboxypeptidase; product:penicillin-binding protein,penicillin-binding proteins,curated_class_level,2,matched configured target marker
562.65006,amoxicillin,present,True,product:d-alanyl-d-alanine carboxypeptidase; product:penicillin-binding protein,penicillin-binding proteins,curated_class_level,2,matched configured target marker
562.65006,ceftazidime,present,True,product:d-alanyl-d-alanine carboxypeptidase; product:penicillin-binding protein,penicillin-binding proteins,curated_class_level,2,matched configured target marker
562.65012,cefotaxime,present,True,product:d-alanyl-d-alanine carboxypeptidase; product:penicillin-binding protein,penicillin-binding proteins,curated_class_level,2,matched configured target marker
562.65012,chloramphenicol,present,True,product:23s rrna; product:large subunit ribosomal rna; product:lsu rrna,"50S ribosomal subunit, 23S rRNA peptidyl-transferase center",curated_class_level,2,matched configured target marker
562.65012,gentamicin,present,True,product:16s rrna; product:ribosomal protein s12; product:small subunit ribosomal rna; product:ssu rrna,"30S ribosomal subunit, 16S rRNA A-site",curated_class_level,1,matched configured target marker
562.65012,ampicillin,present,True,product:d-alanyl-d-alanine carboxypeptidase; product:penicillin-binding protein,penicillin-binding proteins,curated_class_level,2,matched configured target marker
562.65012,amoxicillin,present,True,product:d-alanyl-d-alanine carboxypeptidase; product:penicillin-binding protein,penicillin-binding proteins,curated_class_level,2,matched configured target marker
562.65012,ceftazidime,present,True,product:d-alanyl-d-alanine carboxypeptidase; product:penicillin-binding protein,penicillin-binding proteins,curated_class_level,2,matched configured target marker
562.65015,cefotaxime,present,True,product:d-alanyl-d-alanine carboxypeptidase; product:penicillin-binding protein,penicillin-binding proteins,curated_class_level,2,matched configured target marker
562.65015,chloramphenicol,present,True,product:23s rrna; product:large subunit ribosomal rna; product:lsu rrna,"50S ribosomal subunit, 23S rRNA peptidyl-transferase center",curated_class_level,2,matched configured target marker
562.65015,gentamicin,present,True,product:16s rrna; product:ribosomal protein s12; product:small subunit ribosomal rna; product:ssu rrna,"30S ribosomal subunit, 16S rRNA A-site",curated_class_level,1,matched configured target marker
562.65015,ampicillin,present,True,product:d-alanyl-d-alanine carboxypeptidase; product:penicillin-binding protein,penicillin-binding proteins,curated_class_level,2,matched configured target marker
562.65015,amoxicillin,present,True,product:d-alanyl-d-alanine carboxypeptidase; product:penicillin-binding protein,penicillin-binding proteins,curated_class_level,2,matched configured target marker
562.65015,ceftazidime,present,True,product:d-alanyl-d-alanine carboxypeptidase; product:penicillin-binding protein,penicillin-binding proteins,curated_class_level,2,matched configured target marker
562.65016,cefotaxime,present,True,product:d-alanyl-d-alanine carboxypeptidase; product:penicillin-binding protein,penicillin-binding proteins,curated_class_level,2,matched configured target marker
562.65016,chloramphenicol,present,True,product:23s rrna; product:large subunit ribosomal rna; product:lsu rrna,"50S ribosomal subunit, 23S rRNA peptidyl-transferase center",curated_class_level,2,matched configured target marker
562.65016,gentamicin,present,True,product:16s rrna; product:ribosomal protein s12; product:small subunit ribosomal rna; product:ssu rrna,"30S ribosomal subunit, 16S rRNA A-site",curated_class_level,1,matched configured target marker
562.65016,ampicillin,present,True,product:d-alanyl-d-alanine carboxypeptidase; product:penicillin-binding protein,penicillin-binding proteins,curated_class_level,2,matched configured target marker
562.65016,amoxicillin,present,True,product:d-alanyl-d-alanine carboxypeptidase; product:penicillin-binding protein,penicillin-binding proteins,curated_class_level,2,matched configured target marker
562.65016,ceftazidime,present,True,product:d-alanyl-d-alanine carboxypeptidase; product:penicillin-binding protein,penicillin-binding proteins,curated_class_level,2,matched configured target marker
562.65017,cefotaxime,present,True,product:d-alanyl-d-alanine carboxypeptidase; product:penicillin-binding protein,penicillin-binding proteins,curated_class_level,2,matched configured target marker
562.65017,chloramphenicol,present,True,product:23s rrna; product:large subunit ribosomal rna; product:lsu rrna,"50S ribosomal subunit, 23S rRNA peptidyl-transferase center",curated_class_level,2,matched configured target marker
562.65017,gentamicin,present,True,product:16s rrna; product:ribosomal protein s12; product:small subunit ribosomal rna; product:ssu rrna,"30S ribosomal subunit, 16S rRNA A-site",curated_class_level,1,matched configured target marker
562.65017,ampicillin,present,True,product:d-alanyl-d-alanine carboxypeptidase; product:penicillin-binding protein,penicillin-binding proteins,curated_class_level,2,matched configured target marker
562.65017,amoxicillin,present,True,product:d-alanyl-d-alanine carboxypeptidase; product:penicillin-binding protein,penicillin-binding proteins,curated_class_level,2,matched configured target marker
562.65017,ceftazidime,present,True,product:d-alanyl-d-alanine carboxypeptidase; product:penicillin-binding protein,penicillin-binding proteins,curated_class_level,2,matched configured target marker
562.65018,cefotaxime,present,True,product:d-alanyl-d-alanine carboxypeptidase; product:penicillin-binding protein,penicillin-binding proteins,curated_class_level,2,matched configured target marker
562.65018,chloramphenicol,present,True,product:23s rrna; product:large subunit ribosomal rna; product:lsu rrna,"50S ribosomal subunit, 23S rRNA peptidyl-transferase center",curated_class_level,2,matched configured target marker
562.65018,gentamicin,present,True,product:16s rrna; product:ribosomal protein s12; product:small subunit ribosomal rna; product:ssu rrna,"30S ribosomal subunit, 16S rRNA A-site",curated_class_level,1,matched configured target marker
562.65018,ampicillin,present,True,product:d-alanyl-d-alanine carboxypeptidase; product:penicillin-binding protein,penicillin-binding proteins,curated_class_level,2,matched configured target marker
562.65018,amoxicillin,present,True,product:d-alanyl-d-alanine carboxypeptidase; product:penicillin-binding protein,penicillin-binding proteins,curated_class_level,2,matched configured target marker
562.65018,ceftazidime,present,True,product:d-alanyl-d-alanine carboxypeptidase; product:penicillin-binding protein,penicillin-binding proteins,curated_class_level,2,matched configured target marker
562.65021,cefotaxime,present,True,product:d-alanyl-d-alanine carboxypeptidase; product:penicillin-binding protein,penicillin-binding proteins,curated_class_level,2,matched configured target marker
562.65021,chloramphenicol,present,True,product:23s rrna; product:large subunit ribosomal rna; product:lsu rrna,"50S ribosomal subunit, 23S rRNA peptidyl-transferase center",curated_class_level,2,matched configured target marker
562.65021,gentamicin,present,True,product:16s rrna; product:ribosomal protein s12; product:small subunit ribosomal rna; product:ssu rrna,"30S ribosomal subunit, 16S rRNA A-site",curated_class_level,1,matched configured target marker
562.65021,ampicillin,present,True,product:d-alanyl-d-alanine carboxypeptidase; product:penicillin-binding protein,penicillin-binding proteins,curated_class_level,2,matched configured target marker
562.65021,amoxicillin,present,True,product:d-alanyl-d-alanine carboxypeptidase; product:penicillin-binding protein,penicillin-binding proteins,curated_class_level,2,matched configured target marker
562.65021,ceftazidime,present,True,product:d-alanyl-d-alanine carboxypeptidase; product:penicillin-binding protein,penicillin-binding proteins,curated_class_level,2,matched configured target marker
562.65028,cefotaxime,present,True,product:d-alanyl-d-alanine carboxypeptidase; product:penicillin-binding protein,penicillin-binding proteins,curated_class_level,2,matched configured target marker
562.65028,chloramphenicol,present,True,product:23s rrna; product:large subunit ribosomal rna; product:lsu rrna,"50S ribosomal subunit, 23S rRNA peptidyl-transferase center",curated_class_level,2,matched configured target marker
562.65028,gentamicin,present,True,product:16s rrna; product:ribosomal protein s12; product:small subunit ribosomal rna; product:ssu rrna,"30S ribosomal subunit, 16S rRNA A-site",curated_class_level,1,matched configured target marker
562.65028,ampicillin,present,True,product:d-alanyl-d-alanine carboxypeptidase; product:penicillin-binding protein,penicillin-binding proteins,curated_class_level,2,matched configured target marker
562.65028,amoxicillin,present,True,product:d-alanyl-d-alanine carboxypeptidase; product:penicillin-binding protein,penicillin-binding proteins,curated_class_level,2,matched configured target marker
562.65028,ceftazidime,present,True,product:d-alanyl-d-alanine carboxypeptidase; product:penicillin-binding protein,penicillin-binding proteins,curated_class_level,2,matched configured target marker
562.65064,cefotaxime,present,True,product:d-alanyl-d-alanine carboxypeptidase; product:penicillin-binding protein,penicillin-binding proteins,curated_class_level,2,matched configured target marker
562.65064,chloramphenicol,present,True,product:23s rrna; product:large subunit ribosomal rna; product:lsu rrna,"50S ribosomal subunit, 23S rRNA peptidyl-transferase center",curated_class_level,2,matched configured target marker
562.65064,gentamicin,present,True,product:16s rrna; product:ribosomal protein s12; product:small subunit ribosomal rna; product:ssu rrna,"30S ribosomal subunit, 16S rRNA A-site",curated_class_level,1,matched configured target marker
562.65064,ampicillin,present,True,product:d-alanyl-d-alanine carboxypeptidase; product:penicillin-binding protein,penicillin-binding proteins,curated_class_level,2,matched configured target marker
562.65064,amoxicillin,present,True,product:d-alanyl-d-alanine carboxypeptidase; product:penicillin-binding protein,penicillin-binding proteins,curated_class_level,2,matched configured target marker
562.65064,ceftazidime,present,True,product:d-alanyl-d-alanine carboxypeptidase; product:penicillin-binding protein,penicillin-binding proteins,curated_class_level,2,matched configured target marker
562.65073,cefotaxime,present,True,product:d-alanyl-d-alanine carboxypeptidase; product:penicillin-binding protein,penicillin-binding proteins,curated_class_level,2,matched configured target marker
562.65073,chloramphenicol,present,True,product:23s rrna; product:large subunit ribosomal rna; product:lsu rrna,"50S ribosomal subunit, 23S rRNA peptidyl-transferase center",curated_class_level,2,matched configured target marker
562.65073,gentamicin,present,True,product:16s rrna; product:ribosomal protein s12; product:small subunit ribosomal rna; product:ssu rrna,"30S ribosomal subunit, 16S rRNA A-site",curated_class_level,1,matched configured target marker
562.65073,ampicillin,present,True,product:d-alanyl-d-alanine carboxypeptidase; product:penicillin-binding protein,penicillin-binding proteins,curated_class_level,2,matched configured target marker
562.65073,amoxicillin,present,True,product:d-alanyl-d-alanine carboxypeptidase; product:penicillin-binding protein,penicillin-binding proteins,curated_class_level,2,matched configured target marker
562.65073,ceftazidime,present,True,product:d-alanyl-d-alanine carboxypeptidase; product:penicillin-binding protein,penicillin-binding proteins,curated_class_level,2,matched configured target marker
562.65079,cefotaxime,present,True,product:d-alanyl-d-alanine carboxypeptidase; product:penicillin-binding protein,penicillin-binding proteins,curated_class_level,2,matched configured target marker
562.65079,chloramphenicol,present,True,product:23s rrna; product:large subunit ribosomal rna; product:lsu rrna,"50S ribosomal subunit, 23S rRNA peptidyl-transferase center",curated_class_level,2,matched configured target marker
562.65079,gentamicin,present,True,product:16s rrna; product:ribosomal protein s12; product:small subunit ribosomal rna; product:ssu rrna,"30S ribosomal subunit, 16S rRNA A-site",curated_class_level,1,matched configured target marker
562.65079,ampicillin,present,True,product:d-alanyl-d-alanine carboxypeptidase; product:penicillin-binding protein,penicillin-binding proteins,curated_class_level,2,matched configured target marker
562.65079,amoxicillin,present,True,product:d-alanyl-d-alanine carboxypeptidase; product:penicillin-binding protein,penicillin-binding proteins,curated_class_level,2,matched configured target marker
562.65079,ceftazidime,present,True,product:d-alanyl-d-alanine carboxypeptidase; product:penicillin-binding protein,penicillin-binding proteins,curated_class_level,2,matched configured target marker
562.65084,cefotaxime,present,True,product:d-alanyl-d-alanine carboxypeptidase; product:penicillin-binding protein,penicillin-binding proteins,curated_class_level,2,matched configured target marker
562.65084,chloramphenicol,present,True,product:23s rrna; product:large subunit ribosomal rna; product:lsu rrna,"50S ribosomal subunit, 23S rRNA peptidyl-transferase center",curated_class_level,2,matched configured target marker
562.65084,gentamicin,present,True,product:16s rrna; product:ribosomal protein s12; product:small subunit ribosomal rna; product:ssu rrna,"30S ribosomal subunit, 16S rRNA A-site",curated_class_level,1,matched configured target marker
562.65084,ampicillin,present,True,product:d-alanyl-d-alanine carboxypeptidase; product:penicillin-binding protein,penicillin-binding proteins,curated_class_level,2,matched configured target marker
562.65084,amoxicillin,present,True,product:d-alanyl-d-alanine carboxypeptidase; product:penicillin-binding protein,penicillin-binding proteins,curated_class_level,2,matched configured target marker
562.65084,ceftazidime,present,True,product:d-alanyl-d-alanine carboxypeptidase; product:penicillin-binding protein,penicillin-binding proteins,curated_class_level,2,matched configured target marker
562.65087,cefotaxime,present,True,product:d-alanyl-d-alanine carboxypeptidase; product:penicillin-binding protein,penicillin-binding proteins,curated_class_level,2,matched configured target marker
562.65087,chloramphenicol,present,True,product:23s rrna; product:large subunit ribosomal rna; product:lsu rrna,"50S ribosomal subunit, 23S rRNA peptidyl-transferase center",curated_class_level,2,matched configured target marker
562.65087,gentamicin,present,True,product:16s rrna; product:ribosomal protein s12; product:small subunit ribosomal rna; product:ssu rrna,"30S ribosomal subunit, 16S rRNA A-site",curated_class_level,1,matched configured target marker
562.65087,ampicillin,present,True,product:d-alanyl-d-alanine carboxypeptidase; product:penicillin-binding protein,penicillin-binding proteins,curated_class_level,2,matched configured target marker
562.65087,amoxicillin,present,True,product:d-alanyl-d-alanine carboxypeptidase; product:penicillin-binding protein,penicillin-binding proteins,curated_class_level,2,matched configured target marker
562.65087,ceftazidime,present,True,product:d-alanyl-d-alanine carboxypeptidase; product:penicillin-binding protein,penicillin-binding proteins,curated_class_level,2,matched configured target marker
562.65091,cefotaxime,present,True,product:d-alanyl-d-alanine carboxypeptidase; product:penicillin-binding protein,penicillin-binding proteins,curated_class_level,2,matched configured target marker
562.65091,chloramphenicol,present,True,product:23s rrna; product:large subunit ribosomal rna; product:lsu rrna,"50S ribosomal subunit, 23S rRNA peptidyl-transferase center",curated_class_level,2,matched configured target marker
562.65091,gentamicin,present,True,product:16s rrna; product:ribosomal protein s12; product:small subunit ribosomal rna; product:ssu rrna,"30S ribosomal subunit, 16S rRNA A-site",curated_class_level,1,matched configured target marker
562.65091,ampicillin,present,True,product:d-alanyl-d-alanine carboxypeptidase; product:penicillin-binding protein,penicillin-binding proteins,curated_class_level,2,matched configured target marker
562.65091,amoxicillin,present,True,product:d-alanyl-d-alanine carboxypeptidase; product:penicillin-binding protein,penicillin-binding proteins,curated_class_level,2,matched configured target marker
562.65091,ceftazidime,present,True,product:d-alanyl-d-alanine carboxypeptidase; product:penicillin-binding protein,penicillin-binding proteins,curated_class_level,2,matched configured target marker
562.65112,cefotaxime,present,True,product:d-alanyl-d-alanine carboxypeptidase; product:penicillin-binding protein,penicillin-binding proteins,curated_class_level,2,matched configured target marker
562.65112,chloramphenicol,present,True,product:23s rrna; product:large subunit ribosomal rna; product:lsu rrna,"50S ribosomal subunit, 23S rRNA peptidyl-transferase center",curated_class_level,2,matched configured target marker
562.65112,gentamicin,present,True,product:16s rrna; product:ribosomal protein s12; product:small subunit ribosomal rna; product:ssu rrna,"30S ribosomal subunit, 16S rRNA A-site",curated_class_level,1,matched configured target marker
562.65112,ampicillin,present,True,product:d-alanyl-d-alanine carboxypeptidase; product:penicillin-binding protein,penicillin-binding proteins,curated_class_level,2,matched configured target marker
562.65112,amoxicillin,present,True,product:d-alanyl-d-alanine carboxypeptidase; product:penicillin-binding protein,penicillin-binding proteins,curated_class_level,2,matched configured target marker
562.65112,ceftazidime,present,True,product:d-alanyl-d-alanine carboxypeptidase; product:penicillin-binding protein,penicillin-binding proteins,curated_class_level,2,matched configured target marker
562.65118,cefotaxime,present,True,product:d-alanyl-d-alanine carboxypeptidase; product:penicillin-binding protein,penicillin-binding proteins,curated_class_level,2,matched configured target marker
562.65118,chloramphenicol,present,True,product:23s rrna; product:large subunit ribosomal rna; product:lsu rrna,"50S ribosomal subunit, 23S rRNA peptidyl-transferase center",curated_class_level,2,matched configured target marker
562.65118,gentamicin,present,True,product:16s rrna; product:ribosomal protein s12; product:small subunit ribosomal rna; product:ssu rrna,"30S ribosomal subunit, 16S rRNA A-site",curated_class_level,1,matched configured target marker
562.65118,ampicillin,present,True,product:d-alanyl-d-alanine carboxypeptidase; product:penicillin-binding protein,penicillin-binding proteins,curated_class_level,2,matched configured target marker
562.65118,amoxicillin,present,True,product:d-alanyl-d-alanine carboxypeptidase; product:penicillin-binding protein,penicillin-binding proteins,curated_class_level,2,matched configured target marker
562.65118,ceftazidime,present,True,product:d-alanyl-d-alanine carboxypeptidase; product:penicillin-binding protein,penicillin-binding proteins,curated_class_level,2,matched configured target marker
562.65123,cefotaxime,present,True,product:d-alanyl-d-alanine carboxypeptidase; product:penicillin-binding protein,penicillin-binding proteins,curated_class_level,2,matched configured target marker
562.65123,chloramphenicol,present,True,product:23s rrna; product:large subunit ribosomal rna; product:lsu rrna,"50S ribosomal subunit, 23S rRNA peptidyl-transferase center",curated_class_level,2,matched configured target marker
562.65123,gentamicin,present,True,product:16s rrna; product:ribosomal protein s12; product:small subunit ribosomal rna; product:ssu rrna,"30S ribosomal subunit, 16S rRNA A-site",curated_class_level,1,matched configured target marker
562.65123,ampicillin,present,True,product:d-alanyl-d-alanine carboxypeptidase; product:penicillin-binding protein,penicillin-binding proteins,curated_class_level,2,matched configured target marker
562.65123,amoxicillin,present,True,product:d-alanyl-d-alanine carboxypeptidase; product:penicillin-binding protein,penicillin-binding proteins,curated_class_level,2,matched configured target marker
562.65123,ceftazidime,present,True,product:d-alanyl-d-alanine carboxypeptidase; product:penicillin-binding protein,penicillin-binding proteins,curated_class_level,2,matched configured target marker
562.65134,cefotaxime,present,True,product:d-alanyl-d-alanine carboxypeptidase; product:penicillin-binding protein,penicillin-binding proteins,curated_class_level,2,matched configured target marker
562.65134,chloramphenicol,present,True,product:23s rrna; product:large subunit ribosomal rna; product:lsu rrna,"50S ribosomal subunit, 23S rRNA peptidyl-transferase center",curated_class_level,2,matched configured target marker
562.65134,gentamicin,present,True,product:16s rrna; product:ribosomal protein s12; product:small subunit ribosomal rna; product:ssu rrna,"30S ribosomal subunit, 16S rRNA A-site",curated_class_level,1,matched configured target marker
562.65134,ampicillin,present,True,product:d-alanyl-d-alanine carboxypeptidase; product:penicillin-binding protein,penicillin-binding proteins,curated_class_level,2,matched configured target marker
562.65134,amoxicillin,present,True,product:d-alanyl-d-alanine carboxypeptidase; product:penicillin-binding protein,penicillin-binding proteins,curated_class_level,2,matched configured target marker
562.65134,ceftazidime,present,True,product:d-alanyl-d-alanine carboxypeptidase; product:penicillin-binding protein,penicillin-binding proteins,curated_class_level,2,matched configured target marker
562.65153,cefotaxime,present,True,product:d-alanyl-d-alanine carboxypeptidase; product:penicillin-binding protein,penicillin-binding proteins,curated_class_level,2,matched configured target marker
562.65153,chloramphenicol,present,True,product:23s rrna; product:large subunit ribosomal rna; product:lsu rrna,"50S ribosomal subunit, 23S rRNA peptidyl-transferase center",curated_class_level,2,matched configured target marker
562.65153,gentamicin,present,True,product:16s rrna; product:ribosomal protein s12; product:small subunit ribosomal rna; product:ssu rrna,"30S ribosomal subunit, 16S rRNA A-site",curated_class_level,1,matched configured target marker
562.65153,ampicillin,present,True,product:d-alanyl-d-alanine carboxypeptidase; product:penicillin-binding protein,penicillin-binding proteins,curated_class_level,2,matched configured target marker
562.65153,amoxicillin,present,True,product:d-alanyl-d-alanine carboxypeptidase; product:penicillin-binding protein,penicillin-binding proteins,curated_class_level,2,matched configured target marker
562.65153,ceftazidime,present,True,product:d-alanyl-d-alanine carboxypeptidase; product:penicillin-binding protein,penicillin-binding proteins,curated_class_level,2,matched configured target marker
562.65155,cefotaxime,present,True,product:d-alanyl-d-alanine carboxypeptidase; product:penicillin-binding protein,penicillin-binding proteins,curated_class_level,2,matched configured target marker
562.65155,chloramphenicol,present,True,product:23s rrna; product:large subunit ribosomal rna; product:lsu rrna,"50S ribosomal subunit, 23S rRNA peptidyl-transferase center",curated_class_level,2,matched configured target marker
562.65155,gentamicin,present,True,product:16s rrna; product:ribosomal protein s12; product:small subunit ribosomal rna; product:ssu rrna,"30S ribosomal subunit, 16S rRNA A-site",curated_class_level,1,matched configured target marker
562.65155,ampicillin,present,True,product:d-alanyl-d-alanine carboxypeptidase; product:penicillin-binding protein,penicillin-binding proteins,curated_class_level,2,matched configured target marker
562.65155,amoxicillin,present,True,product:d-alanyl-d-alanine carboxypeptidase; product:penicillin-binding protein,penicillin-binding proteins,curated_class_level,2,matched configured target marker
562.65155,ceftazidime,present,True,product:d-alanyl-d-alanine carboxypeptidase; product:penicillin-binding protein,penicillin-binding proteins,curated_class_level,2,matched configured target marker
562.65163,cefotaxime,present,True,product:d-alanyl-d-alanine carboxypeptidase; product:penicillin-binding protein,penicillin-binding proteins,curated_class_level,2,matched configured target marker
562.65163,chloramphenicol,present,True,product:23s rrna; product:large subunit ribosomal rna; product:lsu rrna,"50S ribosomal subunit, 23S rRNA peptidyl-transferase center",curated_class_level,2,matched configured target marker
562.65163,gentamicin,present,True,product:16s rrna; product:ribosomal protein s12; product:small subunit ribosomal rna; product:ssu rrna,"30S ribosomal subunit, 16S rRNA A-site",curated_class_level,1,matched configured target marker
562.65163,ampicillin,present,True,product:d-alanyl-d-alanine carboxypeptidase; product:penicillin-binding protein,penicillin-binding proteins,curated_class_level,2,matched configured target marker
562.65163,amoxicillin,present,True,product:d-alanyl-d-alanine carboxypeptidase; product:penicillin-binding protein,penicillin-binding proteins,curated_class_level,2,matched configured target marker
562.65163,ceftazidime,present,True,product:d-alanyl-d-alanine carboxypeptidase; product:penicillin-binding protein,penicillin-binding proteins,curated_class_level,2,matched configured target marker
562.65173,cefotaxime,present,True,product:d-alanyl-d-alanine carboxypeptidase; product:penicillin-binding protein,penicillin-binding proteins,curated_class_level,2,matched configured target marker
562.65173,chloramphenicol,present,True,product:23s rrna; product:large subunit ribosomal rna; product:lsu rrna,"50S ribosomal subunit, 23S rRNA peptidyl-transferase center",curated_class_level,2,matched configured target marker
562.65173,gentamicin,present,True,product:16s rrna; product:ribosomal protein s12; product:small subunit ribosomal rna; product:ssu rrna,"30S ribosomal subunit, 16S rRNA A-site",curated_class_level,1,matched configured target marker
562.65173,ampicillin,present,True,product:d-alanyl-d-alanine carboxypeptidase; product:penicillin-binding protein,penicillin-binding proteins,curated_class_level,2,matched configured target marker
562.65173,amoxicillin,present,True,product:d-alanyl-d-alanine carboxypeptidase; product:penicillin-binding protein,penicillin-binding proteins,curated_class_level,2,matched configured target marker
562.65173,ceftazidime,present,True,product:d-alanyl-d-alanine carboxypeptidase; product:penicillin-binding protein,penicillin-binding proteins,curated_class_level,2,matched configured target marker
562.65203,cefotaxime,present,True,product:d-alanyl-d-alanine carboxypeptidase; product:penicillin-binding protein,penicillin-binding proteins,curated_class_level,2,matched configured target marker
562.65203,chloramphenicol,present,True,product:23s rrna; product:large subunit ribosomal rna; product:lsu rrna,"50S ribosomal subunit, 23S rRNA peptidyl-transferase center",curated_class_level,2,matched configured target marker
562.65203,gentamicin,present,True,product:16s rrna; product:ribosomal protein s12; product:small subunit ribosomal rna; product:ssu rrna,"30S ribosomal subunit, 16S rRNA A-site",curated_class_level,1,matched configured target marker
562.65203,ampicillin,present,True,product:d-alanyl-d-alanine carboxypeptidase; product:penicillin-binding protein,penicillin-binding proteins,curated_class_level,2,matched configured target marker
562.65203,amoxicillin,present,True,product:d-alanyl-d-alanine carboxypeptidase; product:penicillin-binding protein,penicillin-binding proteins,curated_class_level,2,matched configured target marker
562.65203,ceftazidime,present,True,product:d-alanyl-d-alanine carboxypeptidase; product:penicillin-binding protein,penicillin-binding proteins,curated_class_level,2,matched configured target marker
562.65206,cefotaxime,present,True,product:d-alanyl-d-alanine carboxypeptidase; product:penicillin-binding protein,penicillin-binding proteins,curated_class_level,2,matched configured target marker
562.65206,chloramphenicol,present,True,product:23s rrna; product:large subunit ribosomal rna; product:lsu rrna,"50S ribosomal subunit, 23S rRNA peptidyl-transferase center",curated_class_level,2,matched configured target marker
562.65206,gentamicin,present,True,product:16s rrna; product:ribosomal protein s12; product:small subunit ribosomal rna; product:ssu rrna,"30S ribosomal subunit, 16S rRNA A-site",curated_class_level,1,matched configured target marker
562.65206,ampicillin,present,True,product:d-alanyl-d-alanine carboxypeptidase; product:penicillin-binding protein,penicillin-binding proteins,curated_class_level,2,matched configured target marker
562.65206,amoxicillin,present,True,product:d-alanyl-d-alanine carboxypeptidase; product:penicillin-binding protein,penicillin-binding proteins,curated_class_level,2,matched configured target marker
562.65206,ceftazidime,present,True,product:d-alanyl-d-alanine carboxypeptidase; product:penicillin-binding protein,penicillin-binding proteins,curated_class_level,2,matched configured target marker
562.65207,cefotaxime,present,True,product:d-alanyl-d-alanine carboxypeptidase; product:penicillin-binding protein,penicillin-binding proteins,curated_class_level,2,matched configured target marker
562.65207,chloramphenicol,present,True,product:23s rrna; product:large subunit ribosomal rna; product:lsu rrna,"50S ribosomal subunit, 23S rRNA peptidyl-transferase center",curated_class_level,2,matched configured target marker
562.65207,gentamicin,present,True,product:16s rrna; product:ribosomal protein s12; product:small subunit ribosomal rna; product:ssu rrna,"30S ribosomal subunit, 16S rRNA A-site",curated_class_level,1,matched configured target marker
562.65207,ampicillin,present,True,product:d-alanyl-d-alanine carboxypeptidase; product:penicillin-binding protein,penicillin-binding proteins,curated_class_level,2,matched configured target marker
562.65207,amoxicillin,present,True,product:d-alanyl-d-alanine carboxypeptidase; product:penicillin-binding protein,penicillin-binding proteins,curated_class_level,2,matched configured target marker
562.65207,ceftazidime,present,True,product:d-alanyl-d-alanine carboxypeptidase; product:penicillin-binding protein,penicillin-binding proteins,curated_class_level,2,matched configured target marker
562.65212,cefotaxime,present,True,product:d-alanyl-d-alanine carboxypeptidase; product:penicillin-binding protein,penicillin-binding proteins,curated_class_level,2,matched configured target marker
562.65212,chloramphenicol,present,True,product:23s rrna; product:large subunit ribosomal rna; product:lsu rrna,"50S ribosomal subunit, 23S rRNA peptidyl-transferase center",curated_class_level,2,matched configured target marker
562.65212,gentamicin,present,True,product:16s rrna; product:ribosomal protein s12; product:small subunit ribosomal rna; product:ssu rrna,"30S ribosomal subunit, 16S rRNA A-site",curated_class_level,1,matched configured target marker
562.65212,ampicillin,present,True,product:d-alanyl-d-alanine carboxypeptidase; product:penicillin-binding protein,penicillin-binding proteins,curated_class_level,2,matched configured target marker
562.65212,amoxicillin,present,True,product:d-alanyl-d-alanine carboxypeptidase; product:penicillin-binding protein,penicillin-binding proteins,curated_class_level,2,matched configured target marker
562.65212,ceftazidime,present,True,product:d-alanyl-d-alanine carboxypeptidase; product:penicillin-binding protein,penicillin-binding proteins,curated_class_level,2,matched configured target marker
562.65219,cefotaxime,present,True,product:d-alanyl-d-alanine carboxypeptidase; product:penicillin-binding protein,penicillin-binding proteins,curated_class_level,2,matched configured target marker
562.65219,chloramphenicol,present,True,product:23s rrna; product:large subunit ribosomal rna; product:lsu rrna,"50S ribosomal subunit, 23S rRNA peptidyl-transferase center",curated_class_level,2,matched configured target marker
562.65219,gentamicin,present,True,product:16s rrna; product:ribosomal protein s12; product:small subunit ribosomal rna; product:ssu rrna,"30S ribosomal subunit, 16S rRNA A-site",curated_class_level,1,matched configured target marker
562.65219,ampicillin,present,True,product:d-alanyl-d-alanine carboxypeptidase; product:penicillin-binding protein,penicillin-binding proteins,curated_class_level,2,matched configured target marker
562.65219,amoxicillin,present,True,product:d-alanyl-d-alanine carboxypeptidase; product:penicillin-binding protein,penicillin-binding proteins,curated_class_level,2,matched configured target marker
562.65219,ceftazidime,present,True,product:d-alanyl-d-alanine carboxypeptidase; product:penicillin-binding protein,penicillin-binding proteins,curated_class_level,2,matched configured target marker
562.65223,cefotaxime,present,True,product:d-alanyl-d-alanine carboxypeptidase; product:penicillin-binding protein,penicillin-binding proteins,curated_class_level,2,matched configured target marker
562.65223,chloramphenicol,present,True,product:23s rrna; product:large subunit ribosomal rna; product:lsu rrna,"50S ribosomal subunit, 23S rRNA peptidyl-transferase center",curated_class_level,2,matched configured target marker
562.65223,gentamicin,present,True,product:16s rrna; product:ribosomal protein s12; product:small subunit ribosomal rna; product:ssu rrna,"30S ribosomal subunit, 16S rRNA A-site",curated_class_level,1,matched configured target marker
562.65223,ampicillin,present,True,product:d-alanyl-d-alanine carboxypeptidase; product:penicillin-binding protein,penicillin-binding proteins,curated_class_level,2,matched configured target marker
562.65223,amoxicillin,present,True,product:d-alanyl-d-alanine carboxypeptidase; product:penicillin-binding protein,penicillin-binding proteins,curated_class_level,2,matched configured target marker
562.65223,ceftazidime,present,True,product:d-alanyl-d-alanine carboxypeptidase; product:penicillin-binding protein,penicillin-binding proteins,curated_class_level,2,matched configured target marker
562.65225,cefotaxime,present,True,product:d-alanyl-d-alanine carboxypeptidase; product:penicillin-binding protein,penicillin-binding proteins,curated_class_level,2,matched configured target marker
562.65225,chloramphenicol,present,True,product:23s rrna; product:large subunit ribosomal rna; product:lsu rrna,"50S ribosomal subunit, 23S rRNA peptidyl-transferase center",curated_class_level,2,matched configured target marker
562.65225,gentamicin,present,True,product:16s rrna; product:ribosomal protein s12; product:small subunit ribosomal rna; product:ssu rrna,"30S ribosomal subunit, 16S rRNA A-site",curated_class_level,1,matched configured target marker
562.65225,ampicillin,present,True,product:d-alanyl-d-alanine carboxypeptidase; product:penicillin-binding protein,penicillin-binding proteins,curated_class_level,2,matched configured target marker
562.65225,amoxicillin,present,True,product:d-alanyl-d-alanine carboxypeptidase; product:penicillin-binding protein,penicillin-binding proteins,curated_class_level,2,matched configured target marker
562.65225,ceftazidime,present,True,product:d-alanyl-d-alanine carboxypeptidase; product:penicillin-binding protein,penicillin-binding proteins,curated_class_level,2,matched configured target marker
562.65235,cefotaxime,present,True,product:d-alanyl-d-alanine carboxypeptidase; product:penicillin-binding protein,penicillin-binding proteins,curated_class_level,2,matched configured target marker
562.65235,chloramphenicol,present,True,product:23s rrna; product:large subunit ribosomal rna; product:lsu rrna,"50S ribosomal subunit, 23S rRNA peptidyl-transferase center",curated_class_level,2,matched configured target marker
562.65235,gentamicin,present,True,product:16s rrna; product:ribosomal protein s12; product:small subunit ribosomal rna; product:ssu rrna,"30S ribosomal subunit, 16S rRNA A-site",curated_class_level,1,matched configured target marker
562.65235,ampicillin,present,True,product:d-alanyl-d-alanine carboxypeptidase; product:penicillin-binding protein,penicillin-binding proteins,curated_class_level,2,matched configured target marker
562.65235,amoxicillin,present,True,product:d-alanyl-d-alanine carboxypeptidase; product:penicillin-binding protein,penicillin-binding proteins,curated_class_level,2,matched configured target marker
562.65235,ceftazidime,present,True,product:d-alanyl-d-alanine carboxypeptidase; product:penicillin-binding protein,penicillin-binding proteins,curated_class_level,2,matched configured target marker
562.65287,cefotaxime,present,True,product:d-alanyl-d-alanine carboxypeptidase; product:penicillin-binding protein,penicillin-binding proteins,curated_class_level,2,matched configured target marker
562.65287,chloramphenicol,present,True,product:23s rrna; product:large subunit ribosomal rna; product:lsu rrna,"50S ribosomal subunit, 23S rRNA peptidyl-transferase center",curated_class_level,2,matched configured target marker
562.65287,gentamicin,present,True,product:16s rrna; product:ribosomal protein s12; product:small subunit ribosomal rna; product:ssu rrna,"30S ribosomal subunit, 16S rRNA A-site",curated_class_level,1,matched configured target marker
562.65287,ampicillin,present,True,product:d-alanyl-d-alanine carboxypeptidase; product:penicillin-binding protein,penicillin-binding proteins,curated_class_level,2,matched configured target marker
562.65287,amoxicillin,present,True,product:d-alanyl-d-alanine carboxypeptidase; product:penicillin-binding protein,penicillin-binding proteins,curated_class_level,2,matched configured target marker
562.65287,ceftazidime,present,True,product:d-alanyl-d-alanine carboxypeptidase; product:penicillin-binding protein,penicillin-binding proteins,curated_class_level,2,matched configured target marker
562.65288,cefotaxime,present,True,product:d-alanyl-d-alanine carboxypeptidase; product:penicillin-binding protein,penicillin-binding proteins,curated_class_level,2,matched configured target marker
562.65288,chloramphenicol,present,True,product:23s rrna; product:large subunit ribosomal rna; product:lsu rrna,"50S ribosomal subunit, 23S rRNA peptidyl-transferase center",curated_class_level,2,matched configured target marker
562.65288,gentamicin,present,True,product:16s rrna; product:ribosomal protein s12; product:small subunit ribosomal rna; product:ssu rrna,"30S ribosomal subunit, 16S rRNA A-site",curated_class_level,1,matched configured target marker
562.65288,ampicillin,present,True,product:d-alanyl-d-alanine carboxypeptidase; product:penicillin-binding protein,penicillin-binding proteins,curated_class_level,2,matched configured target marker
562.65288,amoxicillin,present,True,product:d-alanyl-d-alanine carboxypeptidase; product:penicillin-binding protein,penicillin-binding proteins,curated_class_level,2,matched configured target marker
562.65288,ceftazidime,present,True,product:d-alanyl-d-alanine carboxypeptidase; product:penicillin-binding protein,penicillin-binding proteins,curated_class_level,2,matched configured target marker
562.65304,cefotaxime,present,True,product:d-alanyl-d-alanine carboxypeptidase; product:penicillin-binding protein,penicillin-binding proteins,curated_class_level,2,matched configured target marker
562.65304,chloramphenicol,present,True,product:23s rrna; product:large subunit ribosomal rna; product:lsu rrna,"50S ribosomal subunit, 23S rRNA peptidyl-transferase center",curated_class_level,2,matched configured target marker
562.65304,gentamicin,present,True,product:16s rrna; product:ribosomal protein s12; product:small subunit ribosomal rna; product:ssu rrna,"30S ribosomal subunit, 16S rRNA A-site",curated_class_level,1,matched configured target marker
562.65304,ampicillin,present,True,product:d-alanyl-d-alanine carboxypeptidase; product:penicillin-binding protein,penicillin-binding proteins,curated_class_level,2,matched configured target marker
562.65304,amoxicillin,present,True,product:d-alanyl-d-alanine carboxypeptidase; product:penicillin-binding protein,penicillin-binding proteins,curated_class_level,2,matched configured target marker
562.65304,ceftazidime,present,True,product:d-alanyl-d-alanine carboxypeptidase; product:penicillin-binding protein,penicillin-binding proteins,curated_class_level,2,matched configured target marker
562.65316,cefotaxime,present,True,product:d-alanyl-d-alanine carboxypeptidase; product:penicillin-binding protein,penicillin-binding proteins,curated_class_level,2,matched configured target marker
562.65316,chloramphenicol,present,True,product:23s rrna; product:large subunit ribosomal rna; product:lsu rrna,"50S ribosomal subunit, 23S rRNA peptidyl-transferase center",curated_class_level,2,matched configured target marker
562.65316,gentamicin,present,True,product:16s rrna; product:ribosomal protein s12; product:small subunit ribosomal rna; product:ssu rrna,"30S ribosomal subunit, 16S rRNA A-site",curated_class_level,1,matched configured target marker
562.65316,ampicillin,present,True,product:d-alanyl-d-alanine carboxypeptidase; product:penicillin-binding protein,penicillin-binding proteins,curated_class_level,2,matched configured target marker
562.65316,amoxicillin,present,True,product:d-alanyl-d-alanine carboxypeptidase; product:penicillin-binding protein,penicillin-binding proteins,curated_class_level,2,matched configured target marker
562.65316,ceftazidime,present,True,product:d-alanyl-d-alanine carboxypeptidase; product:penicillin-binding protein,penicillin-binding proteins,curated_class_level,2,matched configured target marker
562.65635,cefotaxime,present,True,product:d-alanyl-d-alanine carboxypeptidase; product:penicillin-binding protein,penicillin-binding proteins,curated_class_level,2,matched configured target marker
562.65635,chloramphenicol,present,True,product:23s rrna; product:large subunit ribosomal rna; product:lsu rrna,"50S ribosomal subunit, 23S rRNA peptidyl-transferase center",curated_class_level,2,matched configured target marker
562.65635,gentamicin,present,True,product:16s rrna; product:ribosomal protein s12; product:small subunit ribosomal rna; product:ssu rrna,"30S ribosomal subunit, 16S rRNA A-site",curated_class_level,1,matched configured target marker
562.65635,ampicillin,present,True,product:d-alanyl-d-alanine carboxypeptidase; product:penicillin-binding protein,penicillin-binding proteins,curated_class_level,2,matched configured target marker
562.65635,amoxicillin,present,True,product:d-alanyl-d-alanine carboxypeptidase; product:penicillin-binding protein,penicillin-binding proteins,curated_class_level,2,matched configured target marker
562.65635,ceftazidime,present,True,product:d-alanyl-d-alanine carboxypeptidase; product:penicillin-binding protein,penicillin-binding proteins,curated_class_level,2,matched configured target marker
562.65637,cefotaxime,present,True,product:d-alanyl-d-alanine carboxypeptidase; product:penicillin-binding protein,penicillin-binding proteins,curated_class_level,2,matched configured target marker
562.65637,chloramphenicol,present,True,product:23s rrna; product:large subunit ribosomal rna; product:lsu rrna,"50S ribosomal subunit, 23S rRNA peptidyl-transferase center",curated_class_level,2,matched configured target marker
562.65637,gentamicin,present,True,product:16s rrna; product:ribosomal protein s12; product:small subunit ribosomal rna; product:ssu rrna,"30S ribosomal subunit, 16S rRNA A-site",curated_class_level,1,matched configured target marker
562.65637,ampicillin,present,True,product:d-alanyl-d-alanine carboxypeptidase; product:penicillin-binding protein,penicillin-binding proteins,curated_class_level,2,matched configured target marker
562.65637,amoxicillin,present,True,product:d-alanyl-d-alanine carboxypeptidase; product:penicillin-binding protein,penicillin-binding proteins,curated_class_level,2,matched configured target marker
562.65637,ceftazidime,present,True,product:d-alanyl-d-alanine carboxypeptidase; product:penicillin-binding protein,penicillin-binding proteins,curated_class_level,2,matched configured target marker
562.65639,cefotaxime,present,True,product:d-alanyl-d-alanine carboxypeptidase; product:penicillin-binding protein,penicillin-binding proteins,curated_class_level,2,matched configured target marker
562.65639,chloramphenicol,present,True,product:23s rrna; product:large subunit ribosomal rna; product:lsu rrna,"50S ribosomal subunit, 23S rRNA peptidyl-transferase center",curated_class_level,2,matched configured target marker
562.65639,gentamicin,present,True,product:16s rrna; product:ribosomal protein s12; product:small subunit ribosomal rna; product:ssu rrna,"30S ribosomal subunit, 16S rRNA A-site",curated_class_level,1,matched configured target marker
562.65639,ampicillin,present,True,product:d-alanyl-d-alanine carboxypeptidase; product:penicillin-binding protein,penicillin-binding proteins,curated_class_level,2,matched configured target marker
562.65639,amoxicillin,present,True,product:d-alanyl-d-alanine carboxypeptidase; product:penicillin-binding protein,penicillin-binding proteins,curated_class_level,2,matched configured target marker
562.65639,ceftazidime,present,True,product:d-alanyl-d-alanine carboxypeptidase; product:penicillin-binding protein,penicillin-binding proteins,curated_class_level,2,matched configured target marker
562.65642,cefotaxime,present,True,product:d-alanyl-d-alanine carboxypeptidase; product:penicillin-binding protein,penicillin-binding proteins,curated_class_level,2,matched configured target marker
562.65642,chloramphenicol,present,True,product:23s rrna; product:large subunit ribosomal rna; product:lsu rrna,"50S ribosomal subunit, 23S rRNA peptidyl-transferase center",curated_class_level,2,matched configured target marker
562.65642,gentamicin,present,True,product:16s rrna; product:ribosomal protein s12; product:small subunit ribosomal rna; product:ssu rrna,"30S ribosomal subunit, 16S rRNA A-site",curated_class_level,1,matched configured target marker
562.65642,ampicillin,present,True,product:d-alanyl-d-alanine carboxypeptidase; product:penicillin-binding protein,penicillin-binding proteins,curated_class_level,2,matched configured target marker
562.65642,amoxicillin,present,True,product:d-alanyl-d-alanine carboxypeptidase; product:penicillin-binding protein,penicillin-binding proteins,curated_class_level,2,matched configured target marker
562.65642,ceftazidime,present,True,product:d-alanyl-d-alanine carboxypeptidase; product:penicillin-binding protein,penicillin-binding proteins,curated_class_level,2,matched configured target marker
562.65644,cefotaxime,present,True,product:d-alanyl-d-alanine carboxypeptidase; product:penicillin-binding protein,penicillin-binding proteins,curated_class_level,2,matched configured target marker
562.65644,chloramphenicol,present,True,product:23s rrna; product:large subunit ribosomal rna; product:lsu rrna,"50S ribosomal subunit, 23S rRNA peptidyl-transferase center",curated_class_level,2,matched configured target marker
562.65644,gentamicin,present,True,product:16s rrna; product:ribosomal protein s12; product:small subunit ribosomal rna; product:ssu rrna,"30S ribosomal subunit, 16S rRNA A-site",curated_class_level,1,matched configured target marker
562.65644,ampicillin,present,True,product:d-alanyl-d-alanine carboxypeptidase; product:penicillin-binding protein,penicillin-binding proteins,curated_class_level,2,matched configured target marker
562.65644,amoxicillin,present,True,product:d-alanyl-d-alanine carboxypeptidase; product:penicillin-binding protein,penicillin-binding proteins,curated_class_level,2,matched configured target marker
562.65644,ceftazidime,present,True,product:d-alanyl-d-alanine carboxypeptidase; product:penicillin-binding protein,penicillin-binding proteins,curated_class_level,2,matched configured target marker
562.65648,cefotaxime,present,True,product:d-alanyl-d-alanine carboxypeptidase; product:penicillin-binding protein,penicillin-binding proteins,curated_class_level,2,matched configured target marker
562.65648,chloramphenicol,present,True,product:23s rrna; product:large subunit ribosomal rna; product:lsu rrna,"50S ribosomal subunit, 23S rRNA peptidyl-transferase center",curated_class_level,2,matched configured target marker
562.65648,gentamicin,present,True,product:16s rrna; product:ribosomal protein s12; product:small subunit ribosomal rna; product:ssu rrna,"30S ribosomal subunit, 16S rRNA A-site",curated_class_level,1,matched configured target marker
562.65648,ampicillin,present,True,product:d-alanyl-d-alanine carboxypeptidase; product:penicillin-binding protein,penicillin-binding proteins,curated_class_level,2,matched configured target marker
562.65648,amoxicillin,present,True,product:d-alanyl-d-alanine carboxypeptidase; product:penicillin-binding protein,penicillin-binding proteins,curated_class_level,2,matched configured target marker
562.65648,ceftazidime,present,True,product:d-alanyl-d-alanine carboxypeptidase; product:penicillin-binding protein,penicillin-binding proteins,curated_class_level,2,matched configured target marker
562.65649,cefotaxime,present,True,product:d-alanyl-d-alanine carboxypeptidase; product:penicillin-binding protein,penicillin-binding proteins,curated_class_level,2,matched configured target marker
562.65649,chloramphenicol,present,True,product:23s rrna; product:large subunit ribosomal rna; product:lsu rrna,"50S ribosomal subunit, 23S rRNA peptidyl-transferase center",curated_class_level,2,matched configured target marker
562.65649,gentamicin,present,True,product:16s rrna; product:ribosomal protein s12; product:small subunit ribosomal rna; product:ssu rrna,"30S ribosomal subunit, 16S rRNA A-site",curated_class_level,1,matched configured target marker
562.65649,ampicillin,present,True,product:d-alanyl-d-alanine carboxypeptidase; product:penicillin-binding protein,penicillin-binding proteins,curated_class_level,2,matched configured target marker
562.65649,amoxicillin,present,True,product:d-alanyl-d-alanine carboxypeptidase; product:penicillin-binding protein,penicillin-binding proteins,curated_class_level,2,matched configured target marker
562.65649,ceftazidime,present,True,product:d-alanyl-d-alanine carboxypeptidase; product:penicillin-binding protein,penicillin-binding proteins,curated_class_level,2,matched configured target marker
562.65651,cefotaxime,present,True,product:d-alanyl-d-alanine carboxypeptidase; product:penicillin-binding protein,penicillin-binding proteins,curated_class_level,2,matched configured target marker
562.65651,chloramphenicol,present,True,product:23s rrna; product:large subunit ribosomal rna; product:lsu rrna,"50S ribosomal subunit, 23S rRNA peptidyl-transferase center",curated_class_level,2,matched configured target marker
562.65651,gentamicin,present,True,product:16s rrna; product:ribosomal protein s12; product:small subunit ribosomal rna; product:ssu rrna,"30S ribosomal subunit, 16S rRNA A-site",curated_class_level,1,matched configured target marker
562.65651,ampicillin,present,True,product:d-alanyl-d-alanine carboxypeptidase; product:penicillin-binding protein,penicillin-binding proteins,curated_class_level,2,matched configured target marker
562.65651,amoxicillin,present,True,product:d-alanyl-d-alanine carboxypeptidase; product:penicillin-binding protein,penicillin-binding proteins,curated_class_level,2,matched configured target marker
562.65651,ceftazidime,present,True,product:d-alanyl-d-alanine carboxypeptidase; product:penicillin-binding protein,penicillin-binding proteins,curated_class_level,2,matched configured target marker
562.65652,cefotaxime,present,True,product:d-alanyl-d-alanine carboxypeptidase; product:penicillin-binding protein,penicillin-binding proteins,curated_class_level,2,matched configured target marker
562.65652,chloramphenicol,present,True,product:23s rrna; product:large subunit ribosomal rna; product:lsu rrna,"50S ribosomal subunit, 23S rRNA peptidyl-transferase center",curated_class_level,2,matched configured target marker
562.65652,gentamicin,present,True,product:16s rrna; product:ribosomal protein s12; product:small subunit ribosomal rna; product:ssu rrna,"30S ribosomal subunit, 16S rRNA A-site",curated_class_level,1,matched configured target marker
562.65652,ampicillin,present,True,product:d-alanyl-d-alanine carboxypeptidase; product:penicillin-binding protein,penicillin-binding proteins,curated_class_level,2,matched configured target marker
562.65652,amoxicillin,present,True,product:d-alanyl-d-alanine carboxypeptidase; product:penicillin-binding protein,penicillin-binding proteins,curated_class_level,2,matched configured target marker
562.65652,ceftazidime,present,True,product:d-alanyl-d-alanine carboxypeptidase; product:penicillin-binding protein,penicillin-binding proteins,curated_class_level,2,matched configured target marker
562.65659,cefotaxime,present,True,product:d-alanyl-d-alanine carboxypeptidase; product:penicillin-binding protein,penicillin-binding proteins,curated_class_level,2,matched configured target marker
562.65659,chloramphenicol,present,True,product:23s rrna; product:large subunit ribosomal rna; product:lsu rrna,"50S ribosomal subunit, 23S rRNA peptidyl-transferase center",curated_class_level,2,matched configured target marker
562.65659,gentamicin,present,True,product:16s rrna; product:ribosomal protein s12; product:small subunit ribosomal rna; product:ssu rrna,"30S ribosomal subunit, 16S rRNA A-site",curated_class_level,1,matched configured target marker
562.65659,ampicillin,present,True,product:d-alanyl-d-alanine carboxypeptidase; product:penicillin-binding protein,penicillin-binding proteins,curated_class_level,2,matched configured target marker
562.65659,amoxicillin,present,True,product:d-alanyl-d-alanine carboxypeptidase; product:penicillin-binding protein,penicillin-binding proteins,curated_class_level,2,matched configured target marker
562.65659,ceftazidime,present,True,product:d-alanyl-d-alanine carboxypeptidase; product:penicillin-binding protein,penicillin-binding proteins,curated_class_level,2,matched configured target marker
562.65663,cefotaxime,present,True,product:d-alanyl-d-alanine carboxypeptidase; product:penicillin-binding protein,penicillin-binding proteins,curated_class_level,2,matched configured target marker
562.65663,chloramphenicol,present,True,product:23s rrna; product:large subunit ribosomal rna; product:lsu rrna,"50S ribosomal subunit, 23S rRNA peptidyl-transferase center",curated_class_level,2,matched configured target marker
562.65663,gentamicin,present,True,product:16s rrna; product:ribosomal protein s12; product:small subunit ribosomal rna; product:ssu rrna,"30S ribosomal subunit, 16S rRNA A-site",curated_class_level,1,matched configured target marker
562.65663,ampicillin,present,True,product:d-alanyl-d-alanine carboxypeptidase; product:penicillin-binding protein,penicillin-binding proteins,curated_class_level,2,matched configured target marker
562.65663,amoxicillin,present,True,product:d-alanyl-d-alanine carboxypeptidase; product:penicillin-binding protein,penicillin-binding proteins,curated_class_level,2,matched configured target marker
562.65663,ceftazidime,present,True,product:d-alanyl-d-alanine carboxypeptidase; product:penicillin-binding protein,penicillin-binding proteins,curated_class_level,2,matched configured target marker
562.65666,cefotaxime,present,True,product:d-alanyl-d-alanine carboxypeptidase; product:penicillin-binding protein,penicillin-binding proteins,curated_class_level,2,matched configured target marker
562.65666,chloramphenicol,present,True,product:23s rrna; product:large subunit ribosomal rna; product:lsu rrna,"50S ribosomal subunit, 23S rRNA peptidyl-transferase center",curated_class_level,2,matched configured target marker
562.65666,gentamicin,present,True,product:16s rrna; product:ribosomal protein s12; product:small subunit ribosomal rna; product:ssu rrna,"30S ribosomal subunit, 16S rRNA A-site",curated_class_level,1,matched configured target marker
562.65666,ampicillin,present,True,product:d-alanyl-d-alanine carboxypeptidase; product:penicillin-binding protein,penicillin-binding proteins,curated_class_level,2,matched configured target marker
562.65666,amoxicillin,present,True,product:d-alanyl-d-alanine carboxypeptidase; product:penicillin-binding protein,penicillin-binding proteins,curated_class_level,2,matched configured target marker
562.65666,ceftazidime,present,True,product:d-alanyl-d-alanine carboxypeptidase; product:penicillin-binding protein,penicillin-binding proteins,curated_class_level,2,matched configured target marker
562.65668,cefotaxime,present,True,product:d-alanyl-d-alanine carboxypeptidase; product:penicillin-binding protein,penicillin-binding proteins,curated_class_level,2,matched configured target marker
562.65668,chloramphenicol,present,True,product:23s rrna; product:large subunit ribosomal rna; product:lsu rrna,"50S ribosomal subunit, 23S rRNA peptidyl-transferase center",curated_class_level,2,matched configured target marker
562.65668,gentamicin,present,True,product:16s rrna; product:ribosomal protein s12; product:small subunit ribosomal rna; product:ssu rrna,"30S ribosomal subunit, 16S rRNA A-site",curated_class_level,1,matched configured target marker
562.65668,ampicillin,present,True,product:d-alanyl-d-alanine carboxypeptidase; product:penicillin-binding protein,penicillin-binding proteins,curated_class_level,2,matched configured target marker
562.65668,amoxicillin,present,True,product:d-alanyl-d-alanine carboxypeptidase; product:penicillin-binding protein,penicillin-binding proteins,curated_class_level,2,matched configured target marker
562.65668,ceftazidime,present,True,product:d-alanyl-d-alanine carboxypeptidase; product:penicillin-binding protein,penicillin-binding proteins,curated_class_level,2,matched configured target marker
562.65672,cefotaxime,present,True,product:d-alanyl-d-alanine carboxypeptidase; product:penicillin-binding protein,penicillin-binding proteins,curated_class_level,2,matched configured target marker
562.65672,chloramphenicol,present,True,product:23s rrna; product:large subunit ribosomal rna; product:lsu rrna,"50S ribosomal subunit, 23S rRNA peptidyl-transferase center",curated_class_level,2,matched configured target marker
562.65672,gentamicin,present,True,product:16s rrna; product:ribosomal protein s12; product:small subunit ribosomal rna; product:ssu rrna,"30S ribosomal subunit, 16S rRNA A-site",curated_class_level,1,matched configured target marker
562.65672,ampicillin,present,True,product:d-alanyl-d-alanine carboxypeptidase; product:penicillin-binding protein,penicillin-binding proteins,curated_class_level,2,matched configured target marker
562.65672,amoxicillin,present,True,product:d-alanyl-d-alanine carboxypeptidase; product:penicillin-binding protein,penicillin-binding proteins,curated_class_level,2,matched configured target marker
562.65672,ceftazidime,present,True,product:d-alanyl-d-alanine carboxypeptidase; product:penicillin-binding protein,penicillin-binding proteins,curated_class_level,2,matched configured target marker
562.65675,cefotaxime,present,True,product:d-alanyl-d-alanine carboxypeptidase; product:penicillin-binding protein,penicillin-binding proteins,curated_class_level,2,matched configured target marker
562.65675,chloramphenicol,present,True,product:23s rrna; product:large subunit ribosomal rna; product:lsu rrna,"50S ribosomal subunit, 23S rRNA peptidyl-transferase center",curated_class_level,2,matched configured target marker
562.65675,gentamicin,present,True,product:16s rrna; product:ribosomal protein s12; product:small subunit ribosomal rna; product:ssu rrna,"30S ribosomal subunit, 16S rRNA A-site",curated_class_level,1,matched configured target marker
562.65675,ampicillin,present,True,product:d-alanyl-d-alanine carboxypeptidase; product:penicillin-binding protein,penicillin-binding proteins,curated_class_level,2,matched configured target marker
562.65675,amoxicillin,present,True,product:d-alanyl-d-alanine carboxypeptidase; product:penicillin-binding protein,penicillin-binding proteins,curated_class_level,2,matched configured target marker
562.65675,ceftazidime,present,True,product:d-alanyl-d-alanine carboxypeptidase; product:penicillin-binding protein,penicillin-binding proteins,curated_class_level,2,matched configured target marker
562.65676,cefotaxime,present,True,product:d-alanyl-d-alanine carboxypeptidase; product:penicillin-binding protein,penicillin-binding proteins,curated_class_level,2,matched configured target marker
562.65676,chloramphenicol,present,True,product:23s rrna; product:large subunit ribosomal rna; product:lsu rrna,"50S ribosomal subunit, 23S rRNA peptidyl-transferase center",curated_class_level,2,matched configured target marker
562.65676,gentamicin,present,True,product:16s rrna; product:ribosomal protein s12; product:small subunit ribosomal rna; product:ssu rrna,"30S ribosomal subunit, 16S rRNA A-site",curated_class_level,1,matched configured target marker
562.65676,ampicillin,present,True,product:d-alanyl-d-alanine carboxypeptidase; product:penicillin-binding protein,penicillin-binding proteins,curated_class_level,2,matched configured target marker
562.65676,amoxicillin,present,True,product:d-alanyl-d-alanine carboxypeptidase; product:penicillin-binding protein,penicillin-binding proteins,curated_class_level,2,matched configured target marker
562.65676,ceftazidime,present,True,product:d-alanyl-d-alanine carboxypeptidase; product:penicillin-binding protein,penicillin-binding proteins,curated_class_level,2,matched configured target marker
562.65679,cefotaxime,present,True,product:d-alanyl-d-alanine carboxypeptidase; product:penicillin-binding protein,penicillin-binding proteins,curated_class_level,2,matched configured target marker
562.65679,chloramphenicol,present,True,product:23s rrna; product:large subunit ribosomal rna; product:lsu rrna,"50S ribosomal subunit, 23S rRNA peptidyl-transferase center",curated_class_level,2,matched configured target marker
562.65679,gentamicin,present,True,product:16s rrna; product:ribosomal protein s12; product:small subunit ribosomal rna; product:ssu rrna,"30S ribosomal subunit, 16S rRNA A-site",curated_class_level,1,matched configured target marker
562.65679,ampicillin,present,True,product:d-alanyl-d-alanine carboxypeptidase; product:penicillin-binding protein,penicillin-binding proteins,curated_class_level,2,matched configured target marker
562.65679,amoxicillin,present,True,product:d-alanyl-d-alanine carboxypeptidase; product:penicillin-binding protein,penicillin-binding proteins,curated_class_level,2,matched configured target marker
562.65679,ceftazidime,present,True,product:d-alanyl-d-alanine carboxypeptidase; product:penicillin-binding protein,penicillin-binding proteins,curated_class_level,2,matched configured target marker
562.65684,cefotaxime,present,True,product:d-alanyl-d-alanine carboxypeptidase; product:penicillin-binding protein,penicillin-binding proteins,curated_class_level,2,matched configured target marker
562.65684,chloramphenicol,present,True,product:23s rrna; product:large subunit ribosomal rna; product:lsu rrna,"50S ribosomal subunit, 23S rRNA peptidyl-transferase center",curated_class_level,2,matched configured target marker
562.65684,gentamicin,present,True,product:16s rrna; product:ribosomal protein s12; product:small subunit ribosomal rna; product:ssu rrna,"30S ribosomal subunit, 16S rRNA A-site",curated_class_level,1,matched configured target marker
562.65684,ampicillin,present,True,product:d-alanyl-d-alanine carboxypeptidase; product:penicillin-binding protein,penicillin-binding proteins,curated_class_level,2,matched configured target marker
562.65684,amoxicillin,present,True,product:d-alanyl-d-alanine carboxypeptidase; product:penicillin-binding protein,penicillin-binding proteins,curated_class_level,2,matched configured target marker
562.65684,ceftazidime,present,True,product:d-alanyl-d-alanine carboxypeptidase; product:penicillin-binding protein,penicillin-binding proteins,curated_class_level,2,matched configured target marker
562.65689,cefotaxime,present,True,product:d-alanyl-d-alanine carboxypeptidase; product:penicillin-binding protein,penicillin-binding proteins,curated_class_level,2,matched configured target marker
562.65689,chloramphenicol,present,True,product:23s rrna; product:large subunit ribosomal rna; product:lsu rrna,"50S ribosomal subunit, 23S rRNA peptidyl-transferase center",curated_class_level,2,matched configured target marker
562.65689,gentamicin,present,True,product:16s rrna; product:ribosomal protein s12; product:small subunit ribosomal rna; product:ssu rrna,"30S ribosomal subunit, 16S rRNA A-site",curated_class_level,1,matched configured target marker
562.65689,ampicillin,present,True,product:d-alanyl-d-alanine carboxypeptidase; product:penicillin-binding protein,penicillin-binding proteins,curated_class_level,2,matched configured target marker
562.65689,amoxicillin,present,True,product:d-alanyl-d-alanine carboxypeptidase; product:penicillin-binding protein,penicillin-binding proteins,curated_class_level,2,matched configured target marker
562.65689,ceftazidime,present,True,product:d-alanyl-d-alanine carboxypeptidase; product:penicillin-binding protein,penicillin-binding proteins,curated_class_level,2,matched configured target marker
562.65696,cefotaxime,present,True,product:d-alanyl-d-alanine carboxypeptidase; product:penicillin-binding protein,penicillin-binding proteins,curated_class_level,2,matched configured target marker
562.65696,chloramphenicol,present,True,product:23s rrna; product:large subunit ribosomal rna; product:lsu rrna,"50S ribosomal subunit, 23S rRNA peptidyl-transferase center",curated_class_level,2,matched configured target marker
562.65696,gentamicin,present,True,product:16s rrna; product:ribosomal protein s12; product:small subunit ribosomal rna; product:ssu rrna,"30S ribosomal subunit, 16S rRNA A-site",curated_class_level,1,matched configured target marker
562.65696,ampicillin,present,True,product:d-alanyl-d-alanine carboxypeptidase; product:penicillin-binding protein,penicillin-binding proteins,curated_class_level,2,matched configured target marker
562.65696,amoxicillin,present,True,product:d-alanyl-d-alanine carboxypeptidase; product:penicillin-binding protein,penicillin-binding proteins,curated_class_level,2,matched configured target marker
562.65696,ceftazidime,present,True,product:d-alanyl-d-alanine carboxypeptidase; product:penicillin-binding protein,penicillin-binding proteins,curated_class_level,2,matched configured target marker
562.65699,cefotaxime,present,True,product:d-alanyl-d-alanine carboxypeptidase; product:penicillin-binding protein,penicillin-binding proteins,curated_class_level,2,matched configured target marker
562.65699,chloramphenicol,present,True,product:23s rrna; product:large subunit ribosomal rna; product:lsu rrna,"50S ribosomal subunit, 23S rRNA peptidyl-transferase center",curated_class_level,2,matched configured target marker
562.65699,gentamicin,present,True,product:16s rrna; product:ribosomal protein s12; product:small subunit ribosomal rna; product:ssu rrna,"30S ribosomal subunit, 16S rRNA A-site",curated_class_level,1,matched configured target marker
562.65699,ampicillin,present,True,product:d-alanyl-d-alanine carboxypeptidase; product:penicillin-binding protein,penicillin-binding proteins,curated_class_level,2,matched configured target marker
562.65699,amoxicillin,present,True,product:d-alanyl-d-alanine carboxypeptidase; product:penicillin-binding protein,penicillin-binding proteins,curated_class_level,2,matched configured target marker
562.65699,ceftazidime,present,True,product:d-alanyl-d-alanine carboxypeptidase; product:penicillin-binding protein,penicillin-binding proteins,curated_class_level,2,matched configured target marker
562.65701,cefotaxime,present,True,product:d-alanyl-d-alanine carboxypeptidase; product:penicillin-binding protein,penicillin-binding proteins,curated_class_level,2,matched configured target marker
562.65701,chloramphenicol,present,True,product:23s rrna; product:large subunit ribosomal rna; product:lsu rrna,"50S ribosomal subunit, 23S rRNA peptidyl-transferase center",curated_class_level,2,matched configured target marker
562.65701,gentamicin,present,True,product:16s rrna; product:ribosomal protein s12; product:small subunit ribosomal rna; product:ssu rrna,"30S ribosomal subunit, 16S rRNA A-site",curated_class_level,1,matched configured target marker
562.65701,ampicillin,present,True,product:d-alanyl-d-alanine carboxypeptidase; product:penicillin-binding protein,penicillin-binding proteins,curated_class_level,2,matched configured target marker
562.65701,amoxicillin,present,True,product:d-alanyl-d-alanine carboxypeptidase; product:penicillin-binding protein,penicillin-binding proteins,curated_class_level,2,matched configured target marker
562.65701,ceftazidime,present,True,product:d-alanyl-d-alanine carboxypeptidase; product:penicillin-binding protein,penicillin-binding proteins,curated_class_level,2,matched configured target marker
562.65703,cefotaxime,present,True,product:d-alanyl-d-alanine carboxypeptidase; product:penicillin-binding protein,penicillin-binding proteins,curated_class_level,2,matched configured target marker
562.65703,chloramphenicol,present,True,product:23s rrna; product:large subunit ribosomal rna; product:lsu rrna,"50S ribosomal subunit, 23S rRNA peptidyl-transferase center",curated_class_level,2,matched configured target marker
562.65703,gentamicin,present,True,product:16s rrna; product:ribosomal protein s12; product:small subunit ribosomal rna; product:ssu rrna,"30S ribosomal subunit, 16S rRNA A-site",curated_class_level,1,matched configured target marker
562.65703,ampicillin,present,True,product:d-alanyl-d-alanine carboxypeptidase; product:penicillin-binding protein,penicillin-binding proteins,curated_class_level,2,matched configured target marker
562.65703,amoxicillin,present,True,product:d-alanyl-d-alanine carboxypeptidase; product:penicillin-binding protein,penicillin-binding proteins,curated_class_level,2,matched configured target marker
562.65703,ceftazidime,present,True,product:d-alanyl-d-alanine carboxypeptidase; product:penicillin-binding protein,penicillin-binding proteins,curated_class_level,2,matched configured target marker
562.65705,cefotaxime,present,True,product:d-alanyl-d-alanine carboxypeptidase; product:penicillin-binding protein,penicillin-binding proteins,curated_class_level,2,matched configured target marker
562.65705,chloramphenicol,present,True,product:23s rrna; product:large subunit ribosomal rna; product:lsu rrna,"50S ribosomal subunit, 23S rRNA peptidyl-transferase center",curated_class_level,2,matched configured target marker
562.65705,gentamicin,present,True,product:16s rrna; product:ribosomal protein s12; product:small subunit ribosomal rna; product:ssu rrna,"30S ribosomal subunit, 16S rRNA A-site",curated_class_level,1,matched configured target marker
562.65705,ampicillin,present,True,product:d-alanyl-d-alanine carboxypeptidase; product:penicillin-binding protein,penicillin-binding proteins,curated_class_level,2,matched configured target marker
562.65705,amoxicillin,present,True,product:d-alanyl-d-alanine carboxypeptidase; product:penicillin-binding protein,penicillin-binding proteins,curated_class_level,2,matched configured target marker
562.65705,ceftazidime,present,True,product:d-alanyl-d-alanine carboxypeptidase; product:penicillin-binding protein,penicillin-binding proteins,curated_class_level,2,matched configured target marker
562.65706,cefotaxime,present,True,product:d-alanyl-d-alanine carboxypeptidase; product:penicillin-binding protein,penicillin-binding proteins,curated_class_level,2,matched configured target marker
562.65706,chloramphenicol,present,True,product:23s rrna; product:large subunit ribosomal rna; product:lsu rrna,"50S ribosomal subunit, 23S rRNA peptidyl-transferase center",curated_class_level,2,matched configured target marker
562.65706,gentamicin,present,True,product:16s rrna; product:ribosomal protein s12; product:small subunit ribosomal rna; product:ssu rrna,"30S ribosomal subunit, 16S rRNA A-site",curated_class_level,1,matched configured target marker
562.65706,ampicillin,present,True,product:d-alanyl-d-alanine carboxypeptidase; product:penicillin-binding protein,penicillin-binding proteins,curated_class_level,2,matched configured target marker
562.65706,amoxicillin,present,True,product:d-alanyl-d-alanine carboxypeptidase; product:penicillin-binding protein,penicillin-binding proteins,curated_class_level,2,matched configured target marker
562.65706,ceftazidime,present,True,product:d-alanyl-d-alanine carboxypeptidase; product:penicillin-binding protein,penicillin-binding proteins,curated_class_level,2,matched configured target marker
562.65708,cefotaxime,present,True,product:d-alanyl-d-alanine carboxypeptidase; product:penicillin-binding protein,penicillin-binding proteins,curated_class_level,2,matched configured target marker
562.65708,chloramphenicol,present,True,product:23s rrna; product:large subunit ribosomal rna; product:lsu rrna,"50S ribosomal subunit, 23S rRNA peptidyl-transferase center",curated_class_level,2,matched configured target marker
562.65708,gentamicin,present,True,product:16s rrna; product:ribosomal protein s12; product:small subunit ribosomal rna; product:ssu rrna,"30S ribosomal subunit, 16S rRNA A-site",curated_class_level,1,matched configured target marker
562.65708,ampicillin,present,True,product:d-alanyl-d-alanine carboxypeptidase; product:penicillin-binding protein,penicillin-binding proteins,curated_class_level,2,matched configured target marker
562.65708,amoxicillin,present,True,product:d-alanyl-d-alanine carboxypeptidase; product:penicillin-binding protein,penicillin-binding proteins,curated_class_level,2,matched configured target marker
562.65708,ceftazidime,present,True,product:d-alanyl-d-alanine carboxypeptidase; product:penicillin-binding protein,penicillin-binding proteins,curated_class_level,2,matched configured target marker
562.65709,cefotaxime,present,True,product:d-alanyl-d-alanine carboxypeptidase; product:penicillin-binding protein,penicillin-binding proteins,curated_class_level,2,matched configured target marker
562.65709,chloramphenicol,present,True,product:23s rrna; product:large subunit ribosomal rna; product:lsu rrna,"50S ribosomal subunit, 23S rRNA peptidyl-transferase center",curated_class_level,2,matched configured target marker
562.65709,gentamicin,present,True,product:16s rrna; product:ribosomal protein s12; product:small subunit ribosomal rna; product:ssu rrna,"30S ribosomal subunit, 16S rRNA A-site",curated_class_level,1,matched configured target marker
562.65709,ampicillin,present,True,product:d-alanyl-d-alanine carboxypeptidase; product:penicillin-binding protein,penicillin-binding proteins,curated_class_level,2,matched configured target marker
562.65709,amoxicillin,present,True,product:d-alanyl-d-alanine carboxypeptidase; product:penicillin-binding protein,penicillin-binding proteins,curated_class_level,2,matched configured target marker
562.65709,ceftazidime,present,True,product:d-alanyl-d-alanine carboxypeptidase; product:penicillin-binding protein,penicillin-binding proteins,curated_class_level,2,matched configured target marker
562.65711,cefotaxime,present,True,product:d-alanyl-d-alanine carboxypeptidase; product:penicillin-binding protein,penicillin-binding proteins,curated_class_level,2,matched configured target marker
562.65711,chloramphenicol,present,True,product:23s rrna; product:large subunit ribosomal rna; product:lsu rrna,"50S ribosomal subunit, 23S rRNA peptidyl-transferase center",curated_class_level,2,matched configured target marker
562.65711,gentamicin,present,True,product:16s rrna; product:ribosomal protein s12; product:small subunit ribosomal rna; product:ssu rrna,"30S ribosomal subunit, 16S rRNA A-site",curated_class_level,1,matched configured target marker
562.65711,ampicillin,present,True,product:d-alanyl-d-alanine carboxypeptidase; product:penicillin-binding protein,penicillin-binding proteins,curated_class_level,2,matched configured target marker
562.65711,amoxicillin,present,True,product:d-alanyl-d-alanine carboxypeptidase; product:penicillin-binding protein,penicillin-binding proteins,curated_class_level,2,matched configured target marker
562.65711,ceftazidime,present,True,product:d-alanyl-d-alanine carboxypeptidase; product:penicillin-binding protein,penicillin-binding proteins,curated_class_level,2,matched configured target marker
562.65712,cefotaxime,present,True,product:d-alanyl-d-alanine carboxypeptidase; product:penicillin-binding protein,penicillin-binding proteins,curated_class_level,2,matched configured target marker
562.65712,chloramphenicol,present,True,product:23s rrna; product:large subunit ribosomal rna; product:lsu rrna,"50S ribosomal subunit, 23S rRNA peptidyl-transferase center",curated_class_level,2,matched configured target marker
562.65712,gentamicin,present,True,product:16s rrna; product:ribosomal protein s12; product:small subunit ribosomal rna; product:ssu rrna,"30S ribosomal subunit, 16S rRNA A-site",curated_class_level,1,matched configured target marker
562.65712,ampicillin,present,True,product:d-alanyl-d-alanine carboxypeptidase; product:penicillin-binding protein,penicillin-binding proteins,curated_class_level,2,matched configured target marker
562.65712,amoxicillin,present,True,product:d-alanyl-d-alanine carboxypeptidase; product:penicillin-binding protein,penicillin-binding proteins,curated_class_level,2,matched configured target marker
562.65712,ceftazidime,present,True,product:d-alanyl-d-alanine carboxypeptidase; product:penicillin-binding protein,penicillin-binding proteins,curated_class_level,2,matched configured target marker
562.65713,cefotaxime,present,True,product:d-alanyl-d-alanine carboxypeptidase; product:penicillin-binding protein,penicillin-binding proteins,curated_class_level,2,matched configured target marker
562.65713,chloramphenicol,present,True,product:23s rrna; product:large subunit ribosomal rna; product:lsu rrna,"50S ribosomal subunit, 23S rRNA peptidyl-transferase center",curated_class_level,2,matched configured target marker
562.65713,gentamicin,present,True,product:16s rrna; product:ribosomal protein s12; product:small subunit ribosomal rna; product:ssu rrna,"30S ribosomal subunit, 16S rRNA A-site",curated_class_level,1,matched configured target marker
562.65713,ampicillin,present,True,product:d-alanyl-d-alanine carboxypeptidase; product:penicillin-binding protein,penicillin-binding proteins,curated_class_level,2,matched configured target marker
562.65713,amoxicillin,present,True,product:d-alanyl-d-alanine carboxypeptidase; product:penicillin-binding protein,penicillin-binding proteins,curated_class_level,2,matched configured target marker
562.65713,ceftazidime,present,True,product:d-alanyl-d-alanine carboxypeptidase; product:penicillin-binding protein,penicillin-binding proteins,curated_class_level,2,matched configured target marker
562.65714,cefotaxime,present,True,product:d-alanyl-d-alanine carboxypeptidase; product:penicillin-binding protein,penicillin-binding proteins,curated_class_level,2,matched configured target marker
562.65714,chloramphenicol,present,True,product:23s rrna; product:large subunit ribosomal rna; product:lsu rrna,"50S ribosomal subunit, 23S rRNA peptidyl-transferase center",curated_class_level,2,matched configured target marker
562.65714,gentamicin,present,True,product:16s rrna; product:ribosomal protein s12; product:small subunit ribosomal rna; product:ssu rrna,"30S ribosomal subunit, 16S rRNA A-site",curated_class_level,1,matched configured target marker
562.65714,ampicillin,present,True,product:d-alanyl-d-alanine carboxypeptidase; product:penicillin-binding protein,penicillin-binding proteins,curated_class_level,2,matched configured target marker
562.65714,amoxicillin,present,True,product:d-alanyl-d-alanine carboxypeptidase; product:penicillin-binding protein,penicillin-binding proteins,curated_class_level,2,matched configured target marker
562.65714,ceftazidime,present,True,product:d-alanyl-d-alanine carboxypeptidase; product:penicillin-binding protein,penicillin-binding proteins,curated_class_level,2,matched configured target marker
562.65715,cefotaxime,present,True,product:d-alanyl-d-alanine carboxypeptidase; product:penicillin-binding protein,penicillin-binding proteins,curated_class_level,2,matched configured target marker
562.65715,chloramphenicol,present,True,product:23s rrna; product:large subunit ribosomal rna; product:lsu rrna,"50S ribosomal subunit, 23S rRNA peptidyl-transferase center",curated_class_level,2,matched configured target marker
562.65715,gentamicin,present,True,product:16s rrna; product:ribosomal protein s12; product:small subunit ribosomal rna; product:ssu rrna,"30S ribosomal subunit, 16S rRNA A-site",curated_class_level,1,matched configured target marker
562.65715,ampicillin,present,True,product:d-alanyl-d-alanine carboxypeptidase; product:penicillin-binding protein,penicillin-binding proteins,curated_class_level,2,matched configured target marker
562.65715,amoxicillin,present,True,product:d-alanyl-d-alanine carboxypeptidase; product:penicillin-binding protein,penicillin-binding proteins,curated_class_level,2,matched configured target marker
562.65715,ceftazidime,present,True,product:d-alanyl-d-alanine carboxypeptidase; product:penicillin-binding protein,penicillin-binding proteins,curated_class_level,2,matched configured target marker
562.65717,cefotaxime,present,True,product:d-alanyl-d-alanine carboxypeptidase; product:penicillin-binding protein,penicillin-binding proteins,curated_class_level,2,matched configured target marker
562.65717,chloramphenicol,present,True,product:23s rrna; product:large subunit ribosomal rna; product:lsu rrna,"50S ribosomal subunit, 23S rRNA peptidyl-transferase center",curated_class_level,2,matched configured target marker
562.65717,gentamicin,present,True,product:16s rrna; product:ribosomal protein s12; product:small subunit ribosomal rna; product:ssu rrna,"30S ribosomal subunit, 16S rRNA A-site",curated_class_level,1,matched configured target marker
562.65717,ampicillin,present,True,product:d-alanyl-d-alanine carboxypeptidase; product:penicillin-binding protein,penicillin-binding proteins,curated_class_level,2,matched configured target marker
562.65717,amoxicillin,present,True,product:d-alanyl-d-alanine carboxypeptidase; product:penicillin-binding protein,penicillin-binding proteins,curated_class_level,2,matched configured target marker
562.65717,ceftazidime,present,True,product:d-alanyl-d-alanine carboxypeptidase; product:penicillin-binding protein,penicillin-binding proteins,curated_class_level,2,matched configured target marker
562.65718,cefotaxime,present,True,product:d-alanyl-d-alanine carboxypeptidase; product:penicillin-binding protein,penicillin-binding proteins,curated_class_level,2,matched configured target marker
562.65718,chloramphenicol,present,True,product:23s rrna; product:large subunit ribosomal rna; product:lsu rrna,"50S ribosomal subunit, 23S rRNA peptidyl-transferase center",curated_class_level,2,matched configured target marker
562.65718,gentamicin,present,True,product:16s rrna; product:ribosomal protein s12; product:small subunit ribosomal rna; product:ssu rrna,"30S ribosomal subunit, 16S rRNA A-site",curated_class_level,1,matched configured target marker
562.65718,ampicillin,present,True,product:d-alanyl-d-alanine carboxypeptidase; product:penicillin-binding protein,penicillin-binding proteins,curated_class_level,2,matched configured target marker
562.65718,amoxicillin,present,True,product:d-alanyl-d-alanine carboxypeptidase; product:penicillin-binding protein,penicillin-binding proteins,curated_class_level,2,matched configured target marker
562.65718,ceftazidime,present,True,product:d-alanyl-d-alanine carboxypeptidase; product:penicillin-binding protein,penicillin-binding proteins,curated_class_level,2,matched configured target marker
562.65719,cefotaxime,present,True,product:d-alanyl-d-alanine carboxypeptidase; product:penicillin-binding protein,penicillin-binding proteins,curated_class_level,2,matched configured target marker
562.65719,chloramphenicol,present,True,product:23s rrna; product:large subunit ribosomal rna; product:lsu rrna,"50S ribosomal subunit, 23S rRNA peptidyl-transferase center",curated_class_level,2,matched configured target marker
562.65719,gentamicin,present,True,product:16s rrna; product:ribosomal protein s12; product:small subunit ribosomal rna; product:ssu rrna,"30S ribosomal subunit, 16S rRNA A-site",curated_class_level,1,matched configured target marker
562.65719,ampicillin,present,True,product:d-alanyl-d-alanine carboxypeptidase; product:penicillin-binding protein,penicillin-binding proteins,curated_class_level,2,matched configured target marker
562.65719,amoxicillin,present,True,product:d-alanyl-d-alanine carboxypeptidase; product:penicillin-binding protein,penicillin-binding proteins,curated_class_level,2,matched configured target marker
562.65719,ceftazidime,present,True,product:d-alanyl-d-alanine carboxypeptidase; product:penicillin-binding protein,penicillin-binding proteins,curated_class_level,2,matched configured target marker
562.65721,cefotaxime,present,True,product:d-alanyl-d-alanine carboxypeptidase; product:penicillin-binding protein,penicillin-binding proteins,curated_class_level,2,matched configured target marker
562.65721,chloramphenicol,present,True,product:23s rrna; product:large subunit ribosomal rna; product:lsu rrna,"50S ribosomal subunit, 23S rRNA peptidyl-transferase center",curated_class_level,2,matched configured target marker
562.65721,gentamicin,present,True,product:16s rrna; product:ribosomal protein s12; product:small subunit ribosomal rna; product:ssu rrna,"30S ribosomal subunit, 16S rRNA A-site",curated_class_level,1,matched configured target marker
562.65721,ampicillin,present,True,product:d-alanyl-d-alanine carboxypeptidase; product:penicillin-binding protein,penicillin-binding proteins,curated_class_level,2,matched configured target marker
562.65721,amoxicillin,present,True,product:d-alanyl-d-alanine carboxypeptidase; product:penicillin-binding protein,penicillin-binding proteins,curated_class_level,2,matched configured target marker
562.65721,ceftazidime,present,True,product:d-alanyl-d-alanine carboxypeptidase; product:penicillin-binding protein,penicillin-binding proteins,curated_class_level,2,matched configured target marker
562.65724,cefotaxime,present,True,product:d-alanyl-d-alanine carboxypeptidase; product:penicillin-binding protein,penicillin-binding proteins,curated_class_level,2,matched configured target marker
562.65724,chloramphenicol,present,True,product:23s rrna; product:large subunit ribosomal rna; product:lsu rrna,"50S ribosomal subunit, 23S rRNA peptidyl-transferase center",curated_class_level,2,matched configured target marker
562.65724,gentamicin,present,True,product:16s rrna; product:ribosomal protein s12; product:small subunit ribosomal rna; product:ssu rrna,"30S ribosomal subunit, 16S rRNA A-site",curated_class_level,1,matched configured target marker
562.65724,ampicillin,present,True,product:d-alanyl-d-alanine carboxypeptidase; product:penicillin-binding protein,penicillin-binding proteins,curated_class_level,2,matched configured target marker
562.65724,amoxicillin,present,True,product:d-alanyl-d-alanine carboxypeptidase; product:penicillin-binding protein,penicillin-binding proteins,curated_class_level,2,matched configured target marker
562.65724,ceftazidime,present,True,product:d-alanyl-d-alanine carboxypeptidase; product:penicillin-binding protein,penicillin-binding proteins,curated_class_level,2,matched configured target marker
562.65727,cefotaxime,present,True,product:d-alanyl-d-alanine carboxypeptidase; product:penicillin-binding protein,penicillin-binding proteins,curated_class_level,2,matched configured target marker
562.65727,chloramphenicol,present,True,product:23s rrna; product:large subunit ribosomal rna; product:lsu rrna,"50S ribosomal subunit, 23S rRNA peptidyl-transferase center",curated_class_level,2,matched configured target marker
562.65727,gentamicin,present,True,product:16s rrna; product:ribosomal protein s12; product:small subunit ribosomal rna; product:ssu rrna,"30S ribosomal subunit, 16S rRNA A-site",curated_class_level,1,matched configured target marker
562.65727,ampicillin,present,True,product:d-alanyl-d-alanine carboxypeptidase; product:penicillin-binding protein,penicillin-binding proteins,curated_class_level,2,matched configured target marker
562.65727,amoxicillin,present,True,product:d-alanyl-d-alanine carboxypeptidase; product:penicillin-binding protein,penicillin-binding proteins,curated_class_level,2,matched configured target marker
562.65727,ceftazidime,present,True,product:d-alanyl-d-alanine carboxypeptidase; product:penicillin-binding protein,penicillin-binding proteins,curated_class_level,2,matched configured target marker
562.65728,cefotaxime,present,True,product:d-alanyl-d-alanine carboxypeptidase; product:penicillin-binding protein,penicillin-binding proteins,curated_class_level,2,matched configured target marker
562.65728,chloramphenicol,present,True,product:23s rrna; product:large subunit ribosomal rna; product:lsu rrna,"50S ribosomal subunit, 23S rRNA peptidyl-transferase center",curated_class_level,2,matched configured target marker
562.65728,gentamicin,present,True,product:16s rrna; product:ribosomal protein s12; product:small subunit ribosomal rna; product:ssu rrna,"30S ribosomal subunit, 16S rRNA A-site",curated_class_level,1,matched configured target marker
562.65728,ampicillin,present,True,product:d-alanyl-d-alanine carboxypeptidase; product:penicillin-binding protein,penicillin-binding proteins,curated_class_level,2,matched configured target marker
562.65728,amoxicillin,present,True,product:d-alanyl-d-alanine carboxypeptidase; product:penicillin-binding protein,penicillin-binding proteins,curated_class_level,2,matched configured target marker
562.65728,ceftazidime,present,True,product:d-alanyl-d-alanine carboxypeptidase; product:penicillin-binding protein,penicillin-binding proteins,curated_class_level,2,matched configured target marker
562.65729,cefotaxime,present,True,product:d-alanyl-d-alanine carboxypeptidase; product:penicillin-binding protein,penicillin-binding proteins,curated_class_level,2,matched configured target marker
562.65729,chloramphenicol,present,True,product:23s rrna; product:large subunit ribosomal rna; product:lsu rrna,"50S ribosomal subunit, 23S rRNA peptidyl-transferase center",curated_class_level,2,matched configured target marker
562.65729,gentamicin,present,True,product:16s rrna; product:ribosomal protein s12; product:small subunit ribosomal rna; product:ssu rrna,"30S ribosomal subunit, 16S rRNA A-site",curated_class_level,1,matched configured target marker
562.65729,ampicillin,present,True,product:d-alanyl-d-alanine carboxypeptidase; product:penicillin-binding protein,penicillin-binding proteins,curated_class_level,2,matched configured target marker
562.65729,amoxicillin,present,True,product:d-alanyl-d-alanine carboxypeptidase; product:penicillin-binding protein,penicillin-binding proteins,curated_class_level,2,matched configured target marker
562.65729,ceftazidime,present,True,product:d-alanyl-d-alanine carboxypeptidase; product:penicillin-binding protein,penicillin-binding proteins,curated_class_level,2,matched configured target marker
562.65731,cefotaxime,present,True,product:d-alanyl-d-alanine carboxypeptidase; product:penicillin-binding protein,penicillin-binding proteins,curated_class_level,2,matched configured target marker
562.65731,chloramphenicol,present,True,product:23s rrna; product:large subunit ribosomal rna; product:lsu rrna,"50S ribosomal subunit, 23S rRNA peptidyl-transferase center",curated_class_level,2,matched configured target marker
562.65731,gentamicin,present,True,product:16s rrna; product:ribosomal protein s12; product:small subunit ribosomal rna; product:ssu rrna,"30S ribosomal subunit, 16S rRNA A-site",curated_class_level,1,matched configured target marker
562.65731,ampicillin,present,True,product:d-alanyl-d-alanine carboxypeptidase; product:penicillin-binding protein,penicillin-binding proteins,curated_class_level,2,matched configured target marker
562.65731,amoxicillin,present,True,product:d-alanyl-d-alanine carboxypeptidase; product:penicillin-binding protein,penicillin-binding proteins,curated_class_level,2,matched configured target marker
562.65731,ceftazidime,present,True,product:d-alanyl-d-alanine carboxypeptidase; product:penicillin-binding protein,penicillin-binding proteins,curated_class_level,2,matched configured target marker
562.65732,cefotaxime,present,True,product:d-alanyl-d-alanine carboxypeptidase; product:penicillin-binding protein,penicillin-binding proteins,curated_class_level,2,matched configured target marker
562.65732,chloramphenicol,present,True,product:23s rrna; product:large subunit ribosomal rna; product:lsu rrna,"50S ribosomal subunit, 23S rRNA peptidyl-transferase center",curated_class_level,2,matched configured target marker
562.65732,gentamicin,present,True,product:16s rrna; product:ribosomal protein s12; product:small subunit ribosomal rna; product:ssu rrna,"30S ribosomal subunit, 16S rRNA A-site",curated_class_level,1,matched configured target marker
562.65732,ampicillin,present,True,product:d-alanyl-d-alanine carboxypeptidase; product:penicillin-binding protein,penicillin-binding proteins,curated_class_level,2,matched configured target marker
562.65732,amoxicillin,present,True,product:d-alanyl-d-alanine carboxypeptidase; product:penicillin-binding protein,penicillin-binding proteins,curated_class_level,2,matched configured target marker
562.65732,ceftazidime,present,True,product:d-alanyl-d-alanine carboxypeptidase; product:penicillin-binding protein,penicillin-binding proteins,curated_class_level,2,matched configured target marker
562.65734,cefotaxime,present,True,product:d-alanyl-d-alanine carboxypeptidase; product:penicillin-binding protein,penicillin-binding proteins,curated_class_level,2,matched configured target marker
562.65734,chloramphenicol,present,True,product:23s rrna; product:large subunit ribosomal rna; product:lsu rrna,"50S ribosomal subunit, 23S rRNA peptidyl-transferase center",curated_class_level,2,matched configured target marker
562.65734,gentamicin,present,True,product:16s rrna; product:ribosomal protein s12; product:small subunit ribosomal rna; product:ssu rrna,"30S ribosomal subunit, 16S rRNA A-site",curated_class_level,1,matched configured target marker
562.65734,ampicillin,present,True,product:d-alanyl-d-alanine carboxypeptidase; product:penicillin-binding protein,penicillin-binding proteins,curated_class_level,2,matched configured target marker
562.65734,amoxicillin,present,True,product:d-alanyl-d-alanine carboxypeptidase; product:penicillin-binding protein,penicillin-binding proteins,curated_class_level,2,matched configured target marker
562.65734,ceftazidime,present,True,product:d-alanyl-d-alanine carboxypeptidase; product:penicillin-binding protein,penicillin-binding proteins,curated_class_level,2,matched configured target marker
562.65737,cefotaxime,present,True,product:d-alanyl-d-alanine carboxypeptidase; product:penicillin-binding protein,penicillin-binding proteins,curated_class_level,2,matched configured target marker
562.65737,chloramphenicol,present,True,product:23s rrna; product:large subunit ribosomal rna; product:lsu rrna,"50S ribosomal subunit, 23S rRNA peptidyl-transferase center",curated_class_level,2,matched configured target marker
562.65737,gentamicin,present,True,product:16s rrna; product:ribosomal protein s12; product:small subunit ribosomal rna; product:ssu rrna,"30S ribosomal subunit, 16S rRNA A-site",curated_class_level,1,matched configured target marker
562.65737,ampicillin,present,True,product:d-alanyl-d-alanine carboxypeptidase; product:penicillin-binding protein,penicillin-binding proteins,curated_class_level,2,matched configured target marker
562.65737,amoxicillin,present,True,product:d-alanyl-d-alanine carboxypeptidase; product:penicillin-binding protein,penicillin-binding proteins,curated_class_level,2,matched configured target marker
562.65737,ceftazidime,present,True,product:d-alanyl-d-alanine carboxypeptidase; product:penicillin-binding protein,penicillin-binding proteins,curated_class_level,2,matched configured target marker
562.65743,cefotaxime,present,True,product:d-alanyl-d-alanine carboxypeptidase; product:penicillin-binding protein,penicillin-binding proteins,curated_class_level,2,matched configured target marker
562.65743,chloramphenicol,present,True,product:23s rrna; product:large subunit ribosomal rna; product:lsu rrna,"50S ribosomal subunit, 23S rRNA peptidyl-transferase center",curated_class_level,2,matched configured target marker
562.65743,gentamicin,present,True,product:16s rrna; product:ribosomal protein s12; product:small subunit ribosomal rna; product:ssu rrna,"30S ribosomal subunit, 16S rRNA A-site",curated_class_level,1,matched configured target marker
562.65743,ampicillin,present,True,product:d-alanyl-d-alanine carboxypeptidase; product:penicillin-binding protein,penicillin-binding proteins,curated_class_level,2,matched configured target marker
562.65743,amoxicillin,present,True,product:d-alanyl-d-alanine carboxypeptidase; product:penicillin-binding protein,penicillin-binding proteins,curated_class_level,2,matched configured target marker
562.65743,ceftazidime,present,True,product:d-alanyl-d-alanine carboxypeptidase; product:penicillin-binding protein,penicillin-binding proteins,curated_class_level,2,matched configured target marker
562.65745,cefotaxime,present,True,product:d-alanyl-d-alanine carboxypeptidase; product:penicillin-binding protein,penicillin-binding proteins,curated_class_level,2,matched configured target marker
562.65745,chloramphenicol,present,True,product:23s rrna; product:large subunit ribosomal rna; product:lsu rrna,"50S ribosomal subunit, 23S rRNA peptidyl-transferase center",curated_class_level,2,matched configured target marker
562.65745,gentamicin,present,True,product:16s rrna; product:ribosomal protein s12; product:small subunit ribosomal rna; product:ssu rrna,"30S ribosomal subunit, 16S rRNA A-site",curated_class_level,1,matched configured target marker
562.65745,ampicillin,present,True,product:d-alanyl-d-alanine carboxypeptidase; product:penicillin-binding protein,penicillin-binding proteins,curated_class_level,2,matched configured target marker
562.65745,amoxicillin,present,True,product:d-alanyl-d-alanine carboxypeptidase; product:penicillin-binding protein,penicillin-binding proteins,curated_class_level,2,matched configured target marker
562.65745,ceftazidime,present,True,product:d-alanyl-d-alanine carboxypeptidase; product:penicillin-binding protein,penicillin-binding proteins,curated_class_level,2,matched configured target marker
562.65748,cefotaxime,present,True,product:d-alanyl-d-alanine carboxypeptidase; product:penicillin-binding protein,penicillin-binding proteins,curated_class_level,2,matched configured target marker
562.65748,chloramphenicol,present,True,product:23s rrna; product:large subunit ribosomal rna; product:lsu rrna,"50S ribosomal subunit, 23S rRNA peptidyl-transferase center",curated_class_level,2,matched configured target marker
562.65748,gentamicin,present,True,product:16s rrna; product:ribosomal protein s12; product:small subunit ribosomal rna; product:ssu rrna,"30S ribosomal subunit, 16S rRNA A-site",curated_class_level,1,matched configured target marker
562.65748,ampicillin,present,True,product:d-alanyl-d-alanine carboxypeptidase; product:penicillin-binding protein,penicillin-binding proteins,curated_class_level,2,matched configured target marker
562.65748,amoxicillin,present,True,product:d-alanyl-d-alanine carboxypeptidase; product:penicillin-binding protein,penicillin-binding proteins,curated_class_level,2,matched configured target marker
562.65748,ceftazidime,present,True,product:d-alanyl-d-alanine carboxypeptidase; product:penicillin-binding protein,penicillin-binding proteins,curated_class_level,2,matched configured target marker
562.65751,cefotaxime,present,True,product:d-alanyl-d-alanine carboxypeptidase; product:penicillin-binding protein,penicillin-binding proteins,curated_class_level,2,matched configured target marker
562.65751,chloramphenicol,present,True,product:23s rrna; product:large subunit ribosomal rna; product:lsu rrna,"50S ribosomal subunit, 23S rRNA peptidyl-transferase center",curated_class_level,2,matched configured target marker
562.65751,gentamicin,present,True,product:16s rrna; product:ribosomal protein s12; product:small subunit ribosomal rna; product:ssu rrna,"30S ribosomal subunit, 16S rRNA A-site",curated_class_level,1,matched configured target marker
562.65751,ampicillin,present,True,product:d-alanyl-d-alanine carboxypeptidase; product:penicillin-binding protein,penicillin-binding proteins,curated_class_level,2,matched configured target marker
562.65751,amoxicillin,present,True,product:d-alanyl-d-alanine carboxypeptidase; product:penicillin-binding protein,penicillin-binding proteins,curated_class_level,2,matched configured target marker
562.65751,ceftazidime,present,True,product:d-alanyl-d-alanine carboxypeptidase; product:penicillin-binding protein,penicillin-binding proteins,curated_class_level,2,matched configured target marker
562.65754,cefotaxime,present,True,product:d-alanyl-d-alanine carboxypeptidase; product:penicillin-binding protein,penicillin-binding proteins,curated_class_level,2,matched configured target marker
562.65754,chloramphenicol,present,True,product:23s rrna; product:large subunit ribosomal rna; product:lsu rrna,"50S ribosomal subunit, 23S rRNA peptidyl-transferase center",curated_class_level,2,matched configured target marker
562.65754,gentamicin,present,True,product:16s rrna; product:ribosomal protein s12; product:small subunit ribosomal rna; product:ssu rrna,"30S ribosomal subunit, 16S rRNA A-site",curated_class_level,1,matched configured target marker
562.65754,ampicillin,present,True,product:d-alanyl-d-alanine carboxypeptidase; product:penicillin-binding protein,penicillin-binding proteins,curated_class_level,2,matched configured target marker
562.65754,amoxicillin,present,True,product:d-alanyl-d-alanine carboxypeptidase; product:penicillin-binding protein,penicillin-binding proteins,curated_class_level,2,matched configured target marker
562.65754,ceftazidime,present,True,product:d-alanyl-d-alanine carboxypeptidase; product:penicillin-binding protein,penicillin-binding proteins,curated_class_level,2,matched configured target marker
562.65757,cefotaxime,present,True,product:d-alanyl-d-alanine carboxypeptidase; product:penicillin-binding protein,penicillin-binding proteins,curated_class_level,2,matched configured target marker
562.65757,chloramphenicol,present,True,product:23s rrna; product:large subunit ribosomal rna; product:lsu rrna,"50S ribosomal subunit, 23S rRNA peptidyl-transferase center",curated_class_level,2,matched configured target marker
562.65757,gentamicin,present,True,product:16s rrna; product:ribosomal protein s12; product:small subunit ribosomal rna; product:ssu rrna,"30S ribosomal subunit, 16S rRNA A-site",curated_class_level,1,matched configured target marker
562.65757,ampicillin,present,True,product:d-alanyl-d-alanine carboxypeptidase; product:penicillin-binding protein,penicillin-binding proteins,curated_class_level,2,matched configured target marker
562.65757,amoxicillin,present,True,product:d-alanyl-d-alanine carboxypeptidase; product:penicillin-binding protein,penicillin-binding proteins,curated_class_level,2,matched configured target marker
562.65757,ceftazidime,present,True,product:d-alanyl-d-alanine carboxypeptidase; product:penicillin-binding protein,penicillin-binding proteins,curated_class_level,2,matched configured target marker
562.65761,cefotaxime,present,True,product:d-alanyl-d-alanine carboxypeptidase; product:penicillin-binding protein,penicillin-binding proteins,curated_class_level,2,matched configured target marker
562.65761,chloramphenicol,present,True,product:23s rrna; product:large subunit ribosomal rna; product:lsu rrna,"50S ribosomal subunit, 23S rRNA peptidyl-transferase center",curated_class_level,2,matched configured target marker
562.65761,gentamicin,present,True,product:16s rrna; product:ribosomal protein s12; product:small subunit ribosomal rna; product:ssu rrna,"30S ribosomal subunit, 16S rRNA A-site",curated_class_level,1,matched configured target marker
562.65761,ampicillin,present,True,product:d-alanyl-d-alanine carboxypeptidase; product:penicillin-binding protein,penicillin-binding proteins,curated_class_level,2,matched configured target marker
562.65761,amoxicillin,present,True,product:d-alanyl-d-alanine carboxypeptidase; product:penicillin-binding protein,penicillin-binding proteins,curated_class_level,2,matched configured target marker
562.65761,ceftazidime,present,True,product:d-alanyl-d-alanine carboxypeptidase; product:penicillin-binding protein,penicillin-binding proteins,curated_class_level,2,matched configured target marker
562.65764,cefotaxime,present,True,product:d-alanyl-d-alanine carboxypeptidase; product:penicillin-binding protein,penicillin-binding proteins,curated_class_level,2,matched configured target marker
562.65764,chloramphenicol,present,True,product:23s rrna; product:large subunit ribosomal rna; product:lsu rrna,"50S ribosomal subunit, 23S rRNA peptidyl-transferase center",curated_class_level,2,matched configured target marker
562.65764,gentamicin,present,True,product:16s rrna; product:ribosomal protein s12; product:small subunit ribosomal rna; product:ssu rrna,"30S ribosomal subunit, 16S rRNA A-site",curated_class_level,1,matched configured target marker
562.65764,ampicillin,present,True,product:d-alanyl-d-alanine carboxypeptidase; product:penicillin-binding protein,penicillin-binding proteins,curated_class_level,2,matched configured target marker
562.65764,amoxicillin,present,True,product:d-alanyl-d-alanine carboxypeptidase; product:penicillin-binding protein,penicillin-binding proteins,curated_class_level,2,matched configured target marker
562.65764,ceftazidime,present,True,product:d-alanyl-d-alanine carboxypeptidase; product:penicillin-binding protein,penicillin-binding proteins,curated_class_level,2,matched configured target marker
562.65384,cefotaxime,present,True,product:d-alanyl-d-alanine carboxypeptidase; product:penicillin-binding protein,penicillin-binding proteins,curated_class_level,2,matched configured target marker
562.65384,chloramphenicol,present,True,product:23s rrna; product:large subunit ribosomal rna; product:lsu rrna,"50S ribosomal subunit, 23S rRNA peptidyl-transferase center",curated_class_level,2,matched configured target marker
562.65384,gentamicin,present,True,product:16s rrna; product:ribosomal protein s12; product:small subunit ribosomal rna; product:ssu rrna,"30S ribosomal subunit, 16S rRNA A-site",curated_class_level,1,matched configured target marker
562.65384,ampicillin,present,True,product:d-alanyl-d-alanine carboxypeptidase; product:penicillin-binding protein,penicillin-binding proteins,curated_class_level,2,matched configured target marker
562.65384,amoxicillin,present,True,product:d-alanyl-d-alanine carboxypeptidase; product:penicillin-binding protein,penicillin-binding proteins,curated_class_level,2,matched configured target marker
562.65384,ceftazidime,present,True,product:d-alanyl-d-alanine carboxypeptidase; product:penicillin-binding protein,penicillin-binding proteins,curated_class_level,2,matched configured target marker
562.65385,cefotaxime,present,True,product:d-alanyl-d-alanine carboxypeptidase; product:penicillin-binding protein,penicillin-binding proteins,curated_class_level,2,matched configured target marker
562.65385,chloramphenicol,present,True,product:23s rrna; product:large subunit ribosomal rna; product:lsu rrna,"50S ribosomal subunit, 23S rRNA peptidyl-transferase center",curated_class_level,2,matched configured target marker
562.65385,gentamicin,present,True,product:16s rrna; product:ribosomal protein s12; product:small subunit ribosomal rna; product:ssu rrna,"30S ribosomal subunit, 16S rRNA A-site",curated_class_level,1,matched configured target marker
562.65385,ampicillin,present,True,product:d-alanyl-d-alanine carboxypeptidase; product:penicillin-binding protein,penicillin-binding proteins,curated_class_level,2,matched configured target marker
562.65385,amoxicillin,present,True,product:d-alanyl-d-alanine carboxypeptidase; product:penicillin-binding protein,penicillin-binding proteins,curated_class_level,2,matched configured target marker
562.65385,ceftazidime,present,True,product:d-alanyl-d-alanine carboxypeptidase; product:penicillin-binding protein,penicillin-binding proteins,curated_class_level,2,matched configured target marker
562.65386,cefotaxime,present,True,product:d-alanyl-d-alanine carboxypeptidase; product:penicillin-binding protein,penicillin-binding proteins,curated_class_level,2,matched configured target marker
562.65386,chloramphenicol,present,True,product:23s rrna; product:large subunit ribosomal rna; product:lsu rrna,"50S ribosomal subunit, 23S rRNA peptidyl-transferase center",curated_class_level,2,matched configured target marker
562.65386,gentamicin,present,True,product:16s rrna; product:ribosomal protein s12; product:small subunit ribosomal rna; product:ssu rrna,"30S ribosomal subunit, 16S rRNA A-site",curated_class_level,1,matched configured target marker
562.65386,ampicillin,present,True,product:d-alanyl-d-alanine carboxypeptidase; product:penicillin-binding protein,penicillin-binding proteins,curated_class_level,2,matched configured target marker
562.65386,amoxicillin,present,True,product:d-alanyl-d-alanine carboxypeptidase; product:penicillin-binding protein,penicillin-binding proteins,curated_class_level,2,matched configured target marker
562.65386,ceftazidime,present,True,product:d-alanyl-d-alanine carboxypeptidase; product:penicillin-binding protein,penicillin-binding proteins,curated_class_level,2,matched configured target marker
562.65387,cefotaxime,present,True,product:d-alanyl-d-alanine carboxypeptidase; product:penicillin-binding protein,penicillin-binding proteins,curated_class_level,2,matched configured target marker
562.65387,chloramphenicol,present,True,product:23s rrna; product:large subunit ribosomal rna; product:lsu rrna,"50S ribosomal subunit, 23S rRNA peptidyl-transferase center",curated_class_level,2,matched configured target marker
562.65387,gentamicin,present,True,product:16s rrna; product:ribosomal protein s12; product:small subunit ribosomal rna; product:ssu rrna,"30S ribosomal subunit, 16S rRNA A-site",curated_class_level,1,matched configured target marker
562.65387,ampicillin,present,True,product:d-alanyl-d-alanine carboxypeptidase; product:penicillin-binding protein,penicillin-binding proteins,curated_class_level,2,matched configured target marker
562.65387,amoxicillin,present,True,product:d-alanyl-d-alanine carboxypeptidase; product:penicillin-binding protein,penicillin-binding proteins,curated_class_level,2,matched configured target marker
562.65387,ceftazidime,present,True,product:d-alanyl-d-alanine carboxypeptidase; product:penicillin-binding protein,penicillin-binding proteins,curated_class_level,2,matched configured target marker
562.65388,cefotaxime,present,True,product:d-alanyl-d-alanine carboxypeptidase; product:penicillin-binding protein,penicillin-binding proteins,curated_class_level,2,matched configured target marker
562.65388,chloramphenicol,present,True,product:23s rrna; product:large subunit ribosomal rna; product:lsu rrna,"50S ribosomal subunit, 23S rRNA peptidyl-transferase center",curated_class_level,2,matched configured target marker
562.65388,gentamicin,present,True,product:16s rrna; product:ribosomal protein s12; product:small subunit ribosomal rna; product:ssu rrna,"30S ribosomal subunit, 16S rRNA A-site",curated_class_level,1,matched configured target marker
562.65388,ampicillin,present,True,product:d-alanyl-d-alanine carboxypeptidase; product:penicillin-binding protein,penicillin-binding proteins,curated_class_level,2,matched configured target marker
562.65388,amoxicillin,present,True,product:d-alanyl-d-alanine carboxypeptidase; product:penicillin-binding protein,penicillin-binding proteins,curated_class_level,2,matched configured target marker
562.65388,ceftazidime,present,True,product:d-alanyl-d-alanine carboxypeptidase; product:penicillin-binding protein,penicillin-binding proteins,curated_class_level,2,matched configured target marker
562.65391,cefotaxime,present,True,product:d-alanyl-d-alanine carboxypeptidase; product:penicillin-binding protein,penicillin-binding proteins,curated_class_level,2,matched configured target marker
562.65391,chloramphenicol,present,True,product:23s rrna; product:large subunit ribosomal rna; product:lsu rrna,"50S ribosomal subunit, 23S rRNA peptidyl-transferase center",curated_class_level,2,matched configured target marker
562.65391,gentamicin,present,True,product:16s rrna; product:ribosomal protein s12; product:small subunit ribosomal rna; product:ssu rrna,"30S ribosomal subunit, 16S rRNA A-site",curated_class_level,1,matched configured target marker
562.65391,ampicillin,present,True,product:d-alanyl-d-alanine carboxypeptidase; product:penicillin-binding protein,penicillin-binding proteins,curated_class_level,2,matched configured target marker
562.65391,amoxicillin,present,True,product:d-alanyl-d-alanine carboxypeptidase; product:penicillin-binding protein,penicillin-binding proteins,curated_class_level,2,matched configured target marker
562.65391,ceftazidime,present,True,product:d-alanyl-d-alanine carboxypeptidase; product:penicillin-binding protein,penicillin-binding proteins,curated_class_level,2,matched configured target marker
562.65393,cefotaxime,present,True,product:d-alanyl-d-alanine carboxypeptidase; product:penicillin-binding protein,penicillin-binding proteins,curated_class_level,2,matched configured target marker
562.65393,chloramphenicol,present,True,product:23s rrna; product:large subunit ribosomal rna; product:lsu rrna,"50S ribosomal subunit, 23S rRNA peptidyl-transferase center",curated_class_level,2,matched configured target marker
562.65393,gentamicin,present,True,product:16s rrna; product:ribosomal protein s12; product:small subunit ribosomal rna; product:ssu rrna,"30S ribosomal subunit, 16S rRNA A-site",curated_class_level,1,matched configured target marker
562.65393,ampicillin,present,True,product:d-alanyl-d-alanine carboxypeptidase; product:penicillin-binding protein,penicillin-binding proteins,curated_class_level,2,matched configured target marker
562.65393,amoxicillin,present,True,product:d-alanyl-d-alanine carboxypeptidase; product:penicillin-binding protein,penicillin-binding proteins,curated_class_level,2,matched configured target marker
562.65393,ceftazidime,present,True,product:d-alanyl-d-alanine carboxypeptidase; product:penicillin-binding protein,penicillin-binding proteins,curated_class_level,2,matched configured target marker
562.65395,cefotaxime,present,True,product:d-alanyl-d-alanine carboxypeptidase; product:penicillin-binding protein,penicillin-binding proteins,curated_class_level,2,matched configured target marker
562.65395,chloramphenicol,present,True,product:23s rrna; product:large subunit ribosomal rna; product:lsu rrna,"50S ribosomal subunit, 23S rRNA peptidyl-transferase center",curated_class_level,2,matched configured target marker
562.65395,gentamicin,present,True,product:16s rrna; product:ribosomal protein s12; product:small subunit ribosomal rna; product:ssu rrna,"30S ribosomal subunit, 16S rRNA A-site",curated_class_level,1,matched configured target marker
562.65395,ampicillin,present,True,product:d-alanyl-d-alanine carboxypeptidase; product:penicillin-binding protein,penicillin-binding proteins,curated_class_level,2,matched configured target marker
562.65395,amoxicillin,present,True,product:d-alanyl-d-alanine carboxypeptidase; product:penicillin-binding protein,penicillin-binding proteins,curated_class_level,2,matched configured target marker
562.65395,ceftazidime,present,True,product:d-alanyl-d-alanine carboxypeptidase; product:penicillin-binding protein,penicillin-binding proteins,curated_class_level,2,matched configured target marker
562.65399,cefotaxime,present,True,product:d-alanyl-d-alanine carboxypeptidase; product:penicillin-binding protein,penicillin-binding proteins,curated_class_level,2,matched configured target marker
562.65399,chloramphenicol,present,True,product:23s rrna; product:large subunit ribosomal rna; product:lsu rrna,"50S ribosomal subunit, 23S rRNA peptidyl-transferase center",curated_class_level,2,matched configured target marker
562.65399,gentamicin,present,True,product:16s rrna; product:ribosomal protein s12; product:small subunit ribosomal rna; product:ssu rrna,"30S ribosomal subunit, 16S rRNA A-site",curated_class_level,1,matched configured target marker
562.65399,ampicillin,present,True,product:d-alanyl-d-alanine carboxypeptidase; product:penicillin-binding protein,penicillin-binding proteins,curated_class_level,2,matched configured target marker
562.65399,amoxicillin,present,True,product:d-alanyl-d-alanine carboxypeptidase; product:penicillin-binding protein,penicillin-binding proteins,curated_class_level,2,matched configured target marker
562.65399,ceftazidime,present,True,product:d-alanyl-d-alanine carboxypeptidase; product:penicillin-binding protein,penicillin-binding proteins,curated_class_level,2,matched configured target marker
562.65402,cefotaxime,present,True,product:d-alanyl-d-alanine carboxypeptidase; product:penicillin-binding protein,penicillin-binding proteins,curated_class_level,2,matched configured target marker
562.65402,chloramphenicol,present,True,product:23s rrna; product:large subunit ribosomal rna; product:lsu rrna,"50S ribosomal subunit, 23S rRNA peptidyl-transferase center",curated_class_level,2,matched configured target marker
562.65402,gentamicin,present,True,product:16s rrna; product:ribosomal protein s12; product:small subunit ribosomal rna; product:ssu rrna,"30S ribosomal subunit, 16S rRNA A-site",curated_class_level,1,matched configured target marker
562.65402,ampicillin,present,True,product:d-alanyl-d-alanine carboxypeptidase; product:penicillin-binding protein,penicillin-binding proteins,curated_class_level,2,matched configured target marker
562.65402,amoxicillin,present,True,product:d-alanyl-d-alanine carboxypeptidase; product:penicillin-binding protein,penicillin-binding proteins,curated_class_level,2,matched configured target marker
562.65402,ceftazidime,present,True,product:d-alanyl-d-alanine carboxypeptidase; product:penicillin-binding protein,penicillin-binding proteins,curated_class_level,2,matched configured target marker
562.65403,cefotaxime,present,True,product:d-alanyl-d-alanine carboxypeptidase; product:penicillin-binding protein,penicillin-binding proteins,curated_class_level,2,matched configured target marker
562.65403,chloramphenicol,present,True,product:23s rrna; product:large subunit ribosomal rna; product:lsu rrna,"50S ribosomal subunit, 23S rRNA peptidyl-transferase center",curated_class_level,2,matched configured target marker
562.65403,gentamicin,present,True,product:16s rrna; product:ribosomal protein s12; product:small subunit ribosomal rna; product:ssu rrna,"30S ribosomal subunit, 16S rRNA A-site",curated_class_level,1,matched configured target marker
562.65403,ampicillin,present,True,product:d-alanyl-d-alanine carboxypeptidase; product:penicillin-binding protein,penicillin-binding proteins,curated_class_level,2,matched configured target marker
562.65403,amoxicillin,present,True,product:d-alanyl-d-alanine carboxypeptidase; product:penicillin-binding protein,penicillin-binding proteins,curated_class_level,2,matched configured target marker
562.65403,ceftazidime,present,True,product:d-alanyl-d-alanine carboxypeptidase; product:penicillin-binding protein,penicillin-binding proteins,curated_class_level,2,matched configured target marker
562.65404,cefotaxime,present,True,product:d-alanyl-d-alanine carboxypeptidase; product:penicillin-binding protein,penicillin-binding proteins,curated_class_level,2,matched configured target marker
562.65404,chloramphenicol,present,True,product:23s rrna; product:large subunit ribosomal rna; product:lsu rrna,"50S ribosomal subunit, 23S rRNA peptidyl-transferase center",curated_class_level,2,matched configured target marker
562.65404,gentamicin,present,True,product:16s rrna; product:ribosomal protein s12; product:small subunit ribosomal rna; product:ssu rrna,"30S ribosomal subunit, 16S rRNA A-site",curated_class_level,1,matched configured target marker
562.65404,ampicillin,present,True,product:d-alanyl-d-alanine carboxypeptidase; product:penicillin-binding protein,penicillin-binding proteins,curated_class_level,2,matched configured target marker
562.65404,amoxicillin,present,True,product:d-alanyl-d-alanine carboxypeptidase; product:penicillin-binding protein,penicillin-binding proteins,curated_class_level,2,matched configured target marker
562.65404,ceftazidime,present,True,product:d-alanyl-d-alanine carboxypeptidase; product:penicillin-binding protein,penicillin-binding proteins,curated_class_level,2,matched configured target marker
562.65405,cefotaxime,present,True,product:d-alanyl-d-alanine carboxypeptidase; product:penicillin-binding protein,penicillin-binding proteins,curated_class_level,2,matched configured target marker
562.65405,chloramphenicol,present,True,product:23s rrna; product:large subunit ribosomal rna; product:lsu rrna,"50S ribosomal subunit, 23S rRNA peptidyl-transferase center",curated_class_level,2,matched configured target marker
562.65405,gentamicin,present,True,product:16s rrna; product:ribosomal protein s12; product:small subunit ribosomal rna; product:ssu rrna,"30S ribosomal subunit, 16S rRNA A-site",curated_class_level,1,matched configured target marker
562.65405,ampicillin,present,True,product:d-alanyl-d-alanine carboxypeptidase; product:penicillin-binding protein,penicillin-binding proteins,curated_class_level,2,matched configured target marker
562.65405,amoxicillin,present,True,product:d-alanyl-d-alanine carboxypeptidase; product:penicillin-binding protein,penicillin-binding proteins,curated_class_level,2,matched configured target marker
562.65405,ceftazidime,present,True,product:d-alanyl-d-alanine carboxypeptidase; product:penicillin-binding protein,penicillin-binding proteins,curated_class_level,2,matched configured target marker
562.65408,cefotaxime,present,True,product:d-alanyl-d-alanine carboxypeptidase; product:penicillin-binding protein,penicillin-binding proteins,curated_class_level,2,matched configured target marker
562.65408,chloramphenicol,present,True,product:23s rrna; product:large subunit ribosomal rna; product:lsu rrna,"50S ribosomal subunit, 23S rRNA peptidyl-transferase center",curated_class_level,2,matched configured target marker
562.65408,gentamicin,present,True,product:16s rrna; product:ribosomal protein s12; product:small subunit ribosomal rna; product:ssu rrna,"30S ribosomal subunit, 16S rRNA A-site",curated_class_level,1,matched configured target marker
562.65408,ampicillin,present,True,product:d-alanyl-d-alanine carboxypeptidase; product:penicillin-binding protein,penicillin-binding proteins,curated_class_level,2,matched configured target marker
562.65408,amoxicillin,present,True,product:d-alanyl-d-alanine carboxypeptidase; product:penicillin-binding protein,penicillin-binding proteins,curated_class_level,2,matched configured target marker
562.65408,ceftazidime,present,True,product:d-alanyl-d-alanine carboxypeptidase; product:penicillin-binding protein,penicillin-binding proteins,curated_class_level,2,matched configured target marker
562.65413,cefotaxime,present,True,product:d-alanyl-d-alanine carboxypeptidase; product:penicillin-binding protein,penicillin-binding proteins,curated_class_level,2,matched configured target marker
562.65413,chloramphenicol,present,True,product:23s rrna; product:large subunit ribosomal rna; product:lsu rrna,"50S ribosomal subunit, 23S rRNA peptidyl-transferase center",curated_class_level,2,matched configured target marker
562.65413,gentamicin,present,True,product:16s rrna; product:ribosomal protein s12; product:small subunit ribosomal rna; product:ssu rrna,"30S ribosomal subunit, 16S rRNA A-site",curated_class_level,1,matched configured target marker
562.65413,ampicillin,present,True,product:d-alanyl-d-alanine carboxypeptidase; product:penicillin-binding protein,penicillin-binding proteins,curated_class_level,2,matched configured target marker
562.65413,amoxicillin,present,True,product:d-alanyl-d-alanine carboxypeptidase; product:penicillin-binding protein,penicillin-binding proteins,curated_class_level,2,matched configured target marker
562.65413,ceftazidime,present,True,product:d-alanyl-d-alanine carboxypeptidase; product:penicillin-binding protein,penicillin-binding proteins,curated_class_level,2,matched configured target marker
562.65414,cefotaxime,present,True,product:d-alanyl-d-alanine carboxypeptidase; product:penicillin-binding protein,penicillin-binding proteins,curated_class_level,2,matched configured target marker
562.65414,chloramphenicol,present,True,product:23s rrna; product:large subunit ribosomal rna; product:lsu rrna,"50S ribosomal subunit, 23S rRNA peptidyl-transferase center",curated_class_level,2,matched configured target marker
562.65414,gentamicin,present,True,product:16s rrna; product:ribosomal protein s12; product:small subunit ribosomal rna; product:ssu rrna,"30S ribosomal subunit, 16S rRNA A-site",curated_class_level,1,matched configured target marker
562.65414,ampicillin,present,True,product:d-alanyl-d-alanine carboxypeptidase; product:penicillin-binding protein,penicillin-binding proteins,curated_class_level,2,matched configured target marker
562.65414,amoxicillin,present,True,product:d-alanyl-d-alanine carboxypeptidase; product:penicillin-binding protein,penicillin-binding proteins,curated_class_level,2,matched configured target marker
562.65414,ceftazidime,present,True,product:d-alanyl-d-alanine carboxypeptidase; product:penicillin-binding protein,penicillin-binding proteins,curated_class_level,2,matched configured target marker
562.65415,cefotaxime,present,True,product:d-alanyl-d-alanine carboxypeptidase; product:penicillin-binding protein,penicillin-binding proteins,curated_class_level,2,matched configured target marker
562.65415,chloramphenicol,present,True,product:23s rrna; product:large subunit ribosomal rna; product:lsu rrna,"50S ribosomal subunit, 23S rRNA peptidyl-transferase center",curated_class_level,2,matched configured target marker
562.65415,gentamicin,present,True,product:16s rrna; product:ribosomal protein s12; product:small subunit ribosomal rna; product:ssu rrna,"30S ribosomal subunit, 16S rRNA A-site",curated_class_level,1,matched configured target marker
562.65415,ampicillin,present,True,product:d-alanyl-d-alanine carboxypeptidase; product:penicillin-binding protein,penicillin-binding proteins,curated_class_level,2,matched configured target marker
562.65415,amoxicillin,present,True,product:d-alanyl-d-alanine carboxypeptidase; product:penicillin-binding protein,penicillin-binding proteins,curated_class_level,2,matched configured target marker
562.65415,ceftazidime,present,True,product:d-alanyl-d-alanine carboxypeptidase; product:penicillin-binding protein,penicillin-binding proteins,curated_class_level,2,matched configured target marker
562.65416,cefotaxime,present,True,product:d-alanyl-d-alanine carboxypeptidase; product:penicillin-binding protein,penicillin-binding proteins,curated_class_level,2,matched configured target marker
562.65416,chloramphenicol,present,True,product:23s rrna; product:large subunit ribosomal rna; product:lsu rrna,"50S ribosomal subunit, 23S rRNA peptidyl-transferase center",curated_class_level,2,matched configured target marker
562.65416,gentamicin,present,True,product:16s rrna; product:ribosomal protein s12; product:small subunit ribosomal rna; product:ssu rrna,"30S ribosomal subunit, 16S rRNA A-site",curated_class_level,1,matched configured target marker
562.65416,ampicillin,present,True,product:d-alanyl-d-alanine carboxypeptidase; product:penicillin-binding protein,penicillin-binding proteins,curated_class_level,2,matched configured target marker
562.65416,amoxicillin,present,True,product:d-alanyl-d-alanine carboxypeptidase; product:penicillin-binding protein,penicillin-binding proteins,curated_class_level,2,matched configured target marker
562.65416,ceftazidime,present,True,product:d-alanyl-d-alanine carboxypeptidase; product:penicillin-binding protein,penicillin-binding proteins,curated_class_level,2,matched configured target marker
562.65419,cefotaxime,present,True,product:d-alanyl-d-alanine carboxypeptidase; product:penicillin-binding protein,penicillin-binding proteins,curated_class_level,2,matched configured target marker
562.65419,chloramphenicol,present,True,product:23s rrna; product:large subunit ribosomal rna; product:lsu rrna,"50S ribosomal subunit, 23S rRNA peptidyl-transferase center",curated_class_level,2,matched configured target marker
562.65419,gentamicin,present,True,product:16s rrna; product:ribosomal protein s12; product:small subunit ribosomal rna; product:ssu rrna,"30S ribosomal subunit, 16S rRNA A-site",curated_class_level,1,matched configured target marker
562.65419,ampicillin,present,True,product:d-alanyl-d-alanine carboxypeptidase; product:penicillin-binding protein,penicillin-binding proteins,curated_class_level,2,matched configured target marker
562.65419,amoxicillin,present,True,product:d-alanyl-d-alanine carboxypeptidase; product:penicillin-binding protein,penicillin-binding proteins,curated_class_level,2,matched configured target marker
562.65419,ceftazidime,present,True,product:d-alanyl-d-alanine carboxypeptidase; product:penicillin-binding protein,penicillin-binding proteins,curated_class_level,2,matched configured target marker
562.65421,cefotaxime,present,True,product:d-alanyl-d-alanine carboxypeptidase; product:penicillin-binding protein,penicillin-binding proteins,curated_class_level,2,matched configured target marker
562.65421,chloramphenicol,present,True,product:23s rrna; product:large subunit ribosomal rna; product:lsu rrna,"50S ribosomal subunit, 23S rRNA peptidyl-transferase center",curated_class_level,2,matched configured target marker
562.65421,gentamicin,present,True,product:16s rrna; product:ribosomal protein s12; product:small subunit ribosomal rna; product:ssu rrna,"30S ribosomal subunit, 16S rRNA A-site",curated_class_level,1,matched configured target marker
562.65421,ampicillin,present,True,product:d-alanyl-d-alanine carboxypeptidase; product:penicillin-binding protein,penicillin-binding proteins,curated_class_level,2,matched configured target marker
562.65421,amoxicillin,present,True,product:d-alanyl-d-alanine carboxypeptidase; product:penicillin-binding protein,penicillin-binding proteins,curated_class_level,2,matched configured target marker
562.65421,ceftazidime,present,True,product:d-alanyl-d-alanine carboxypeptidase; product:penicillin-binding protein,penicillin-binding proteins,curated_class_level,2,matched configured target marker
562.65422,cefotaxime,present,True,product:d-alanyl-d-alanine carboxypeptidase; product:penicillin-binding protein,penicillin-binding proteins,curated_class_level,2,matched configured target marker
562.65422,chloramphenicol,present,True,product:23s rrna; product:large subunit ribosomal rna; product:lsu rrna,"50S ribosomal subunit, 23S rRNA peptidyl-transferase center",curated_class_level,2,matched configured target marker
562.65422,gentamicin,present,True,product:16s rrna; product:ribosomal protein s12; product:small subunit ribosomal rna; product:ssu rrna,"30S ribosomal subunit, 16S rRNA A-site",curated_class_level,1,matched configured target marker
562.65422,ampicillin,present,True,product:d-alanyl-d-alanine carboxypeptidase; product:penicillin-binding protein,penicillin-binding proteins,curated_class_level,2,matched configured target marker
562.65422,amoxicillin,present,True,product:d-alanyl-d-alanine carboxypeptidase; product:penicillin-binding protein,penicillin-binding proteins,curated_class_level,2,matched configured target marker
562.65422,ceftazidime,present,True,product:d-alanyl-d-alanine carboxypeptidase; product:penicillin-binding protein,penicillin-binding proteins,curated_class_level,2,matched configured target marker
562.65424,cefotaxime,present,True,product:d-alanyl-d-alanine carboxypeptidase; product:penicillin-binding protein,penicillin-binding proteins,curated_class_level,2,matched configured target marker
562.65424,chloramphenicol,present,True,product:23s rrna; product:large subunit ribosomal rna; product:lsu rrna,"50S ribosomal subunit, 23S rRNA peptidyl-transferase center",curated_class_level,2,matched configured target marker
562.65424,gentamicin,present,True,product:16s rrna; product:ribosomal protein s12; product:small subunit ribosomal rna; product:ssu rrna,"30S ribosomal subunit, 16S rRNA A-site",curated_class_level,1,matched configured target marker
562.65424,ampicillin,present,True,product:d-alanyl-d-alanine carboxypeptidase; product:penicillin-binding protein,penicillin-binding proteins,curated_class_level,2,matched configured target marker
562.65424,amoxicillin,present,True,product:d-alanyl-d-alanine carboxypeptidase; product:penicillin-binding protein,penicillin-binding proteins,curated_class_level,2,matched configured target marker
562.65424,ceftazidime,present,True,product:d-alanyl-d-alanine carboxypeptidase; product:penicillin-binding protein,penicillin-binding proteins,curated_class_level,2,matched configured target marker
562.65435,cefotaxime,present,True,product:d-alanyl-d-alanine carboxypeptidase; product:penicillin-binding protein,penicillin-binding proteins,curated_class_level,2,matched configured target marker
562.65435,chloramphenicol,present,True,product:23s rrna; product:large subunit ribosomal rna; product:lsu rrna,"50S ribosomal subunit, 23S rRNA peptidyl-transferase center",curated_class_level,2,matched configured target marker
562.65435,gentamicin,present,True,product:16s rrna; product:ribosomal protein s12; product:small subunit ribosomal rna; product:ssu rrna,"30S ribosomal subunit, 16S rRNA A-site",curated_class_level,1,matched configured target marker
562.65435,ampicillin,present,True,product:d-alanyl-d-alanine carboxypeptidase; product:penicillin-binding protein,penicillin-binding proteins,curated_class_level,2,matched configured target marker
562.65435,amoxicillin,present,True,product:d-alanyl-d-alanine carboxypeptidase; product:penicillin-binding protein,penicillin-binding proteins,curated_class_level,2,matched configured target marker
562.65435,ceftazidime,present,True,product:d-alanyl-d-alanine carboxypeptidase; product:penicillin-binding protein,penicillin-binding proteins,curated_class_level,2,matched configured target marker
562.65437,cefotaxime,present,True,product:d-alanyl-d-alanine carboxypeptidase; product:penicillin-binding protein,penicillin-binding proteins,curated_class_level,2,matched configured target marker
562.65437,chloramphenicol,present,True,product:23s rrna; product:large subunit ribosomal rna; product:lsu rrna,"50S ribosomal subunit, 23S rRNA peptidyl-transferase center",curated_class_level,2,matched configured target marker
562.65437,gentamicin,present,True,product:16s rrna; product:ribosomal protein s12; product:small subunit ribosomal rna; product:ssu rrna,"30S ribosomal subunit, 16S rRNA A-site",curated_class_level,1,matched configured target marker
562.65437,ampicillin,present,True,product:d-alanyl-d-alanine carboxypeptidase; product:penicillin-binding protein,penicillin-binding proteins,curated_class_level,2,matched configured target marker
562.65437,amoxicillin,present,True,product:d-alanyl-d-alanine carboxypeptidase; product:penicillin-binding protein,penicillin-binding proteins,curated_class_level,2,matched configured target marker
562.65437,ceftazidime,present,True,product:d-alanyl-d-alanine carboxypeptidase; product:penicillin-binding protein,penicillin-binding proteins,curated_class_level,2,matched configured target marker
562.65439,cefotaxime,present,True,product:d-alanyl-d-alanine carboxypeptidase; product:penicillin-binding protein,penicillin-binding proteins,curated_class_level,2,matched configured target marker
562.65439,chloramphenicol,present,True,product:23s rrna; product:large subunit ribosomal rna; product:lsu rrna,"50S ribosomal subunit, 23S rRNA peptidyl-transferase center",curated_class_level,2,matched configured target marker
562.65439,gentamicin,present,True,product:16s rrna; product:ribosomal protein s12; product:small subunit ribosomal rna; product:ssu rrna,"30S ribosomal subunit, 16S rRNA A-site",curated_class_level,1,matched configured target marker
562.65439,ampicillin,present,True,product:d-alanyl-d-alanine carboxypeptidase; product:penicillin-binding protein,penicillin-binding proteins,curated_class_level,2,matched configured target marker
562.65439,amoxicillin,present,True,product:d-alanyl-d-alanine carboxypeptidase; product:penicillin-binding protein,penicillin-binding proteins,curated_class_level,2,matched configured target marker
562.65439,ceftazidime,present,True,product:d-alanyl-d-alanine carboxypeptidase; product:penicillin-binding protein,penicillin-binding proteins,curated_class_level,2,matched configured target marker
562.65443,cefotaxime,present,True,product:d-alanyl-d-alanine carboxypeptidase; product:penicillin-binding protein,penicillin-binding proteins,curated_class_level,2,matched configured target marker
562.65443,chloramphenicol,present,True,product:23s rrna; product:large subunit ribosomal rna; product:lsu rrna,"50S ribosomal subunit, 23S rRNA peptidyl-transferase center",curated_class_level,2,matched configured target marker
562.65443,gentamicin,present,True,product:16s rrna; product:ribosomal protein s12; product:small subunit ribosomal rna; product:ssu rrna,"30S ribosomal subunit, 16S rRNA A-site",curated_class_level,1,matched configured target marker
562.65443,ampicillin,present,True,product:d-alanyl-d-alanine carboxypeptidase; product:penicillin-binding protein,penicillin-binding proteins,curated_class_level,2,matched configured target marker
562.65443,amoxicillin,present,True,product:d-alanyl-d-alanine carboxypeptidase; product:penicillin-binding protein,penicillin-binding proteins,curated_class_level,2,matched configured target marker
562.65443,ceftazidime,present,True,product:d-alanyl-d-alanine carboxypeptidase; product:penicillin-binding protein,penicillin-binding proteins,curated_class_level,2,matched configured target marker
562.65444,cefotaxime,present,True,product:d-alanyl-d-alanine carboxypeptidase; product:penicillin-binding protein,penicillin-binding proteins,curated_class_level,2,matched configured target marker
562.65444,chloramphenicol,present,True,product:23s rrna; product:large subunit ribosomal rna; product:lsu rrna,"50S ribosomal subunit, 23S rRNA peptidyl-transferase center",curated_class_level,2,matched configured target marker
562.65444,gentamicin,present,True,product:16s rrna; product:ribosomal protein s12; product:small subunit ribosomal rna; product:ssu rrna,"30S ribosomal subunit, 16S rRNA A-site",curated_class_level,1,matched configured target marker
562.65444,ampicillin,present,True,product:d-alanyl-d-alanine carboxypeptidase; product:penicillin-binding protein,penicillin-binding proteins,curated_class_level,2,matched configured target marker
562.65444,amoxicillin,present,True,product:d-alanyl-d-alanine carboxypeptidase; product:penicillin-binding protein,penicillin-binding proteins,curated_class_level,2,matched configured target marker
562.65444,ceftazidime,present,True,product:d-alanyl-d-alanine carboxypeptidase; product:penicillin-binding protein,penicillin-binding proteins,curated_class_level,2,matched configured target marker
562.65445,cefotaxime,present,True,product:d-alanyl-d-alanine carboxypeptidase; product:penicillin-binding protein,penicillin-binding proteins,curated_class_level,2,matched configured target marker
562.65445,chloramphenicol,present,True,product:23s rrna; product:large subunit ribosomal rna; product:lsu rrna,"50S ribosomal subunit, 23S rRNA peptidyl-transferase center",curated_class_level,2,matched configured target marker
562.65445,gentamicin,present,True,product:16s rrna; product:ribosomal protein s12; product:small subunit ribosomal rna; product:ssu rrna,"30S ribosomal subunit, 16S rRNA A-site",curated_class_level,1,matched configured target marker
562.65445,ampicillin,present,True,product:d-alanyl-d-alanine carboxypeptidase; product:penicillin-binding protein,penicillin-binding proteins,curated_class_level,2,matched configured target marker
562.65445,amoxicillin,present,True,product:d-alanyl-d-alanine carboxypeptidase; product:penicillin-binding protein,penicillin-binding proteins,curated_class_level,2,matched configured target marker
562.65445,ceftazidime,present,True,product:d-alanyl-d-alanine carboxypeptidase; product:penicillin-binding protein,penicillin-binding proteins,curated_class_level,2,matched configured target marker
562.65449,cefotaxime,present,True,product:d-alanyl-d-alanine carboxypeptidase; product:penicillin-binding protein,penicillin-binding proteins,curated_class_level,2,matched configured target marker
562.65449,chloramphenicol,present,True,product:23s rrna; product:large subunit ribosomal rna; product:lsu rrna,"50S ribosomal subunit, 23S rRNA peptidyl-transferase center",curated_class_level,2,matched configured target marker
562.65449,gentamicin,present,True,product:16s rrna; product:ribosomal protein s12; product:small subunit ribosomal rna; product:ssu rrna,"30S ribosomal subunit, 16S rRNA A-site",curated_class_level,1,matched configured target marker
562.65449,ampicillin,present,True,product:d-alanyl-d-alanine carboxypeptidase; product:penicillin-binding protein,penicillin-binding proteins,curated_class_level,2,matched configured target marker
562.65449,amoxicillin,present,True,product:d-alanyl-d-alanine carboxypeptidase; product:penicillin-binding protein,penicillin-binding proteins,curated_class_level,2,matched configured target marker
562.65449,ceftazidime,present,True,product:d-alanyl-d-alanine carboxypeptidase; product:penicillin-binding protein,penicillin-binding proteins,curated_class_level,2,matched configured target marker
562.65451,cefotaxime,present,True,product:d-alanyl-d-alanine carboxypeptidase; product:penicillin-binding protein,penicillin-binding proteins,curated_class_level,2,matched configured target marker
562.65451,chloramphenicol,present,True,product:23s rrna; product:large subunit ribosomal rna; product:lsu rrna,"50S ribosomal subunit, 23S rRNA peptidyl-transferase center",curated_class_level,2,matched configured target marker
562.65451,gentamicin,present,True,product:16s rrna; product:ribosomal protein s12; product:small subunit ribosomal rna; product:ssu rrna,"30S ribosomal subunit, 16S rRNA A-site",curated_class_level,1,matched configured target marker
562.65451,ampicillin,present,True,product:d-alanyl-d-alanine carboxypeptidase; product:penicillin-binding protein,penicillin-binding proteins,curated_class_level,2,matched configured target marker
562.65451,amoxicillin,present,True,product:d-alanyl-d-alanine carboxypeptidase; product:penicillin-binding protein,penicillin-binding proteins,curated_class_level,2,matched configured target marker
562.65451,ceftazidime,present,True,product:d-alanyl-d-alanine carboxypeptidase; product:penicillin-binding protein,penicillin-binding proteins,curated_class_level,2,matched configured target marker
562.65452,cefotaxime,present,True,product:d-alanyl-d-alanine carboxypeptidase; product:penicillin-binding protein,penicillin-binding proteins,curated_class_level,2,matched configured target marker
562.65452,chloramphenicol,present,True,product:23s rrna; product:large subunit ribosomal rna; product:lsu rrna,"50S ribosomal subunit, 23S rRNA peptidyl-transferase center",curated_class_level,2,matched configured target marker
562.65452,gentamicin,present,True,product:16s rrna; product:ribosomal protein s12; product:small subunit ribosomal rna; product:ssu rrna,"30S ribosomal subunit, 16S rRNA A-site",curated_class_level,1,matched configured target marker
562.65452,ampicillin,present,True,product:d-alanyl-d-alanine carboxypeptidase; product:penicillin-binding protein,penicillin-binding proteins,curated_class_level,2,matched configured target marker
562.65452,amoxicillin,present,True,product:d-alanyl-d-alanine carboxypeptidase; product:penicillin-binding protein,penicillin-binding proteins,curated_class_level,2,matched configured target marker
562.65452,ceftazidime,present,True,product:d-alanyl-d-alanine carboxypeptidase; product:penicillin-binding protein,penicillin-binding proteins,curated_class_level,2,matched configured target marker
562.65453,cefotaxime,present,True,product:d-alanyl-d-alanine carboxypeptidase; product:penicillin-binding protein,penicillin-binding proteins,curated_class_level,2,matched configured target marker
562.65453,chloramphenicol,present,True,product:23s rrna; product:large subunit ribosomal rna; product:lsu rrna,"50S ribosomal subunit, 23S rRNA peptidyl-transferase center",curated_class_level,2,matched configured target marker
562.65453,gentamicin,present,True,product:16s rrna; product:ribosomal protein s12; product:small subunit ribosomal rna; product:ssu rrna,"30S ribosomal subunit, 16S rRNA A-site",curated_class_level,1,matched configured target marker
562.65453,ampicillin,present,True,product:d-alanyl-d-alanine carboxypeptidase; product:penicillin-binding protein,penicillin-binding proteins,curated_class_level,2,matched configured target marker
562.65453,amoxicillin,present,True,product:d-alanyl-d-alanine carboxypeptidase; product:penicillin-binding protein,penicillin-binding proteins,curated_class_level,2,matched configured target marker
562.65453,ceftazidime,present,True,product:d-alanyl-d-alanine carboxypeptidase; product:penicillin-binding protein,penicillin-binding proteins,curated_class_level,2,matched configured target marker
562.65454,cefotaxime,present,True,product:d-alanyl-d-alanine carboxypeptidase; product:penicillin-binding protein,penicillin-binding proteins,curated_class_level,2,matched configured target marker
562.65454,chloramphenicol,present,True,product:23s rrna; product:large subunit ribosomal rna; product:lsu rrna,"50S ribosomal subunit, 23S rRNA peptidyl-transferase center",curated_class_level,2,matched configured target marker
562.65454,gentamicin,present,True,product:16s rrna; product:ribosomal protein s12; product:small subunit ribosomal rna; product:ssu rrna,"30S ribosomal subunit, 16S rRNA A-site",curated_class_level,1,matched configured target marker
562.65454,ampicillin,present,True,product:d-alanyl-d-alanine carboxypeptidase; product:penicillin-binding protein,penicillin-binding proteins,curated_class_level,2,matched configured target marker
562.65454,amoxicillin,present,True,product:d-alanyl-d-alanine carboxypeptidase; product:penicillin-binding protein,penicillin-binding proteins,curated_class_level,2,matched configured target marker
562.65454,ceftazidime,present,True,product:d-alanyl-d-alanine carboxypeptidase; product:penicillin-binding protein,penicillin-binding proteins,curated_class_level,2,matched configured target marker
562.65455,cefotaxime,present,True,product:d-alanyl-d-alanine carboxypeptidase; product:penicillin-binding protein,penicillin-binding proteins,curated_class_level,2,matched configured target marker
562.65455,chloramphenicol,present,True,product:23s rrna; product:large subunit ribosomal rna; product:lsu rrna,"50S ribosomal subunit, 23S rRNA peptidyl-transferase center",curated_class_level,2,matched configured target marker
562.65455,gentamicin,present,True,product:16s rrna; product:ribosomal protein s12; product:small subunit ribosomal rna; product:ssu rrna,"30S ribosomal subunit, 16S rRNA A-site",curated_class_level,1,matched configured target marker
562.65455,ampicillin,present,True,product:d-alanyl-d-alanine carboxypeptidase; product:penicillin-binding protein,penicillin-binding proteins,curated_class_level,2,matched configured target marker
562.65455,amoxicillin,present,True,product:d-alanyl-d-alanine carboxypeptidase; product:penicillin-binding protein,penicillin-binding proteins,curated_class_level,2,matched configured target marker
562.65455,ceftazidime,present,True,product:d-alanyl-d-alanine carboxypeptidase; product:penicillin-binding protein,penicillin-binding proteins,curated_class_level,2,matched configured target marker
562.65456,cefotaxime,present,True,product:d-alanyl-d-alanine carboxypeptidase; product:penicillin-binding protein,penicillin-binding proteins,curated_class_level,2,matched configured target marker
562.65456,chloramphenicol,present,True,product:23s rrna; product:large subunit ribosomal rna; product:lsu rrna,"50S ribosomal subunit, 23S rRNA peptidyl-transferase center",curated_class_level,2,matched configured target marker
562.65456,gentamicin,present,True,product:16s rrna; product:ribosomal protein s12; product:small subunit ribosomal rna; product:ssu rrna,"30S ribosomal subunit, 16S rRNA A-site",curated_class_level,1,matched configured target marker
562.65456,ampicillin,present,True,product:d-alanyl-d-alanine carboxypeptidase; product:penicillin-binding protein,penicillin-binding proteins,curated_class_level,2,matched configured target marker
562.65456,amoxicillin,present,True,product:d-alanyl-d-alanine carboxypeptidase; product:penicillin-binding protein,penicillin-binding proteins,curated_class_level,2,matched configured target marker
562.65456,ceftazidime,present,True,product:d-alanyl-d-alanine carboxypeptidase; product:penicillin-binding protein,penicillin-binding proteins,curated_class_level,2,matched configured target marker
562.65458,cefotaxime,present,True,product:d-alanyl-d-alanine carboxypeptidase; product:penicillin-binding protein,penicillin-binding proteins,curated_class_level,2,matched configured target marker
562.65458,chloramphenicol,present,True,product:23s rrna; product:large subunit ribosomal rna; product:lsu rrna,"50S ribosomal subunit, 23S rRNA peptidyl-transferase center",curated_class_level,2,matched configured target marker
562.65458,gentamicin,present,True,product:16s rrna; product:ribosomal protein s12; product:small subunit ribosomal rna; product:ssu rrna,"30S ribosomal subunit, 16S rRNA A-site",curated_class_level,1,matched configured target marker
562.65458,ampicillin,present,True,product:d-alanyl-d-alanine carboxypeptidase; product:penicillin-binding protein,penicillin-binding proteins,curated_class_level,2,matched configured target marker
562.65458,amoxicillin,present,True,product:d-alanyl-d-alanine carboxypeptidase; product:penicillin-binding protein,penicillin-binding proteins,curated_class_level,2,matched configured target marker
562.65458,ceftazidime,present,True,product:d-alanyl-d-alanine carboxypeptidase; product:penicillin-binding protein,penicillin-binding proteins,curated_class_level,2,matched configured target marker
562.65461,cefotaxime,present,True,product:d-alanyl-d-alanine carboxypeptidase; product:penicillin-binding protein,penicillin-binding proteins,curated_class_level,2,matched configured target marker
562.65461,chloramphenicol,present,True,product:23s rrna; product:large subunit ribosomal rna; product:lsu rrna,"50S ribosomal subunit, 23S rRNA peptidyl-transferase center",curated_class_level,2,matched configured target marker
562.65461,gentamicin,present,True,product:16s rrna; product:ribosomal protein s12; product:small subunit ribosomal rna; product:ssu rrna,"30S ribosomal subunit, 16S rRNA A-site",curated_class_level,1,matched configured target marker
562.65461,ampicillin,present,True,product:d-alanyl-d-alanine carboxypeptidase; product:penicillin-binding protein,penicillin-binding proteins,curated_class_level,2,matched configured target marker
562.65461,amoxicillin,present,True,product:d-alanyl-d-alanine carboxypeptidase; product:penicillin-binding protein,penicillin-binding proteins,curated_class_level,2,matched configured target marker
562.65461,ceftazidime,present,True,product:d-alanyl-d-alanine carboxypeptidase; product:penicillin-binding protein,penicillin-binding proteins,curated_class_level,2,matched configured target marker
562.65469,cefotaxime,present,True,product:d-alanyl-d-alanine carboxypeptidase; product:penicillin-binding protein,penicillin-binding proteins,curated_class_level,2,matched configured target marker
562.65469,chloramphenicol,present,True,product:23s rrna; product:large subunit ribosomal rna; product:lsu rrna,"50S ribosomal subunit, 23S rRNA peptidyl-transferase center",curated_class_level,2,matched configured target marker
562.65469,gentamicin,present,True,product:16s rrna; product:ribosomal protein s12; product:small subunit ribosomal rna; product:ssu rrna,"30S ribosomal subunit, 16S rRNA A-site",curated_class_level,1,matched configured target marker
562.65469,ampicillin,present,True,product:d-alanyl-d-alanine carboxypeptidase; product:penicillin-binding protein,penicillin-binding proteins,curated_class_level,2,matched configured target marker
562.65469,amoxicillin,present,True,product:d-alanyl-d-alanine carboxypeptidase; product:penicillin-binding protein,penicillin-binding proteins,curated_class_level,2,matched configured target marker
562.65469,ceftazidime,present,True,product:d-alanyl-d-alanine carboxypeptidase; product:penicillin-binding protein,penicillin-binding proteins,curated_class_level,2,matched configured target marker
562.65474,cefotaxime,present,True,product:d-alanyl-d-alanine carboxypeptidase; product:penicillin-binding protein,penicillin-binding proteins,curated_class_level,2,matched configured target marker
562.65474,chloramphenicol,present,True,product:23s rrna; product:large subunit ribosomal rna; product:lsu rrna,"50S ribosomal subunit, 23S rRNA peptidyl-transferase center",curated_class_level,2,matched configured target marker
562.65474,gentamicin,present,True,product:16s rrna; product:ribosomal protein s12; product:small subunit ribosomal rna; product:ssu rrna,"30S ribosomal subunit, 16S rRNA A-site",curated_class_level,1,matched configured target marker
562.65474,ampicillin,present,True,product:d-alanyl-d-alanine carboxypeptidase; product:penicillin-binding protein,penicillin-binding proteins,curated_class_level,2,matched configured target marker
562.65474,amoxicillin,present,True,product:d-alanyl-d-alanine carboxypeptidase; product:penicillin-binding protein,penicillin-binding proteins,curated_class_level,2,matched configured target marker
562.65474,ceftazidime,present,True,product:d-alanyl-d-alanine carboxypeptidase; product:penicillin-binding protein,penicillin-binding proteins,curated_class_level,2,matched configured target marker
562.65475,cefotaxime,present,True,product:d-alanyl-d-alanine carboxypeptidase; product:penicillin-binding protein,penicillin-binding proteins,curated_class_level,2,matched configured target marker
562.65475,chloramphenicol,present,True,product:23s rrna; product:large subunit ribosomal rna; product:lsu rrna,"50S ribosomal subunit, 23S rRNA peptidyl-transferase center",curated_class_level,2,matched configured target marker
562.65475,gentamicin,present,True,product:16s rrna; product:ribosomal protein s12; product:small subunit ribosomal rna; product:ssu rrna,"30S ribosomal subunit, 16S rRNA A-site",curated_class_level,1,matched configured target marker
562.65475,ampicillin,present,True,product:d-alanyl-d-alanine carboxypeptidase; product:penicillin-binding protein,penicillin-binding proteins,curated_class_level,2,matched configured target marker
562.65475,amoxicillin,present,True,product:d-alanyl-d-alanine carboxypeptidase; product:penicillin-binding protein,penicillin-binding proteins,curated_class_level,2,matched configured target marker
562.65475,ceftazidime,present,True,product:d-alanyl-d-alanine carboxypeptidase; product:penicillin-binding protein,penicillin-binding proteins,curated_class_level,2,matched configured target marker
562.65477,cefotaxime,present,True,product:d-alanyl-d-alanine carboxypeptidase; product:penicillin-binding protein,penicillin-binding proteins,curated_class_level,2,matched configured target marker
562.65477,chloramphenicol,present,True,product:23s rrna; product:large subunit ribosomal rna; product:lsu rrna,"50S ribosomal subunit, 23S rRNA peptidyl-transferase center",curated_class_level,2,matched configured target marker
562.65477,gentamicin,present,True,product:16s rrna; product:ribosomal protein s12; product:small subunit ribosomal rna; product:ssu rrna,"30S ribosomal subunit, 16S rRNA A-site",curated_class_level,1,matched configured target marker
562.65477,ampicillin,present,True,product:d-alanyl-d-alanine carboxypeptidase; product:penicillin-binding protein,penicillin-binding proteins,curated_class_level,2,matched configured target marker
562.65477,amoxicillin,present,True,product:d-alanyl-d-alanine carboxypeptidase; product:penicillin-binding protein,penicillin-binding proteins,curated_class_level,2,matched configured target marker
562.65477,ceftazidime,present,True,product:d-alanyl-d-alanine carboxypeptidase; product:penicillin-binding protein,penicillin-binding proteins,curated_class_level,2,matched configured target marker
562.65481,cefotaxime,present,True,product:d-alanyl-d-alanine carboxypeptidase; product:penicillin-binding protein,penicillin-binding proteins,curated_class_level,2,matched configured target marker
562.65481,chloramphenicol,present,True,product:23s rrna; product:large subunit ribosomal rna; product:lsu rrna,"50S ribosomal subunit, 23S rRNA peptidyl-transferase center",curated_class_level,2,matched configured target marker
562.65481,gentamicin,present,True,product:16s rrna; product:ribosomal protein s12; product:small subunit ribosomal rna; product:ssu rrna,"30S ribosomal subunit, 16S rRNA A-site",curated_class_level,1,matched configured target marker
562.65481,ampicillin,present,True,product:d-alanyl-d-alanine carboxypeptidase; product:penicillin-binding protein,penicillin-binding proteins,curated_class_level,2,matched configured target marker
562.65481,amoxicillin,present,True,product:d-alanyl-d-alanine carboxypeptidase; product:penicillin-binding protein,penicillin-binding proteins,curated_class_level,2,matched configured target marker
562.65481,ceftazidime,present,True,product:d-alanyl-d-alanine carboxypeptidase; product:penicillin-binding protein,penicillin-binding proteins,curated_class_level,2,matched configured target marker
562.65482,cefotaxime,present,True,product:d-alanyl-d-alanine carboxypeptidase; product:penicillin-binding protein,penicillin-binding proteins,curated_class_level,2,matched configured target marker
562.65482,chloramphenicol,present,True,product:23s rrna; product:large subunit ribosomal rna; product:lsu rrna,"50S ribosomal subunit, 23S rRNA peptidyl-transferase center",curated_class_level,2,matched configured target marker
562.65482,gentamicin,present,True,product:16s rrna; product:ribosomal protein s12; product:small subunit ribosomal rna; product:ssu rrna,"30S ribosomal subunit, 16S rRNA A-site",curated_class_level,1,matched configured target marker
562.65482,ampicillin,present,True,product:d-alanyl-d-alanine carboxypeptidase; product:penicillin-binding protein,penicillin-binding proteins,curated_class_level,2,matched configured target marker
562.65482,amoxicillin,present,True,product:d-alanyl-d-alanine carboxypeptidase; product:penicillin-binding protein,penicillin-binding proteins,curated_class_level,2,matched configured target marker
562.65482,ceftazidime,present,True,product:d-alanyl-d-alanine carboxypeptidase; product:penicillin-binding protein,penicillin-binding proteins,curated_class_level,2,matched configured target marker
562.65483,cefotaxime,present,True,product:d-alanyl-d-alanine carboxypeptidase; product:penicillin-binding protein,penicillin-binding proteins,curated_class_level,2,matched configured target marker
562.65483,chloramphenicol,present,True,product:23s rrna; product:large subunit ribosomal rna; product:lsu rrna,"50S ribosomal subunit, 23S rRNA peptidyl-transferase center",curated_class_level,2,matched configured target marker
562.65483,gentamicin,present,True,product:16s rrna; product:ribosomal protein s12; product:small subunit ribosomal rna; product:ssu rrna,"30S ribosomal subunit, 16S rRNA A-site",curated_class_level,1,matched configured target marker
562.65483,ampicillin,present,True,product:d-alanyl-d-alanine carboxypeptidase; product:penicillin-binding protein,penicillin-binding proteins,curated_class_level,2,matched configured target marker
562.65483,amoxicillin,present,True,product:d-alanyl-d-alanine carboxypeptidase; product:penicillin-binding protein,penicillin-binding proteins,curated_class_level,2,matched configured target marker
562.65483,ceftazidime,present,True,product:d-alanyl-d-alanine carboxypeptidase; product:penicillin-binding protein,penicillin-binding proteins,curated_class_level,2,matched configured target marker
562.65485,cefotaxime,present,True,product:d-alanyl-d-alanine carboxypeptidase; product:penicillin-binding protein,penicillin-binding proteins,curated_class_level,2,matched configured target marker
562.65485,chloramphenicol,present,True,product:23s rrna; product:large subunit ribosomal rna; product:lsu rrna,"50S ribosomal subunit, 23S rRNA peptidyl-transferase center",curated_class_level,2,matched configured target marker
562.65485,gentamicin,present,True,product:16s rrna; product:ribosomal protein s12; product:small subunit ribosomal rna; product:ssu rrna,"30S ribosomal subunit, 16S rRNA A-site",curated_class_level,1,matched configured target marker
562.65485,ampicillin,present,True,product:d-alanyl-d-alanine carboxypeptidase; product:penicillin-binding protein,penicillin-binding proteins,curated_class_level,2,matched configured target marker
562.65485,amoxicillin,present,True,product:d-alanyl-d-alanine carboxypeptidase; product:penicillin-binding protein,penicillin-binding proteins,curated_class_level,2,matched configured target marker
562.65485,ceftazidime,present,True,product:d-alanyl-d-alanine carboxypeptidase; product:penicillin-binding protein,penicillin-binding proteins,curated_class_level,2,matched configured target marker
562.65486,cefotaxime,present,True,product:d-alanyl-d-alanine carboxypeptidase; product:penicillin-binding protein,penicillin-binding proteins,curated_class_level,2,matched configured target marker
562.65486,chloramphenicol,present,True,product:23s rrna; product:large subunit ribosomal rna; product:lsu rrna,"50S ribosomal subunit, 23S rRNA peptidyl-transferase center",curated_class_level,2,matched configured target marker
562.65486,gentamicin,present,True,product:16s rrna; product:ribosomal protein s12; product:small subunit ribosomal rna; product:ssu rrna,"30S ribosomal subunit, 16S rRNA A-site",curated_class_level,1,matched configured target marker
562.65486,ampicillin,present,True,product:d-alanyl-d-alanine carboxypeptidase; product:penicillin-binding protein,penicillin-binding proteins,curated_class_level,2,matched configured target marker
562.65486,amoxicillin,present,True,product:d-alanyl-d-alanine carboxypeptidase; product:penicillin-binding protein,penicillin-binding proteins,curated_class_level,2,matched configured target marker
562.65486,ceftazidime,present,True,product:d-alanyl-d-alanine carboxypeptidase; product:penicillin-binding protein,penicillin-binding proteins,curated_class_level,2,matched configured target marker
562.65489,cefotaxime,present,True,product:d-alanyl-d-alanine carboxypeptidase; product:penicillin-binding protein,penicillin-binding proteins,curated_class_level,2,matched configured target marker
562.65489,chloramphenicol,present,True,product:23s rrna; product:large subunit ribosomal rna; product:lsu rrna,"50S ribosomal subunit, 23S rRNA peptidyl-transferase center",curated_class_level,2,matched configured target marker
562.65489,gentamicin,present,True,product:16s rrna; product:ribosomal protein s12; product:small subunit ribosomal rna; product:ssu rrna,"30S ribosomal subunit, 16S rRNA A-site",curated_class_level,1,matched configured target marker
562.65489,ampicillin,present,True,product:d-alanyl-d-alanine carboxypeptidase; product:penicillin-binding protein,penicillin-binding proteins,curated_class_level,2,matched configured target marker
562.65489,amoxicillin,present,True,product:d-alanyl-d-alanine carboxypeptidase; product:penicillin-binding protein,penicillin-binding proteins,curated_class_level,2,matched configured target marker
562.65489,ceftazidime,present,True,product:d-alanyl-d-alanine carboxypeptidase; product:penicillin-binding protein,penicillin-binding proteins,curated_class_level,2,matched configured target marker
562.65491,cefotaxime,present,True,product:d-alanyl-d-alanine carboxypeptidase; product:penicillin-binding protein,penicillin-binding proteins,curated_class_level,2,matched configured target marker
562.65491,chloramphenicol,present,True,product:23s rrna; product:large subunit ribosomal rna; product:lsu rrna,"50S ribosomal subunit, 23S rRNA peptidyl-transferase center",curated_class_level,2,matched configured target marker
562.65491,gentamicin,present,True,product:16s rrna; product:ribosomal protein s12; product:small subunit ribosomal rna; product:ssu rrna,"30S ribosomal subunit, 16S rRNA A-site",curated_class_level,1,matched configured target marker
562.65491,ampicillin,present,True,product:d-alanyl-d-alanine carboxypeptidase; product:penicillin-binding protein,penicillin-binding proteins,curated_class_level,2,matched configured target marker
562.65491,amoxicillin,present,True,product:d-alanyl-d-alanine carboxypeptidase; product:penicillin-binding protein,penicillin-binding proteins,curated_class_level,2,matched configured target marker
562.65491,ceftazidime,present,True,product:d-alanyl-d-alanine carboxypeptidase; product:penicillin-binding protein,penicillin-binding proteins,curated_class_level,2,matched configured target marker
562.65492,cefotaxime,present,True,product:d-alanyl-d-alanine carboxypeptidase; product:penicillin-binding protein,penicillin-binding proteins,curated_class_level,2,matched configured target marker
562.65492,chloramphenicol,present,True,product:23s rrna; product:large subunit ribosomal rna; product:lsu rrna,"50S ribosomal subunit, 23S rRNA peptidyl-transferase center",curated_class_level,2,matched configured target marker
562.65492,gentamicin,present,True,product:16s rrna; product:ribosomal protein s12; product:small subunit ribosomal rna; product:ssu rrna,"30S ribosomal subunit, 16S rRNA A-site",curated_class_level,1,matched configured target marker
562.65492,ampicillin,present,True,product:d-alanyl-d-alanine carboxypeptidase; product:penicillin-binding protein,penicillin-binding proteins,curated_class_level,2,matched configured target marker
562.65492,amoxicillin,present,True,product:d-alanyl-d-alanine carboxypeptidase; product:penicillin-binding protein,penicillin-binding proteins,curated_class_level,2,matched configured target marker
562.65492,ceftazidime,present,True,product:d-alanyl-d-alanine carboxypeptidase; product:penicillin-binding protein,penicillin-binding proteins,curated_class_level,2,matched configured target marker
562.65493,cefotaxime,present,True,product:d-alanyl-d-alanine carboxypeptidase; product:penicillin-binding protein,penicillin-binding proteins,curated_class_level,2,matched configured target marker
562.65493,chloramphenicol,present,True,product:23s rrna; product:large subunit ribosomal rna; product:lsu rrna,"50S ribosomal subunit, 23S rRNA peptidyl-transferase center",curated_class_level,2,matched configured target marker
562.65493,gentamicin,present,True,product:16s rrna; product:ribosomal protein s12; product:small subunit ribosomal rna; product:ssu rrna,"30S ribosomal subunit, 16S rRNA A-site",curated_class_level,1,matched configured target marker
562.65493,ampicillin,present,True,product:d-alanyl-d-alanine carboxypeptidase; product:penicillin-binding protein,penicillin-binding proteins,curated_class_level,2,matched configured target marker
562.65493,amoxicillin,present,True,product:d-alanyl-d-alanine carboxypeptidase; product:penicillin-binding protein,penicillin-binding proteins,curated_class_level,2,matched configured target marker
562.65493,ceftazidime,present,True,product:d-alanyl-d-alanine carboxypeptidase; product:penicillin-binding protein,penicillin-binding proteins,curated_class_level,2,matched configured target marker
562.65494,cefotaxime,present,True,product:d-alanyl-d-alanine carboxypeptidase; product:penicillin-binding protein,penicillin-binding proteins,curated_class_level,2,matched configured target marker
562.65494,chloramphenicol,present,True,product:23s rrna; product:large subunit ribosomal rna; product:lsu rrna,"50S ribosomal subunit, 23S rRNA peptidyl-transferase center",curated_class_level,2,matched configured target marker
562.65494,gentamicin,present,True,product:16s rrna; product:ribosomal protein s12; product:small subunit ribosomal rna; product:ssu rrna,"30S ribosomal subunit, 16S rRNA A-site",curated_class_level,1,matched configured target marker
562.65494,ampicillin,present,True,product:d-alanyl-d-alanine carboxypeptidase; product:penicillin-binding protein,penicillin-binding proteins,curated_class_level,2,matched configured target marker
562.65494,amoxicillin,present,True,product:d-alanyl-d-alanine carboxypeptidase; product:penicillin-binding protein,penicillin-binding proteins,curated_class_level,2,matched configured target marker
562.65494,ceftazidime,present,True,product:d-alanyl-d-alanine carboxypeptidase; product:penicillin-binding protein,penicillin-binding proteins,curated_class_level,2,matched configured target marker
562.65496,cefotaxime,present,True,product:d-alanyl-d-alanine carboxypeptidase; product:penicillin-binding protein,penicillin-binding proteins,curated_class_level,2,matched configured target marker
562.65496,chloramphenicol,present,True,product:23s rrna; product:large subunit ribosomal rna; product:lsu rrna,"50S ribosomal subunit, 23S rRNA peptidyl-transferase center",curated_class_level,2,matched configured target marker
562.65496,gentamicin,present,True,product:16s rrna; product:ribosomal protein s12; product:small subunit ribosomal rna; product:ssu rrna,"30S ribosomal subunit, 16S rRNA A-site",curated_class_level,1,matched configured target marker
562.65496,ampicillin,present,True,product:d-alanyl-d-alanine carboxypeptidase; product:penicillin-binding protein,penicillin-binding proteins,curated_class_level,2,matched configured target marker
562.65496,amoxicillin,present,True,product:d-alanyl-d-alanine carboxypeptidase; product:penicillin-binding protein,penicillin-binding proteins,curated_class_level,2,matched configured target marker
562.65496,ceftazidime,present,True,product:d-alanyl-d-alanine carboxypeptidase; product:penicillin-binding protein,penicillin-binding proteins,curated_class_level,2,matched configured target marker
562.65501,cefotaxime,present,True,product:d-alanyl-d-alanine carboxypeptidase; product:penicillin-binding protein,penicillin-binding proteins,curated_class_level,2,matched configured target marker
562.65501,chloramphenicol,present,True,product:23s rrna; product:large subunit ribosomal rna; product:lsu rrna,"50S ribosomal subunit, 23S rRNA peptidyl-transferase center",curated_class_level,2,matched configured target marker
562.65501,gentamicin,present,True,product:16s rrna; product:ribosomal protein s12; product:small subunit ribosomal rna; product:ssu rrna,"30S ribosomal subunit, 16S rRNA A-site",curated_class_level,1,matched configured target marker
562.65501,ampicillin,present,True,product:d-alanyl-d-alanine carboxypeptidase; product:penicillin-binding protein,penicillin-binding proteins,curated_class_level,2,matched configured target marker
562.65501,amoxicillin,present,True,product:d-alanyl-d-alanine carboxypeptidase; product:penicillin-binding protein,penicillin-binding proteins,curated_class_level,2,matched configured target marker
562.65501,ceftazidime,present,True,product:d-alanyl-d-alanine carboxypeptidase; product:penicillin-binding protein,penicillin-binding proteins,curated_class_level,2,matched configured target marker
562.65502,cefotaxime,present,True,product:d-alanyl-d-alanine carboxypeptidase; product:penicillin-binding protein,penicillin-binding proteins,curated_class_level,2,matched configured target marker
562.65502,chloramphenicol,present,True,product:23s rrna; product:large subunit ribosomal rna; product:lsu rrna,"50S ribosomal subunit, 23S rRNA peptidyl-transferase center",curated_class_level,2,matched configured target marker
562.65502,gentamicin,present,True,product:16s rrna; product:ribosomal protein s12; product:small subunit ribosomal rna; product:ssu rrna,"30S ribosomal subunit, 16S rRNA A-site",curated_class_level,1,matched configured target marker
562.65502,ampicillin,present,True,product:d-alanyl-d-alanine carboxypeptidase; product:penicillin-binding protein,penicillin-binding proteins,curated_class_level,2,matched configured target marker
562.65502,amoxicillin,present,True,product:d-alanyl-d-alanine carboxypeptidase; product:penicillin-binding protein,penicillin-binding proteins,curated_class_level,2,matched configured target marker
562.65502,ceftazidime,present,True,product:d-alanyl-d-alanine carboxypeptidase; product:penicillin-binding protein,penicillin-binding proteins,curated_class_level,2,matched configured target marker
562.65505,cefotaxime,present,True,product:d-alanyl-d-alanine carboxypeptidase; product:penicillin-binding protein,penicillin-binding proteins,curated_class_level,2,matched configured target marker
562.65505,chloramphenicol,present,True,product:23s rrna; product:large subunit ribosomal rna; product:lsu rrna,"50S ribosomal subunit, 23S rRNA peptidyl-transferase center",curated_class_level,2,matched configured target marker
562.65505,gentamicin,present,True,product:16s rrna; product:ribosomal protein s12; product:small subunit ribosomal rna; product:ssu rrna,"30S ribosomal subunit, 16S rRNA A-site",curated_class_level,1,matched configured target marker
562.65505,ampicillin,present,True,product:d-alanyl-d-alanine carboxypeptidase; product:penicillin-binding protein,penicillin-binding proteins,curated_class_level,2,matched configured target marker
562.65505,amoxicillin,present,True,product:d-alanyl-d-alanine carboxypeptidase; product:penicillin-binding protein,penicillin-binding proteins,curated_class_level,2,matched configured target marker
562.65505,ceftazidime,present,True,product:d-alanyl-d-alanine carboxypeptidase; product:penicillin-binding protein,penicillin-binding proteins,curated_class_level,2,matched configured target marker
562.65508,cefotaxime,present,True,product:d-alanyl-d-alanine carboxypeptidase; product:penicillin-binding protein,penicillin-binding proteins,curated_class_level,2,matched configured target marker
562.65508,chloramphenicol,present,True,product:23s rrna; product:large subunit ribosomal rna; product:lsu rrna,"50S ribosomal subunit, 23S rRNA peptidyl-transferase center",curated_class_level,2,matched configured target marker
562.65508,gentamicin,present,True,product:16s rrna; product:ribosomal protein s12; product:small subunit ribosomal rna; product:ssu rrna,"30S ribosomal subunit, 16S rRNA A-site",curated_class_level,1,matched configured target marker
562.65508,ampicillin,present,True,product:d-alanyl-d-alanine carboxypeptidase; product:penicillin-binding protein,penicillin-binding proteins,curated_class_level,2,matched configured target marker
562.65508,amoxicillin,present,True,product:d-alanyl-d-alanine carboxypeptidase; product:penicillin-binding protein,penicillin-binding proteins,curated_class_level,2,matched configured target marker
562.65508,ceftazidime,present,True,product:d-alanyl-d-alanine carboxypeptidase; product:penicillin-binding protein,penicillin-binding proteins,curated_class_level,2,matched configured target marker
562.65511,cefotaxime,present,True,product:d-alanyl-d-alanine carboxypeptidase; product:penicillin-binding protein,penicillin-binding proteins,curated_class_level,2,matched configured target marker
562.65511,chloramphenicol,present,True,product:23s rrna; product:large subunit ribosomal rna; product:lsu rrna,"50S ribosomal subunit, 23S rRNA peptidyl-transferase center",curated_class_level,2,matched configured target marker
562.65511,gentamicin,present,True,product:16s rrna; product:ribosomal protein s12; product:small subunit ribosomal rna; product:ssu rrna,"30S ribosomal subunit, 16S rRNA A-site",curated_class_level,1,matched configured target marker
562.65511,ampicillin,present,True,product:d-alanyl-d-alanine carboxypeptidase; product:penicillin-binding protein,penicillin-binding proteins,curated_class_level,2,matched configured target marker
562.65511,amoxicillin,present,True,product:d-alanyl-d-alanine carboxypeptidase; product:penicillin-binding protein,penicillin-binding proteins,curated_class_level,2,matched configured target marker
562.65511,ceftazidime,present,True,product:d-alanyl-d-alanine carboxypeptidase; product:penicillin-binding protein,penicillin-binding proteins,curated_class_level,2,matched configured target marker
562.65518,cefotaxime,present,True,product:d-alanyl-d-alanine carboxypeptidase; product:penicillin-binding protein,penicillin-binding proteins,curated_class_level,2,matched configured target marker
562.65518,chloramphenicol,present,True,product:23s rrna; product:large subunit ribosomal rna; product:lsu rrna,"50S ribosomal subunit, 23S rRNA peptidyl-transferase center",curated_class_level,2,matched configured target marker
562.65518,gentamicin,present,True,product:16s rrna; product:ribosomal protein s12; product:small subunit ribosomal rna; product:ssu rrna,"30S ribosomal subunit, 16S rRNA A-site",curated_class_level,1,matched configured target marker
562.65518,ampicillin,present,True,product:d-alanyl-d-alanine carboxypeptidase; product:penicillin-binding protein,penicillin-binding proteins,curated_class_level,2,matched configured target marker
562.65518,amoxicillin,present,True,product:d-alanyl-d-alanine carboxypeptidase; product:penicillin-binding protein,penicillin-binding proteins,curated_class_level,2,matched configured target marker
562.65518,ceftazidime,present,True,product:d-alanyl-d-alanine carboxypeptidase; product:penicillin-binding protein,penicillin-binding proteins,curated_class_level,2,matched configured target marker
562.65519,cefotaxime,present,True,product:d-alanyl-d-alanine carboxypeptidase; product:penicillin-binding protein,penicillin-binding proteins,curated_class_level,2,matched configured target marker
562.65519,chloramphenicol,present,True,product:23s rrna; product:large subunit ribosomal rna; product:lsu rrna,"50S ribosomal subunit, 23S rRNA peptidyl-transferase center",curated_class_level,2,matched configured target marker
562.65519,gentamicin,present,True,product:16s rrna; product:ribosomal protein s12; product:small subunit ribosomal rna; product:ssu rrna,"30S ribosomal subunit, 16S rRNA A-site",curated_class_level,1,matched configured target marker
562.65519,ampicillin,present,True,product:d-alanyl-d-alanine carboxypeptidase; product:penicillin-binding protein,penicillin-binding proteins,curated_class_level,2,matched configured target marker
562.65519,amoxicillin,present,True,product:d-alanyl-d-alanine carboxypeptidase; product:penicillin-binding protein,penicillin-binding proteins,curated_class_level,2,matched configured target marker
562.65519,ceftazidime,present,True,product:d-alanyl-d-alanine carboxypeptidase; product:penicillin-binding protein,penicillin-binding proteins,curated_class_level,2,matched configured target marker
562.65521,cefotaxime,present,True,product:d-alanyl-d-alanine carboxypeptidase; product:penicillin-binding protein,penicillin-binding proteins,curated_class_level,2,matched configured target marker
562.65521,chloramphenicol,present,True,product:23s rrna; product:large subunit ribosomal rna; product:lsu rrna,"50S ribosomal subunit, 23S rRNA peptidyl-transferase center",curated_class_level,2,matched configured target marker
562.65521,gentamicin,present,True,product:16s rrna; product:ribosomal protein s12; product:small subunit ribosomal rna; product:ssu rrna,"30S ribosomal subunit, 16S rRNA A-site",curated_class_level,1,matched configured target marker
562.65521,ampicillin,present,True,product:d-alanyl-d-alanine carboxypeptidase; product:penicillin-binding protein,penicillin-binding proteins,curated_class_level,2,matched configured target marker
562.65521,amoxicillin,present,True,product:d-alanyl-d-alanine carboxypeptidase; product:penicillin-binding protein,penicillin-binding proteins,curated_class_level,2,matched configured target marker
562.65521,ceftazidime,present,True,product:d-alanyl-d-alanine carboxypeptidase; product:penicillin-binding protein,penicillin-binding proteins,curated_class_level,2,matched configured target marker
562.65526,cefotaxime,present,True,product:d-alanyl-d-alanine carboxypeptidase; product:penicillin-binding protein,penicillin-binding proteins,curated_class_level,2,matched configured target marker
562.65526,chloramphenicol,present,True,product:23s rrna; product:large subunit ribosomal rna; product:lsu rrna,"50S ribosomal subunit, 23S rRNA peptidyl-transferase center",curated_class_level,2,matched configured target marker
562.65526,gentamicin,present,True,product:16s rrna; product:ribosomal protein s12; product:small subunit ribosomal rna; product:ssu rrna,"30S ribosomal subunit, 16S rRNA A-site",curated_class_level,1,matched configured target marker
562.65526,ampicillin,present,True,product:d-alanyl-d-alanine carboxypeptidase; product:penicillin-binding protein,penicillin-binding proteins,curated_class_level,2,matched configured target marker
562.65526,amoxicillin,present,True,product:d-alanyl-d-alanine carboxypeptidase; product:penicillin-binding protein,penicillin-binding proteins,curated_class_level,2,matched configured target marker
562.65526,ceftazidime,present,True,product:d-alanyl-d-alanine carboxypeptidase; product:penicillin-binding protein,penicillin-binding proteins,curated_class_level,2,matched configured target marker
562.65527,cefotaxime,present,True,product:d-alanyl-d-alanine carboxypeptidase; product:penicillin-binding protein,penicillin-binding proteins,curated_class_level,2,matched configured target marker
562.65527,chloramphenicol,present,True,product:23s rrna; product:large subunit ribosomal rna; product:lsu rrna,"50S ribosomal subunit, 23S rRNA peptidyl-transferase center",curated_class_level,2,matched configured target marker
562.65527,gentamicin,present,True,product:16s rrna; product:ribosomal protein s12; product:small subunit ribosomal rna; product:ssu rrna,"30S ribosomal subunit, 16S rRNA A-site",curated_class_level,1,matched configured target marker
562.65527,ampicillin,present,True,product:d-alanyl-d-alanine carboxypeptidase; product:penicillin-binding protein,penicillin-binding proteins,curated_class_level,2,matched configured target marker
562.65527,amoxicillin,present,True,product:d-alanyl-d-alanine carboxypeptidase; product:penicillin-binding protein,penicillin-binding proteins,curated_class_level,2,matched configured target marker
562.65527,ceftazidime,present,True,product:d-alanyl-d-alanine carboxypeptidase; product:penicillin-binding protein,penicillin-binding proteins,curated_class_level,2,matched configured target marker
562.65532,cefotaxime,present,True,product:d-alanyl-d-alanine carboxypeptidase; product:penicillin-binding protein,penicillin-binding proteins,curated_class_level,2,matched configured target marker
562.65532,chloramphenicol,present,True,product:23s rrna; product:large subunit ribosomal rna; product:lsu rrna,"50S ribosomal subunit, 23S rRNA peptidyl-transferase center",curated_class_level,2,matched configured target marker
562.65532,gentamicin,present,True,product:16s rrna; product:ribosomal protein s12; product:small subunit ribosomal rna; product:ssu rrna,"30S ribosomal subunit, 16S rRNA A-site",curated_class_level,1,matched configured target marker
562.65532,ampicillin,present,True,product:d-alanyl-d-alanine carboxypeptidase; product:penicillin-binding protein,penicillin-binding proteins,curated_class_level,2,matched configured target marker
562.65532,amoxicillin,present,True,product:d-alanyl-d-alanine carboxypeptidase; product:penicillin-binding protein,penicillin-binding proteins,curated_class_level,2,matched configured target marker
562.65532,ceftazidime,present,True,product:d-alanyl-d-alanine carboxypeptidase; product:penicillin-binding protein,penicillin-binding proteins,curated_class_level,2,matched configured target marker
562.65533,cefotaxime,present,True,product:d-alanyl-d-alanine carboxypeptidase; product:penicillin-binding protein,penicillin-binding proteins,curated_class_level,2,matched configured target marker
562.65533,chloramphenicol,present,True,product:23s rrna; product:large subunit ribosomal rna; product:lsu rrna,"50S ribosomal subunit, 23S rRNA peptidyl-transferase center",curated_class_level,2,matched configured target marker
562.65533,gentamicin,present,True,product:16s rrna; product:ribosomal protein s12; product:small subunit ribosomal rna; product:ssu rrna,"30S ribosomal subunit, 16S rRNA A-site",curated_class_level,1,matched configured target marker
562.65533,ampicillin,present,True,product:d-alanyl-d-alanine carboxypeptidase; product:penicillin-binding protein,penicillin-binding proteins,curated_class_level,2,matched configured target marker
562.65533,amoxicillin,present,True,product:d-alanyl-d-alanine carboxypeptidase; product:penicillin-binding protein,penicillin-binding proteins,curated_class_level,2,matched configured target marker
562.65533,ceftazidime,present,True,product:d-alanyl-d-alanine carboxypeptidase; product:penicillin-binding protein,penicillin-binding proteins,curated_class_level,2,matched configured target marker
562.65535,cefotaxime,present,True,product:d-alanyl-d-alanine carboxypeptidase; product:penicillin-binding protein,penicillin-binding proteins,curated_class_level,2,matched configured target marker
562.65535,chloramphenicol,present,True,product:23s rrna; product:large subunit ribosomal rna; product:lsu rrna,"50S ribosomal subunit, 23S rRNA peptidyl-transferase center",curated_class_level,2,matched configured target marker
562.65535,gentamicin,present,True,product:16s rrna; product:ribosomal protein s12; product:small subunit ribosomal rna; product:ssu rrna,"30S ribosomal subunit, 16S rRNA A-site",curated_class_level,1,matched configured target marker
562.65535,ampicillin,present,True,product:d-alanyl-d-alanine carboxypeptidase; product:penicillin-binding protein,penicillin-binding proteins,curated_class_level,2,matched configured target marker
562.65535,amoxicillin,present,True,product:d-alanyl-d-alanine carboxypeptidase; product:penicillin-binding protein,penicillin-binding proteins,curated_class_level,2,matched configured target marker
562.65535,ceftazidime,present,True,product:d-alanyl-d-alanine carboxypeptidase; product:penicillin-binding protein,penicillin-binding proteins,curated_class_level,2,matched configured target marker
562.65542,cefotaxime,present,True,product:d-alanyl-d-alanine carboxypeptidase; product:penicillin-binding protein,penicillin-binding proteins,curated_class_level,2,matched configured target marker
562.65542,chloramphenicol,present,True,product:23s rrna; product:large subunit ribosomal rna; product:lsu rrna,"50S ribosomal subunit, 23S rRNA peptidyl-transferase center",curated_class_level,2,matched configured target marker
562.65542,gentamicin,present,True,product:16s rrna; product:ribosomal protein s12; product:small subunit ribosomal rna; product:ssu rrna,"30S ribosomal subunit, 16S rRNA A-site",curated_class_level,1,matched configured target marker
562.65542,ampicillin,present,True,product:d-alanyl-d-alanine carboxypeptidase; product:penicillin-binding protein,penicillin-binding proteins,curated_class_level,2,matched configured target marker
562.65542,amoxicillin,present,True,product:d-alanyl-d-alanine carboxypeptidase; product:penicillin-binding protein,penicillin-binding proteins,curated_class_level,2,matched configured target marker
562.65542,ceftazidime,present,True,product:d-alanyl-d-alanine carboxypeptidase; product:penicillin-binding protein,penicillin-binding proteins,curated_class_level,2,matched configured target marker
562.65543,cefotaxime,present,True,product:d-alanyl-d-alanine carboxypeptidase; product:penicillin-binding protein,penicillin-binding proteins,curated_class_level,2,matched configured target marker
562.65543,chloramphenicol,present,True,product:23s rrna; product:large subunit ribosomal rna; product:lsu rrna,"50S ribosomal subunit, 23S rRNA peptidyl-transferase center",curated_class_level,2,matched configured target marker
562.65543,gentamicin,present,True,product:16s rrna; product:ribosomal protein s12; product:small subunit ribosomal rna; product:ssu rrna,"30S ribosomal subunit, 16S rRNA A-site",curated_class_level,1,matched configured target marker
562.65543,ampicillin,present,True,product:d-alanyl-d-alanine carboxypeptidase; product:penicillin-binding protein,penicillin-binding proteins,curated_class_level,2,matched configured target marker
562.65543,amoxicillin,present,True,product:d-alanyl-d-alanine carboxypeptidase; product:penicillin-binding protein,penicillin-binding proteins,curated_class_level,2,matched configured target marker
562.65543,ceftazidime,present,True,product:d-alanyl-d-alanine carboxypeptidase; product:penicillin-binding protein,penicillin-binding proteins,curated_class_level,2,matched configured target marker
562.65544,cefotaxime,present,True,product:d-alanyl-d-alanine carboxypeptidase; product:penicillin-binding protein,penicillin-binding proteins,curated_class_level,2,matched configured target marker
562.65544,chloramphenicol,present,True,product:23s rrna; product:large subunit ribosomal rna; product:lsu rrna,"50S ribosomal subunit, 23S rRNA peptidyl-transferase center",curated_class_level,2,matched configured target marker
562.65544,gentamicin,present,True,product:16s rrna; product:ribosomal protein s12; product:small subunit ribosomal rna; product:ssu rrna,"30S ribosomal subunit, 16S rRNA A-site",curated_class_level,1,matched configured target marker
562.65544,ampicillin,present,True,product:d-alanyl-d-alanine carboxypeptidase; product:penicillin-binding protein,penicillin-binding proteins,curated_class_level,2,matched configured target marker
562.65544,amoxicillin,present,True,product:d-alanyl-d-alanine carboxypeptidase; product:penicillin-binding protein,penicillin-binding proteins,curated_class_level,2,matched configured target marker
562.65544,ceftazidime,present,True,product:d-alanyl-d-alanine carboxypeptidase; product:penicillin-binding protein,penicillin-binding proteins,curated_class_level,2,matched configured target marker
562.65546,cefotaxime,present,True,product:d-alanyl-d-alanine carboxypeptidase; product:penicillin-binding protein,penicillin-binding proteins,curated_class_level,2,matched configured target marker
562.65546,chloramphenicol,present,True,product:23s rrna; product:large subunit ribosomal rna; product:lsu rrna,"50S ribosomal subunit, 23S rRNA peptidyl-transferase center",curated_class_level,2,matched configured target marker
562.65546,gentamicin,present,True,product:16s rrna; product:ribosomal protein s12; product:small subunit ribosomal rna; product:ssu rrna,"30S ribosomal subunit, 16S rRNA A-site",curated_class_level,1,matched configured target marker
562.65546,ampicillin,present,True,product:d-alanyl-d-alanine carboxypeptidase; product:penicillin-binding protein,penicillin-binding proteins,curated_class_level,2,matched configured target marker
562.65546,amoxicillin,present,True,product:d-alanyl-d-alanine carboxypeptidase; product:penicillin-binding protein,penicillin-binding proteins,curated_class_level,2,matched configured target marker
562.65546,ceftazidime,present,True,product:d-alanyl-d-alanine carboxypeptidase; product:penicillin-binding protein,penicillin-binding proteins,curated_class_level,2,matched configured target marker
562.65547,cefotaxime,present,True,product:d-alanyl-d-alanine carboxypeptidase; product:penicillin-binding protein,penicillin-binding proteins,curated_class_level,2,matched configured target marker
562.65547,chloramphenicol,present,True,product:23s rrna; product:large subunit ribosomal rna; product:lsu rrna,"50S ribosomal subunit, 23S rRNA peptidyl-transferase center",curated_class_level,2,matched configured target marker
562.65547,gentamicin,present,True,product:16s rrna; product:ribosomal protein s12; product:small subunit ribosomal rna; product:ssu rrna,"30S ribosomal subunit, 16S rRNA A-site",curated_class_level,1,matched configured target marker
562.65547,ampicillin,present,True,product:d-alanyl-d-alanine carboxypeptidase; product:penicillin-binding protein,penicillin-binding proteins,curated_class_level,2,matched configured target marker
562.65547,amoxicillin,present,True,product:d-alanyl-d-alanine carboxypeptidase; product:penicillin-binding protein,penicillin-binding proteins,curated_class_level,2,matched configured target marker
562.65547,ceftazidime,present,True,product:d-alanyl-d-alanine carboxypeptidase; product:penicillin-binding protein,penicillin-binding proteins,curated_class_level,2,matched configured target marker
562.65551,cefotaxime,present,True,product:d-alanyl-d-alanine carboxypeptidase; product:penicillin-binding protein,penicillin-binding proteins,curated_class_level,2,matched configured target marker
562.65551,chloramphenicol,present,True,product:23s rrna; product:large subunit ribosomal rna; product:lsu rrna,"50S ribosomal subunit, 23S rRNA peptidyl-transferase center",curated_class_level,2,matched configured target marker
562.65551,gentamicin,present,True,product:16s rrna; product:ribosomal protein s12; product:small subunit ribosomal rna; product:ssu rrna,"30S ribosomal subunit, 16S rRNA A-site",curated_class_level,1,matched configured target marker
562.65551,ampicillin,present,True,product:d-alanyl-d-alanine carboxypeptidase; product:penicillin-binding protein,penicillin-binding proteins,curated_class_level,2,matched configured target marker
562.65551,amoxicillin,present,True,product:d-alanyl-d-alanine carboxypeptidase; product:penicillin-binding protein,penicillin-binding proteins,curated_class_level,2,matched configured target marker
562.65551,ceftazidime,present,True,product:d-alanyl-d-alanine carboxypeptidase; product:penicillin-binding protein,penicillin-binding proteins,curated_class_level,2,matched configured target marker
562.65552,cefotaxime,present,True,product:d-alanyl-d-alanine carboxypeptidase; product:penicillin-binding protein,penicillin-binding proteins,curated_class_level,2,matched configured target marker
562.65552,chloramphenicol,present,True,product:23s rrna; product:large subunit ribosomal rna; product:lsu rrna,"50S ribosomal subunit, 23S rRNA peptidyl-transferase center",curated_class_level,2,matched configured target marker
562.65552,gentamicin,present,True,product:16s rrna; product:ribosomal protein s12; product:small subunit ribosomal rna; product:ssu rrna,"30S ribosomal subunit, 16S rRNA A-site",curated_class_level,1,matched configured target marker
562.65552,ampicillin,present,True,product:d-alanyl-d-alanine carboxypeptidase; product:penicillin-binding protein,penicillin-binding proteins,curated_class_level,2,matched configured target marker
562.65552,amoxicillin,present,True,product:d-alanyl-d-alanine carboxypeptidase; product:penicillin-binding protein,penicillin-binding proteins,curated_class_level,2,matched configured target marker
562.65552,ceftazidime,present,True,product:d-alanyl-d-alanine carboxypeptidase; product:penicillin-binding protein,penicillin-binding proteins,curated_class_level,2,matched configured target marker
562.65553,cefotaxime,present,True,product:d-alanyl-d-alanine carboxypeptidase; product:penicillin-binding protein,penicillin-binding proteins,curated_class_level,2,matched configured target marker
562.65553,chloramphenicol,present,True,product:23s rrna; product:large subunit ribosomal rna; product:lsu rrna,"50S ribosomal subunit, 23S rRNA peptidyl-transferase center",curated_class_level,2,matched configured target marker
562.65553,gentamicin,present,True,product:16s rrna; product:ribosomal protein s12; product:small subunit ribosomal rna; product:ssu rrna,"30S ribosomal subunit, 16S rRNA A-site",curated_class_level,1,matched configured target marker
562.65553,ampicillin,present,True,product:d-alanyl-d-alanine carboxypeptidase; product:penicillin-binding protein,penicillin-binding proteins,curated_class_level,2,matched configured target marker
562.65553,amoxicillin,present,True,product:d-alanyl-d-alanine carboxypeptidase; product:penicillin-binding protein,penicillin-binding proteins,curated_class_level,2,matched configured target marker
562.65553,ceftazidime,present,True,product:d-alanyl-d-alanine carboxypeptidase; product:penicillin-binding protein,penicillin-binding proteins,curated_class_level,2,matched configured target marker
562.65556,cefotaxime,present,True,product:d-alanyl-d-alanine carboxypeptidase; product:penicillin-binding protein,penicillin-binding proteins,curated_class_level,2,matched configured target marker
562.65556,chloramphenicol,present,True,product:23s rrna; product:large subunit ribosomal rna; product:lsu rrna,"50S ribosomal subunit, 23S rRNA peptidyl-transferase center",curated_class_level,2,matched configured target marker
562.65556,gentamicin,present,True,product:16s rrna; product:ribosomal protein s12; product:small subunit ribosomal rna; product:ssu rrna,"30S ribosomal subunit, 16S rRNA A-site",curated_class_level,1,matched configured target marker
562.65556,ampicillin,present,True,product:d-alanyl-d-alanine carboxypeptidase; product:penicillin-binding protein,penicillin-binding proteins,curated_class_level,2,matched configured target marker
562.65556,amoxicillin,present,True,product:d-alanyl-d-alanine carboxypeptidase; product:penicillin-binding protein,penicillin-binding proteins,curated_class_level,2,matched configured target marker
562.65556,ceftazidime,present,True,product:d-alanyl-d-alanine carboxypeptidase; product:penicillin-binding protein,penicillin-binding proteins,curated_class_level,2,matched configured target marker
562.65557,cefotaxime,present,True,product:d-alanyl-d-alanine carboxypeptidase; product:penicillin-binding protein,penicillin-binding proteins,curated_class_level,2,matched configured target marker
562.65557,chloramphenicol,present,True,product:23s rrna; product:large subunit ribosomal rna; product:lsu rrna,"50S ribosomal subunit, 23S rRNA peptidyl-transferase center",curated_class_level,2,matched configured target marker
562.65557,gentamicin,present,True,product:16s rrna; product:ribosomal protein s12; product:small subunit ribosomal rna; product:ssu rrna,"30S ribosomal subunit, 16S rRNA A-site",curated_class_level,1,matched configured target marker
562.65557,ampicillin,present,True,product:d-alanyl-d-alanine carboxypeptidase; product:penicillin-binding protein,penicillin-binding proteins,curated_class_level,2,matched configured target marker
562.65557,amoxicillin,present,True,product:d-alanyl-d-alanine carboxypeptidase; product:penicillin-binding protein,penicillin-binding proteins,curated_class_level,2,matched configured target marker
562.65557,ceftazidime,present,True,product:d-alanyl-d-alanine carboxypeptidase; product:penicillin-binding protein,penicillin-binding proteins,curated_class_level,2,matched configured target marker
562.65568,cefotaxime,present,True,product:d-alanyl-d-alanine carboxypeptidase; product:penicillin-binding protein,penicillin-binding proteins,curated_class_level,2,matched configured target marker
562.65568,chloramphenicol,present,True,product:23s rrna; product:large subunit ribosomal rna; product:lsu rrna,"50S ribosomal subunit, 23S rRNA peptidyl-transferase center",curated_class_level,2,matched configured target marker
562.65568,gentamicin,present,True,product:16s rrna; product:ribosomal protein s12; product:small subunit ribosomal rna; product:ssu rrna,"30S ribosomal subunit, 16S rRNA A-site",curated_class_level,1,matched configured target marker
562.65568,ampicillin,present,True,product:d-alanyl-d-alanine carboxypeptidase; product:penicillin-binding protein,penicillin-binding proteins,curated_class_level,2,matched configured target marker
562.65568,amoxicillin,present,True,product:d-alanyl-d-alanine carboxypeptidase; product:penicillin-binding protein,penicillin-binding proteins,curated_class_level,2,matched configured target marker
562.65568,ceftazidime,present,True,product:d-alanyl-d-alanine carboxypeptidase; product:penicillin-binding protein,penicillin-binding proteins,curated_class_level,2,matched configured target marker
562.65571,cefotaxime,present,True,product:d-alanyl-d-alanine carboxypeptidase; product:penicillin-binding protein,penicillin-binding proteins,curated_class_level,2,matched configured target marker
562.65571,chloramphenicol,present,True,product:23s rrna; product:large subunit ribosomal rna; product:lsu rrna,"50S ribosomal subunit, 23S rRNA peptidyl-transferase center",curated_class_level,2,matched configured target marker
562.65571,gentamicin,present,True,product:16s rrna; product:ribosomal protein s12; product:small subunit ribosomal rna; product:ssu rrna,"30S ribosomal subunit, 16S rRNA A-site",curated_class_level,1,matched configured target marker
562.65571,ampicillin,present,True,product:d-alanyl-d-alanine carboxypeptidase; product:penicillin-binding protein,penicillin-binding proteins,curated_class_level,2,matched configured target marker
562.65571,amoxicillin,present,True,product:d-alanyl-d-alanine carboxypeptidase; product:penicillin-binding protein,penicillin-binding proteins,curated_class_level,2,matched configured target marker
562.65571,ceftazidime,present,True,product:d-alanyl-d-alanine carboxypeptidase; product:penicillin-binding protein,penicillin-binding proteins,curated_class_level,2,matched configured target marker
562.65573,cefotaxime,present,True,product:d-alanyl-d-alanine carboxypeptidase; product:penicillin-binding protein,penicillin-binding proteins,curated_class_level,2,matched configured target marker
562.65573,chloramphenicol,present,True,product:23s rrna; product:large subunit ribosomal rna; product:lsu rrna,"50S ribosomal subunit, 23S rRNA peptidyl-transferase center",curated_class_level,2,matched configured target marker
562.65573,gentamicin,present,True,product:16s rrna; product:ribosomal protein s12; product:small subunit ribosomal rna; product:ssu rrna,"30S ribosomal subunit, 16S rRNA A-site",curated_class_level,1,matched configured target marker
562.65573,ampicillin,present,True,product:d-alanyl-d-alanine carboxypeptidase; product:penicillin-binding protein,penicillin-binding proteins,curated_class_level,2,matched configured target marker
562.65573,amoxicillin,present,True,product:d-alanyl-d-alanine carboxypeptidase; product:penicillin-binding protein,penicillin-binding proteins,curated_class_level,2,matched configured target marker
562.65573,ceftazidime,present,True,product:d-alanyl-d-alanine carboxypeptidase; product:penicillin-binding protein,penicillin-binding proteins,curated_class_level,2,matched configured target marker
562.65581,cefotaxime,present,True,product:d-alanyl-d-alanine carboxypeptidase; product:penicillin-binding protein,penicillin-binding proteins,curated_class_level,2,matched configured target marker
562.65581,chloramphenicol,present,True,product:23s rrna; product:large subunit ribosomal rna; product:lsu rrna,"50S ribosomal subunit, 23S rRNA peptidyl-transferase center",curated_class_level,2,matched configured target marker
562.65581,gentamicin,present,True,product:16s rrna; product:ribosomal protein s12; product:small subunit ribosomal rna; product:ssu rrna,"30S ribosomal subunit, 16S rRNA A-site",curated_class_level,1,matched configured target marker
562.65581,ampicillin,present,True,product:d-alanyl-d-alanine carboxypeptidase; product:penicillin-binding protein,penicillin-binding proteins,curated_class_level,2,matched configured target marker
562.65581,amoxicillin,present,True,product:d-alanyl-d-alanine carboxypeptidase; product:penicillin-binding protein,penicillin-binding proteins,curated_class_level,2,matched configured target marker
562.65581,ceftazidime,present,True,product:d-alanyl-d-alanine carboxypeptidase; product:penicillin-binding protein,penicillin-binding proteins,curated_class_level,2,matched configured target marker
562.65586,cefotaxime,present,True,product:d-alanyl-d-alanine carboxypeptidase; product:penicillin-binding protein,penicillin-binding proteins,curated_class_level,2,matched configured target marker
562.65586,chloramphenicol,present,True,product:23s rrna; product:large subunit ribosomal rna; product:lsu rrna,"50S ribosomal subunit, 23S rRNA peptidyl-transferase center",curated_class_level,2,matched configured target marker
562.65586,gentamicin,present,True,product:16s rrna; product:ribosomal protein s12; product:small subunit ribosomal rna; product:ssu rrna,"30S ribosomal subunit, 16S rRNA A-site",curated_class_level,1,matched configured target marker
562.65586,ampicillin,present,True,product:d-alanyl-d-alanine carboxypeptidase; product:penicillin-binding protein,penicillin-binding proteins,curated_class_level,2,matched configured target marker
562.65586,amoxicillin,present,True,product:d-alanyl-d-alanine carboxypeptidase; product:penicillin-binding protein,penicillin-binding proteins,curated_class_level,2,matched configured target marker
562.65586,ceftazidime,present,True,product:d-alanyl-d-alanine carboxypeptidase; product:penicillin-binding protein,penicillin-binding proteins,curated_class_level,2,matched configured target marker
562.65587,cefotaxime,present,True,product:d-alanyl-d-alanine carboxypeptidase; product:penicillin-binding protein,penicillin-binding proteins,curated_class_level,2,matched configured target marker
562.65587,chloramphenicol,present,True,product:23s rrna; product:large subunit ribosomal rna; product:lsu rrna,"50S ribosomal subunit, 23S rRNA peptidyl-transferase center",curated_class_level,2,matched configured target marker
562.65587,gentamicin,present,True,product:16s rrna; product:ribosomal protein s12; product:small subunit ribosomal rna; product:ssu rrna,"30S ribosomal subunit, 16S rRNA A-site",curated_class_level,1,matched configured target marker
562.65587,ampicillin,present,True,product:d-alanyl-d-alanine carboxypeptidase; product:penicillin-binding protein,penicillin-binding proteins,curated_class_level,2,matched configured target marker
562.65587,amoxicillin,present,True,product:d-alanyl-d-alanine carboxypeptidase; product:penicillin-binding protein,penicillin-binding proteins,curated_class_level,2,matched configured target marker
562.65587,ceftazidime,present,True,product:d-alanyl-d-alanine carboxypeptidase; product:penicillin-binding protein,penicillin-binding proteins,curated_class_level,2,matched configured target marker
562.65589,cefotaxime,present,True,product:d-alanyl-d-alanine carboxypeptidase; product:penicillin-binding protein,penicillin-binding proteins,curated_class_level,2,matched configured target marker
562.65589,chloramphenicol,present,True,product:23s rrna; product:large subunit ribosomal rna; product:lsu rrna,"50S ribosomal subunit, 23S rRNA peptidyl-transferase center",curated_class_level,2,matched configured target marker
562.65589,gentamicin,present,True,product:16s rrna; product:ribosomal protein s12; product:small subunit ribosomal rna; product:ssu rrna,"30S ribosomal subunit, 16S rRNA A-site",curated_class_level,1,matched configured target marker
562.65589,ampicillin,present,True,product:d-alanyl-d-alanine carboxypeptidase; product:penicillin-binding protein,penicillin-binding proteins,curated_class_level,2,matched configured target marker
562.65589,amoxicillin,present,True,product:d-alanyl-d-alanine carboxypeptidase; product:penicillin-binding protein,penicillin-binding proteins,curated_class_level,2,matched configured target marker
562.65589,ceftazidime,present,True,product:d-alanyl-d-alanine carboxypeptidase; product:penicillin-binding protein,penicillin-binding proteins,curated_class_level,2,matched configured target marker
562.65593,cefotaxime,present,True,product:d-alanyl-d-alanine carboxypeptidase; product:penicillin-binding protein,penicillin-binding proteins,curated_class_level,2,matched configured target marker
562.65593,chloramphenicol,present,True,product:23s rrna; product:large subunit ribosomal rna; product:lsu rrna,"50S ribosomal subunit, 23S rRNA peptidyl-transferase center",curated_class_level,2,matched configured target marker
562.65593,gentamicin,present,True,product:16s rrna; product:ribosomal protein s12; product:small subunit ribosomal rna; product:ssu rrna,"30S ribosomal subunit, 16S rRNA A-site",curated_class_level,1,matched configured target marker
562.65593,ampicillin,present,True,product:d-alanyl-d-alanine carboxypeptidase; product:penicillin-binding protein,penicillin-binding proteins,curated_class_level,2,matched configured target marker
562.65593,amoxicillin,present,True,product:d-alanyl-d-alanine carboxypeptidase; product:penicillin-binding protein,penicillin-binding proteins,curated_class_level,2,matched configured target marker
562.65593,ceftazidime,present,True,product:d-alanyl-d-alanine carboxypeptidase; product:penicillin-binding protein,penicillin-binding proteins,curated_class_level,2,matched configured target marker
562.65597,cefotaxime,present,True,product:d-alanyl-d-alanine carboxypeptidase; product:penicillin-binding protein,penicillin-binding proteins,curated_class_level,2,matched configured target marker
562.65597,chloramphenicol,present,True,product:23s rrna; product:large subunit ribosomal rna; product:lsu rrna,"50S ribosomal subunit, 23S rRNA peptidyl-transferase center",curated_class_level,2,matched configured target marker
562.65597,gentamicin,present,True,product:16s rrna; product:ribosomal protein s12; product:small subunit ribosomal rna; product:ssu rrna,"30S ribosomal subunit, 16S rRNA A-site",curated_class_level,1,matched configured target marker
562.65597,ampicillin,present,True,product:d-alanyl-d-alanine carboxypeptidase; product:penicillin-binding protein,penicillin-binding proteins,curated_class_level,2,matched configured target marker
562.65597,amoxicillin,present,True,product:d-alanyl-d-alanine carboxypeptidase; product:penicillin-binding protein,penicillin-binding proteins,curated_class_level,2,matched configured target marker
562.65597,ceftazidime,present,True,product:d-alanyl-d-alanine carboxypeptidase; product:penicillin-binding protein,penicillin-binding proteins,curated_class_level,2,matched configured target marker
562.65599,cefotaxime,present,True,product:d-alanyl-d-alanine carboxypeptidase; product:penicillin-binding protein,penicillin-binding proteins,curated_class_level,2,matched configured target marker
562.65599,chloramphenicol,present,True,product:23s rrna; product:large subunit ribosomal rna; product:lsu rrna,"50S ribosomal subunit, 23S rRNA peptidyl-transferase center",curated_class_level,2,matched configured target marker
562.65599,gentamicin,present,True,product:16s rrna; product:ribosomal protein s12; product:small subunit ribosomal rna; product:ssu rrna,"30S ribosomal subunit, 16S rRNA A-site",curated_class_level,1,matched configured target marker
562.65599,ampicillin,present,True,product:d-alanyl-d-alanine carboxypeptidase; product:penicillin-binding protein,penicillin-binding proteins,curated_class_level,2,matched configured target marker
562.65599,amoxicillin,present,True,product:d-alanyl-d-alanine carboxypeptidase; product:penicillin-binding protein,penicillin-binding proteins,curated_class_level,2,matched configured target marker
562.65599,ceftazidime,present,True,product:d-alanyl-d-alanine carboxypeptidase; product:penicillin-binding protein,penicillin-binding proteins,curated_class_level,2,matched configured target marker
562.65601,cefotaxime,present,True,product:d-alanyl-d-alanine carboxypeptidase; product:penicillin-binding protein,penicillin-binding proteins,curated_class_level,2,matched configured target marker
562.65601,chloramphenicol,present,True,product:23s rrna; product:large subunit ribosomal rna; product:lsu rrna,"50S ribosomal subunit, 23S rRNA peptidyl-transferase center",curated_class_level,2,matched configured target marker
562.65601,gentamicin,present,True,product:16s rrna; product:ribosomal protein s12; product:small subunit ribosomal rna; product:ssu rrna,"30S ribosomal subunit, 16S rRNA A-site",curated_class_level,1,matched configured target marker
562.65601,ampicillin,present,True,product:d-alanyl-d-alanine carboxypeptidase; product:penicillin-binding protein,penicillin-binding proteins,curated_class_level,2,matched configured target marker
562.65601,amoxicillin,present,True,product:d-alanyl-d-alanine carboxypeptidase; product:penicillin-binding protein,penicillin-binding proteins,curated_class_level,2,matched configured target marker
562.65601,ceftazidime,present,True,product:d-alanyl-d-alanine carboxypeptidase; product:penicillin-binding protein,penicillin-binding proteins,curated_class_level,2,matched configured target marker
562.65603,cefotaxime,present,True,product:d-alanyl-d-alanine carboxypeptidase; product:penicillin-binding protein,penicillin-binding proteins,curated_class_level,2,matched configured target marker
562.65603,chloramphenicol,present,True,product:23s rrna; product:large subunit ribosomal rna; product:lsu rrna,"50S ribosomal subunit, 23S rRNA peptidyl-transferase center",curated_class_level,2,matched configured target marker
562.65603,gentamicin,present,True,product:16s rrna; product:ribosomal protein s12; product:small subunit ribosomal rna; product:ssu rrna,"30S ribosomal subunit, 16S rRNA A-site",curated_class_level,1,matched configured target marker
562.65603,ampicillin,present,True,product:d-alanyl-d-alanine carboxypeptidase; product:penicillin-binding protein,penicillin-binding proteins,curated_class_level,2,matched configured target marker
562.65603,amoxicillin,present,True,product:d-alanyl-d-alanine carboxypeptidase; product:penicillin-binding protein,penicillin-binding proteins,curated_class_level,2,matched configured target marker
562.65603,ceftazidime,present,True,product:d-alanyl-d-alanine carboxypeptidase; product:penicillin-binding protein,penicillin-binding proteins,curated_class_level,2,matched configured target marker
562.65607,cefotaxime,present,True,product:d-alanyl-d-alanine carboxypeptidase; product:penicillin-binding protein,penicillin-binding proteins,curated_class_level,2,matched configured target marker
562.65607,chloramphenicol,present,True,product:23s rrna; product:large subunit ribosomal rna; product:lsu rrna,"50S ribosomal subunit, 23S rRNA peptidyl-transferase center",curated_class_level,2,matched configured target marker
562.65607,gentamicin,present,True,product:16s rrna; product:ribosomal protein s12; product:small subunit ribosomal rna; product:ssu rrna,"30S ribosomal subunit, 16S rRNA A-site",curated_class_level,1,matched configured target marker
562.65607,ampicillin,present,True,product:d-alanyl-d-alanine carboxypeptidase; product:penicillin-binding protein,penicillin-binding proteins,curated_class_level,2,matched configured target marker
562.65607,amoxicillin,present,True,product:d-alanyl-d-alanine carboxypeptidase; product:penicillin-binding protein,penicillin-binding proteins,curated_class_level,2,matched configured target marker
562.65607,ceftazidime,present,True,product:d-alanyl-d-alanine carboxypeptidase; product:penicillin-binding protein,penicillin-binding proteins,curated_class_level,2,matched configured target marker
562.65609,cefotaxime,present,True,product:d-alanyl-d-alanine carboxypeptidase; product:penicillin-binding protein,penicillin-binding proteins,curated_class_level,2,matched configured target marker
562.65609,chloramphenicol,present,True,product:23s rrna; product:large subunit ribosomal rna; product:lsu rrna,"50S ribosomal subunit, 23S rRNA peptidyl-transferase center",curated_class_level,2,matched configured target marker
562.65609,gentamicin,present,True,product:16s rrna; product:ribosomal protein s12; product:small subunit ribosomal rna; product:ssu rrna,"30S ribosomal subunit, 16S rRNA A-site",curated_class_level,1,matched configured target marker
562.65609,ampicillin,present,True,product:d-alanyl-d-alanine carboxypeptidase; product:penicillin-binding protein,penicillin-binding proteins,curated_class_level,2,matched configured target marker
562.65609,amoxicillin,present,True,product:d-alanyl-d-alanine carboxypeptidase; product:penicillin-binding protein,penicillin-binding proteins,curated_class_level,2,matched configured target marker
562.65609,ceftazidime,present,True,product:d-alanyl-d-alanine carboxypeptidase; product:penicillin-binding protein,penicillin-binding proteins,curated_class_level,2,matched configured target marker
562.65614,cefotaxime,present,True,product:d-alanyl-d-alanine carboxypeptidase; product:penicillin-binding protein,penicillin-binding proteins,curated_class_level,2,matched configured target marker
562.65614,chloramphenicol,present,True,product:23s rrna; product:large subunit ribosomal rna; product:lsu rrna,"50S ribosomal subunit, 23S rRNA peptidyl-transferase center",curated_class_level,2,matched configured target marker
562.65614,gentamicin,present,True,product:16s rrna; product:ribosomal protein s12; product:small subunit ribosomal rna; product:ssu rrna,"30S ribosomal subunit, 16S rRNA A-site",curated_class_level,1,matched configured target marker
562.65614,ampicillin,present,True,product:d-alanyl-d-alanine carboxypeptidase; product:penicillin-binding protein,penicillin-binding proteins,curated_class_level,2,matched configured target marker
562.65614,amoxicillin,present,True,product:d-alanyl-d-alanine carboxypeptidase; product:penicillin-binding protein,penicillin-binding proteins,curated_class_level,2,matched configured target marker
562.65614,ceftazidime,present,True,product:d-alanyl-d-alanine carboxypeptidase; product:penicillin-binding protein,penicillin-binding proteins,curated_class_level,2,matched configured target marker
562.65617,cefotaxime,present,True,product:d-alanyl-d-alanine carboxypeptidase; product:penicillin-binding protein,penicillin-binding proteins,curated_class_level,2,matched configured target marker
562.65617,chloramphenicol,present,True,product:23s rrna; product:large subunit ribosomal rna; product:lsu rrna,"50S ribosomal subunit, 23S rRNA peptidyl-transferase center",curated_class_level,2,matched configured target marker
562.65617,gentamicin,present,True,product:16s rrna; product:ribosomal protein s12; product:small subunit ribosomal rna; product:ssu rrna,"30S ribosomal subunit, 16S rRNA A-site",curated_class_level,1,matched configured target marker
562.65617,ampicillin,present,True,product:d-alanyl-d-alanine carboxypeptidase; product:penicillin-binding protein,penicillin-binding proteins,curated_class_level,2,matched configured target marker
562.65617,amoxicillin,present,True,product:d-alanyl-d-alanine carboxypeptidase; product:penicillin-binding protein,penicillin-binding proteins,curated_class_level,2,matched configured target marker
562.65617,ceftazidime,present,True,product:d-alanyl-d-alanine carboxypeptidase; product:penicillin-binding protein,penicillin-binding proteins,curated_class_level,2,matched configured target marker
562.65619,cefotaxime,present,True,product:d-alanyl-d-alanine carboxypeptidase; product:penicillin-binding protein,penicillin-binding proteins,curated_class_level,2,matched configured target marker
562.65619,chloramphenicol,present,True,product:23s rrna; product:large subunit ribosomal rna; product:lsu rrna,"50S ribosomal subunit, 23S rRNA peptidyl-transferase center",curated_class_level,2,matched configured target marker
562.65619,gentamicin,present,True,product:16s rrna; product:ribosomal protein s12; product:small subunit ribosomal rna; product:ssu rrna,"30S ribosomal subunit, 16S rRNA A-site",curated_class_level,1,matched configured target marker
562.65619,ampicillin,present,True,product:d-alanyl-d-alanine carboxypeptidase; product:penicillin-binding protein,penicillin-binding proteins,curated_class_level,2,matched configured target marker
562.65619,amoxicillin,present,True,product:d-alanyl-d-alanine carboxypeptidase; product:penicillin-binding protein,penicillin-binding proteins,curated_class_level,2,matched configured target marker
562.65619,ceftazidime,present,True,product:d-alanyl-d-alanine carboxypeptidase; product:penicillin-binding protein,penicillin-binding proteins,curated_class_level,2,matched configured target marker
562.65621,cefotaxime,present,True,product:d-alanyl-d-alanine carboxypeptidase; product:penicillin-binding protein,penicillin-binding proteins,curated_class_level,2,matched configured target marker
562.65621,chloramphenicol,present,True,product:23s rrna; product:large subunit ribosomal rna; product:lsu rrna,"50S ribosomal subunit, 23S rRNA peptidyl-transferase center",curated_class_level,2,matched configured target marker
562.65621,gentamicin,present,True,product:16s rrna; product:ribosomal protein s12; product:small subunit ribosomal rna; product:ssu rrna,"30S ribosomal subunit, 16S rRNA A-site",curated_class_level,1,matched configured target marker
562.65621,ampicillin,present,True,product:d-alanyl-d-alanine carboxypeptidase; product:penicillin-binding protein,penicillin-binding proteins,curated_class_level,2,matched configured target marker
562.65621,amoxicillin,present,True,product:d-alanyl-d-alanine carboxypeptidase; product:penicillin-binding protein,penicillin-binding proteins,curated_class_level,2,matched configured target marker
562.65621,ceftazidime,present,True,product:d-alanyl-d-alanine carboxypeptidase; product:penicillin-binding protein,penicillin-binding proteins,curated_class_level,2,matched configured target marker
562.65622,cefotaxime,present,True,product:d-alanyl-d-alanine carboxypeptidase; product:penicillin-binding protein,penicillin-binding proteins,curated_class_level,2,matched configured target marker
562.65622,chloramphenicol,present,True,product:23s rrna; product:large subunit ribosomal rna; product:lsu rrna,"50S ribosomal subunit, 23S rRNA peptidyl-transferase center",curated_class_level,2,matched configured target marker
562.65622,gentamicin,present,True,product:16s rrna; product:ribosomal protein s12; product:small subunit ribosomal rna; product:ssu rrna,"30S ribosomal subunit, 16S rRNA A-site",curated_class_level,1,matched configured target marker
562.65622,ampicillin,present,True,product:d-alanyl-d-alanine carboxypeptidase; product:penicillin-binding protein,penicillin-binding proteins,curated_class_level,2,matched configured target marker
562.65622,amoxicillin,present,True,product:d-alanyl-d-alanine carboxypeptidase; product:penicillin-binding protein,penicillin-binding proteins,curated_class_level,2,matched configured target marker
562.65622,ceftazidime,present,True,product:d-alanyl-d-alanine carboxypeptidase; product:penicillin-binding protein,penicillin-binding proteins,curated_class_level,2,matched configured target marker
562.65623,cefotaxime,present,True,product:d-alanyl-d-alanine carboxypeptidase; product:penicillin-binding protein,penicillin-binding proteins,curated_class_level,2,matched configured target marker
562.65623,chloramphenicol,present,True,product:23s rrna; product:large subunit ribosomal rna; product:lsu rrna,"50S ribosomal subunit, 23S rRNA peptidyl-transferase center",curated_class_level,2,matched configured target marker
562.65623,gentamicin,present,True,product:16s rrna; product:ribosomal protein s12; product:small subunit ribosomal rna; product:ssu rrna,"30S ribosomal subunit, 16S rRNA A-site",curated_class_level,1,matched configured target marker
562.65623,ampicillin,present,True,product:d-alanyl-d-alanine carboxypeptidase; product:penicillin-binding protein,penicillin-binding proteins,curated_class_level,2,matched configured target marker
562.65623,amoxicillin,present,True,product:d-alanyl-d-alanine carboxypeptidase; product:penicillin-binding protein,penicillin-binding proteins,curated_class_level,2,matched configured target marker
562.65623,ceftazidime,present,True,product:d-alanyl-d-alanine carboxypeptidase; product:penicillin-binding protein,penicillin-binding proteins,curated_class_level,2,matched configured target marker
562.65624,cefotaxime,present,True,product:d-alanyl-d-alanine carboxypeptidase; product:penicillin-binding protein,penicillin-binding proteins,curated_class_level,2,matched configured target marker
562.65624,chloramphenicol,present,True,product:23s rrna; product:large subunit ribosomal rna; product:lsu rrna,"50S ribosomal subunit, 23S rRNA peptidyl-transferase center",curated_class_level,2,matched configured target marker
562.65624,gentamicin,present,True,product:16s rrna; product:ribosomal protein s12; product:small subunit ribosomal rna; product:ssu rrna,"30S ribosomal subunit, 16S rRNA A-site",curated_class_level,1,matched configured target marker
562.65624,ampicillin,present,True,product:d-alanyl-d-alanine carboxypeptidase; product:penicillin-binding protein,penicillin-binding proteins,curated_class_level,2,matched configured target marker
562.65624,amoxicillin,present,True,product:d-alanyl-d-alanine carboxypeptidase; product:penicillin-binding protein,penicillin-binding proteins,curated_class_level,2,matched configured target marker
562.65624,ceftazidime,present,True,product:d-alanyl-d-alanine carboxypeptidase; product:penicillin-binding protein,penicillin-binding proteins,curated_class_level,2,matched configured target marker
562.65626,cefotaxime,present,True,product:d-alanyl-d-alanine carboxypeptidase; product:penicillin-binding protein,penicillin-binding proteins,curated_class_level,2,matched configured target marker
562.65626,chloramphenicol,present,True,product:23s rrna; product:large subunit ribosomal rna; product:lsu rrna,"50S ribosomal subunit, 23S rRNA peptidyl-transferase center",curated_class_level,2,matched configured target marker
562.65626,gentamicin,present,True,product:16s rrna; product:ribosomal protein s12; product:small subunit ribosomal rna; product:ssu rrna,"30S ribosomal subunit, 16S rRNA A-site",curated_class_level,1,matched configured target marker
562.65626,ampicillin,present,True,product:d-alanyl-d-alanine carboxypeptidase; product:penicillin-binding protein,penicillin-binding proteins,curated_class_level,2,matched configured target marker
562.65626,amoxicillin,present,True,product:d-alanyl-d-alanine carboxypeptidase; product:penicillin-binding protein,penicillin-binding proteins,curated_class_level,2,matched configured target marker
562.65626,ceftazidime,present,True,product:d-alanyl-d-alanine carboxypeptidase; product:penicillin-binding protein,penicillin-binding proteins,curated_class_level,2,matched configured target marker
562.65628,cefotaxime,present,True,product:d-alanyl-d-alanine carboxypeptidase; product:penicillin-binding protein,penicillin-binding proteins,curated_class_level,2,matched configured target marker
562.65628,chloramphenicol,present,True,product:23s rrna; product:large subunit ribosomal rna; product:lsu rrna,"50S ribosomal subunit, 23S rRNA peptidyl-transferase center",curated_class_level,2,matched configured target marker
562.65628,gentamicin,present,True,product:16s rrna; product:ribosomal protein s12; product:small subunit ribosomal rna; product:ssu rrna,"30S ribosomal subunit, 16S rRNA A-site",curated_class_level,1,matched configured target marker
562.65628,ampicillin,present,True,product:d-alanyl-d-alanine carboxypeptidase; product:penicillin-binding protein,penicillin-binding proteins,curated_class_level,2,matched configured target marker
562.65628,amoxicillin,present,True,product:d-alanyl-d-alanine carboxypeptidase; product:penicillin-binding protein,penicillin-binding proteins,curated_class_level,2,matched configured target marker
562.65628,ceftazidime,present,True,product:d-alanyl-d-alanine carboxypeptidase; product:penicillin-binding protein,penicillin-binding proteins,curated_class_level,2,matched configured target marker
562.65632,cefotaxime,present,True,product:d-alanyl-d-alanine carboxypeptidase; product:penicillin-binding protein,penicillin-binding proteins,curated_class_level,2,matched configured target marker
562.65632,chloramphenicol,present,True,product:23s rrna; product:large subunit ribosomal rna; product:lsu rrna,"50S ribosomal subunit, 23S rRNA peptidyl-transferase center",curated_class_level,2,matched configured target marker
562.65632,gentamicin,present,True,product:16s rrna; product:ribosomal protein s12; product:small subunit ribosomal rna; product:ssu rrna,"30S ribosomal subunit, 16S rRNA A-site",curated_class_level,1,matched configured target marker
562.65632,ampicillin,present,True,product:d-alanyl-d-alanine carboxypeptidase; product:penicillin-binding protein,penicillin-binding proteins,curated_class_level,2,matched configured target marker
562.65632,amoxicillin,present,True,product:d-alanyl-d-alanine carboxypeptidase; product:penicillin-binding protein,penicillin-binding proteins,curated_class_level,2,matched configured target marker
562.65632,ceftazidime,present,True,product:d-alanyl-d-alanine carboxypeptidase; product:penicillin-binding protein,penicillin-binding proteins,curated_class_level,2,matched configured target marker
562.65634,cefotaxime,present,True,product:d-alanyl-d-alanine carboxypeptidase; product:penicillin-binding protein,penicillin-binding proteins,curated_class_level,2,matched configured target marker
562.65634,chloramphenicol,present,True,product:23s rrna; product:large subunit ribosomal rna; product:lsu rrna,"50S ribosomal subunit, 23S rRNA peptidyl-transferase center",curated_class_level,2,matched configured target marker
562.65634,gentamicin,present,True,product:16s rrna; product:ribosomal protein s12; product:small subunit ribosomal rna; product:ssu rrna,"30S ribosomal subunit, 16S rRNA A-site",curated_class_level,1,matched configured target marker
562.65634,ampicillin,present,True,product:d-alanyl-d-alanine carboxypeptidase; product:penicillin-binding protein,penicillin-binding proteins,curated_class_level,2,matched configured target marker
562.65634,amoxicillin,present,True,product:d-alanyl-d-alanine carboxypeptidase; product:penicillin-binding protein,penicillin-binding proteins,curated_class_level,2,matched configured target marker
562.65634,ceftazidime,present,True,product:d-alanyl-d-alanine carboxypeptidase; product:penicillin-binding protein,penicillin-binding proteins,curated_class_level,2,matched configured target marker
