genome_id,element_symbol,element_name,type,subtype,class,subclass,method,identity_to_reference,coverage_of_reference
562.58703,uhpT_E350Q,Escherichia fosfomycin resistant UhpT,AMR,POINT,FOSFOMYCIN,FOSFOMYCIN,POINTX,95.68,100.0
562.58703,terW,tellurium resistance protein TerW,STRESS,METAL,TELLURIUM,TELLURIUM,EXACTX,100.0,100.0
562.58703,terZ,tellurium resistance-associated protein TerZ,STRESS,METAL,TELLURIUM,TELLURIUM,BLASTX,98.96,100.0
562.58703,terD,tellurium resistance membrane protein TerD,STRESS,METAL,TELLURIUM,TELLURIUM,BLASTX,96.35,100.0
562.58703,blaCMY,CMY-2 family class C beta-lactamase,AMR,AMR,BETA-LACTAM,CEPHALOSPORIN,BLASTX,98.69,100.0
562.58703,ybtQ,yersiniabactin ABC transporter ATP-binding/permease protein YbtQ,VIRULENCE,VIRULENCE,nan,nan,BLASTX,99.67,100.0
562.58703,ybtP,yersiniabactin ABC transporter ATP-binding/permease protein YbtP,VIRULENCE,VIRULENCE,nan,nan,BLASTX,99.5,100.0
562.58703,qnrB38,quinolone resistance pentapeptide repeat protein QnrB38,AMR,AMR,QUINOLONE,QUINOLONE,ALLELEX,100.0,100.0
562.58703,dfrA1,trimethoprim-resistant dihydrofolate reductase DfrA1,AMR,AMR,TRIMETHOPRIM,TRIMETHOPRIM,EXACTX,100.0,100.0
562.58703,aadA1,ANT(3'')-Ia family aminoglycoside nucleotidyltransferase AadA1,AMR,AMR,AMINOGLYCOSIDE,STREPTOMYCIN,EXACTX,100.0,100.0
562.58703,qacEdelta1,quaternary ammonium compound efflux SMR transporter QacE delta 1,STRESS,BIOCIDE,QUATERNARY AMMONIUM,QUATERNARY AMMONIUM,ALLELEX,100.0,100.0
562.58703,sul1,sulfonamide-resistant dihydropteroate synthase Sul1,AMR,AMR,SULFONAMIDE,SULFONAMIDE,EXACTX,100.0,100.0
562.58703,merC,organomercurial transporter MerC,STRESS,METAL,MERCURY,ORGANOMERCURY,EXACTX,100.0,100.0
562.58703,merP,mercury resistance system periplasmic binding protein MerP,STRESS,METAL,MERCURY,MERCURY,BLASTX,90.11,100.0
562.58703,merT,mercuric transport protein MerT,STRESS,METAL,MERCURY,MERCURY,EXACTX,100.0,100.0
562.58703,merR,mercury resistance transcriptional regulator MerR,STRESS,METAL,MERCURY,MERCURY,BLASTX,93.75,100.0
562.58703,tet(A),tetracycline efflux MFS transporter Tet(A),AMR,AMR,TETRACYCLINE,TETRACYCLINE,EXACTX,100.0,100.0
562.58703,iucA,aerobactin synthase IucA,VIRULENCE,VIRULENCE,nan,nan,BLASTX,95.31,100.0
562.58703,iucB,N(6)-hydroxylysine O-acetyltransferase IucB,VIRULENCE,VIRULENCE,nan,nan,BLASTX,96.19,100.0
562.58703,iucC,NIS family aerobactin synthetase IucC,VIRULENCE,VIRULENCE,nan,nan,BLASTX,97.59,100.0
562.58703,iucD,NADPH-dependent L-lysine N(6)-monooxygenase IucD,VIRULENCE,VIRULENCE,nan,nan,BLASTX,97.65,95.51
562.58703,iutA,ferric aerobactin receptor IutA,VIRULENCE,VIRULENCE,nan,nan,BLASTX,89.71,99.73
562.58703,iroN,siderophore salmochelin receptor IroN,VIRULENCE,VIRULENCE,nan,nan,EXACTX,100.0,100.0
562.58703,iroE,catecholate siderophore esterase IroE,VIRULENCE,VIRULENCE,nan,nan,EXACTX,100.0,100.0
562.58703,iroD,catecholate siderophore esterase IroD,VIRULENCE,VIRULENCE,nan,nan,EXACTX,100.0,100.0
562.58703,iroC,salmochelin/enterobactin export ABC transporter IroC,VIRULENCE,VIRULENCE,nan,nan,BLASTX,99.34,100.0
562.58703,iroB,salmochelin biosynthesis C-glycosyltransferase IroB,VIRULENCE,VIRULENCE,nan,nan,BLASTX,99.73,100.0
562.58703,iss,increased serum survival lipoprotein Iss,VIRULENCE,VIRULENCE,nan,nan,EXACTX,100.0,100.0
562.58703,espX1,type III secretion system effector EspX1,VIRULENCE,VIRULENCE,nan,nan,BLASTX,90.91,100.0
562.58703,merE,broad-spectrum mercury transporter MerE,STRESS,METAL,MERCURY,MERCURY,BLASTX,96.15,100.0
562.58703,merD,mercury resistance co-regulator MerD,STRESS,METAL,MERCURY,MERCURY,BLASTX,90.08,100.0
562.58703,merP,mercury resistance system periplasmic binding protein MerP,STRESS,METAL,MERCURY,MERCURY,BLASTX,94.51,100.0
562.58703,merT,mercuric transport protein MerT,STRESS,METAL,MERCURY,MERCURY,EXACTX,100.0,100.0
562.58703,merR,mercury resistance transcriptional regulator MerR,STRESS,METAL,MERCURY,MERCURY,BLASTX,92.96,98.61
562.58703,cvaC,colicin V,VIRULENCE,VIRULENCE,nan,nan,BLASTX,99.03,100.0
562.58703,cvaB,colicin V export peptidase/ABC transporter CvaB,VIRULENCE,VIRULENCE,nan,nan,BLASTX,99.86,100.0
562.58703,cirA_Q56Ter,Escherichia cefiderocol resistant CirA,AMR,POINT_DISRUPT,BETA-LACTAM,CEFIDEROCOL,POINTX,98.51,80.84
562.58703,acrF,multidrug efflux RND transporter permease subunit AcrF,AMR,AMR,EFFLUX,EFFLUX,BLASTX,99.52,100.0
562.58703,iss,increased serum survival lipoprotein Iss,VIRULENCE,VIRULENCE,nan,nan,EXACTX,100.0,100.0
562.58703,gyrA_S83L,Escherichia quinolone resistant GyrA,AMR,POINT,QUINOLONE,QUINOLONE,POINTX,99.09,99.66
562.58703,mdtM,multidrug efflux MFS transporter MdtM,AMR,AMR,EFFLUX,EFFLUX,BLASTX,98.04,99.76
562.58703,ariR,biofilm/acid-resistance regulator AriR,STRESS,ACID,nan,nan,EXACTX,100.0,100.0
562.58703,emrE,multidrug efflux SMR transporter EmrE,STRESS,BIOCIDE,EFFLUX,EFFLUX,INTERNAL_STOP,96.36,100.0
562.58703,mcr-1.1,phosphoethanolamine--lipid A transferase MCR-1.1,AMR,AMR,COLISTIN,COLISTIN,ALLELEX,100.0,100.0
562.58703,lpfA-O113,long polar fimbria major subunit LpfA-O113,VIRULENCE,VIRULENCE,nan,nan,EXACTX,100.0,100.0
562.58703,blaEC,BlaEC family class C beta-lactamase,AMR,AMR,BETA-LACTAM,BETA-LACTAM,PARTIAL_CONTIG_ENDX,99.29,75.07
562.58703,blaTEM-1,broad-spectrum class A beta-lactamase TEM-1,AMR,AMR,BETA-LACTAM,BETA-LACTAM,ALLELEX,100.0,100.0
562.58703,aph(3'')-Ib,aminoglycoside O-phosphotransferase APH(3'')-Ib,AMR,AMR,AMINOGLYCOSIDE,STREPTOMYCIN,EXACTX,100.0,100.0
562.58703,aph(6)-Id,aminoglycoside O-phosphotransferase APH(6)-Id,AMR,AMR,AMINOGLYCOSIDE,STREPTOMYCIN,EXACTX,100.0,100.0
562.58703,sul2,sulfonamide-resistant dihydropteroate synthase Sul2,AMR,AMR,SULFONAMIDE,SULFONAMIDE,EXACTX,100.0,100.0
562.58703,dfrA14,trimethoprim-resistant dihydrofolate reductase DfrA14,AMR,AMR,TRIMETHOPRIM,TRIMETHOPRIM,EXACTX,100.0,100.0
562.58704,espX1,type III secretion system effector EspX1,VIRULENCE,VIRULENCE,nan,nan,BLASTX,95.77,100.0
562.58704,mdtM,multidrug efflux MFS transporter MdtM,AMR,AMR,EFFLUX,EFFLUX,BLASTX,98.05,100.0
562.58704,ariR,biofilm/acid-resistance regulator AriR,STRESS,ACID,nan,nan,BLASTX,98.86,100.0
562.58704,blaEC,BlaEC family class C beta-lactamase,AMR,AMR,BETA-LACTAM,BETA-LACTAM,BLASTX,98.14,100.0
562.58704,acrF,multidrug efflux RND transporter permease subunit AcrF,AMR,AMR,EFFLUX,EFFLUX,BLASTX,99.52,100.0
562.58704,emrD,multidrug efflux MFS transporter EmrD,AMR,AMR,EFFLUX,EFFLUX,BLASTX,99.75,100.0
562.58704,eilA,HilA family transcriptional regulator EilA,VIRULENCE,VIRULENCE,nan,nan,BLASTX,99.65,100.0
562.58704,lpfA1,long polar fimbria major subunit LpfA1,VIRULENCE,VIRULENCE,nan,nan,BLASTX,98.31,100.0
562.58704,fdeC,inverse autotransporter adhesin FdeC,VIRULENCE,VIRULENCE,nan,nan,BLASTX,91.8,99.93
562.58704,merC,organomercurial transporter MerC,STRESS,METAL,MERCURY,ORGANOMERCURY,EXACTX,100.0,100.0
562.58704,merP,mercury resistance system periplasmic binding protein MerP,STRESS,METAL,MERCURY,MERCURY,BLASTX,90.11,100.0
562.58704,merT,mercuric transport protein MerT,STRESS,METAL,MERCURY,MERCURY,EXACTX,100.0,100.0
562.58704,merR,mercury resistance transcriptional regulator MerR,STRESS,METAL,MERCURY,MERCURY,BLASTX,93.75,100.0
562.58704,tet(A),tetracycline efflux MFS transporter Tet(A),AMR,AMR,TETRACYCLINE,TETRACYCLINE,EXACTX,100.0,100.0
562.58704,terD,tellurium resistance membrane protein TerD,STRESS,METAL,TELLURIUM,TELLURIUM,BLASTX,96.35,100.0
562.58704,terZ,tellurium resistance-associated protein TerZ,STRESS,METAL,TELLURIUM,TELLURIUM,BLASTX,98.96,100.0
562.58704,terW,tellurium resistance protein TerW,STRESS,METAL,TELLURIUM,TELLURIUM,EXACTX,100.0,100.0
562.58704,iss,increased serum survival lipoprotein Iss,VIRULENCE,VIRULENCE,nan,nan,BLASTX,96.91,100.0
562.58704,emrE,multidrug efflux SMR transporter EmrE,STRESS,BIOCIDE,EFFLUX,EFFLUX,BLASTX,98.18,100.0
562.58704,aac(3)-IIe,aminoglycoside N-acetyltransferase AAC(3)-IIe,AMR,AMR,AMINOGLYCOSIDE,GENTAMICIN,EXACTX,100.0,100.0
562.58704,catA1,type A-1 chloramphenicol O-acetyltransferase,AMR,AMR,PHENICOL,CHLORAMPHENICOL,EXACTX,100.0,100.0
562.58704,qacEdelta1,quaternary ammonium compound efflux SMR transporter QacE delta 1,STRESS,BIOCIDE,QUATERNARY AMMONIUM,QUATERNARY AMMONIUM,ALLELEX,100.0,100.0
562.58704,sul1,sulfonamide-resistant dihydropteroate synthase Sul1,AMR,AMR,SULFONAMIDE,SULFONAMIDE,EXACTX,100.0,100.0
562.58704,sul3,sulfonamide-resistant dihydropteroate synthase Sul3,AMR,AMR,SULFONAMIDE,SULFONAMIDE,EXACTX,100.0,100.0
562.58704,qacL,quaternary ammonium compound efflux SMR transporter QacL,STRESS,BIOCIDE,QUATERNARY AMMONIUM,QUATERNARY AMMONIUM,EXACTX,100.0,100.0
562.58704,aph(6)-Id,aminoglycoside O-phosphotransferase APH(6)-Id,AMR,AMR,AMINOGLYCOSIDE,STREPTOMYCIN,EXACTX,100.0,100.0
562.58704,aph(3'')-Ib,aminoglycoside O-phosphotransferase APH(3'')-Ib,AMR,AMR,AMINOGLYCOSIDE,STREPTOMYCIN,EXACTX,100.0,100.0
562.58704,sul2,sulfonamide-resistant dihydropteroate synthase Sul2,AMR,AMR,SULFONAMIDE,SULFONAMIDE,EXACTX,100.0,100.0
562.58704,cmlA1,chloramphenicol efflux MFS transporter CmlA1,AMR,AMR,PHENICOL,CHLORAMPHENICOL,EXACTX,100.0,100.0
562.58704,aadA2,ANT(3'')-Ia family aminoglycoside nucleotidyltransferase AadA2,AMR,AMR,AMINOGLYCOSIDE,STREPTOMYCIN,EXACTX,100.0,100.0
562.58704,estX-3,macrolide esterase EstX-3,AMR,AMR,MACROLIDE,TYLOSIN,ALLELEX,100.0,100.0
562.58704,mcr-1.1,phosphoethanolamine--lipid A transferase MCR-1.1,AMR,AMR,COLISTIN,COLISTIN,ALLELEX,100.0,100.0
562.58704,dfrA8,trimethoprim-resistant dihydrofolate reductase DfrA8,AMR,AMR,TRIMETHOPRIM,TRIMETHOPRIM,EXACTX,100.0,100.0
562.58704,blaTEM,TEM family class A beta-lactamase,AMR,AMR,BETA-LACTAM,BETA-LACTAM,BLASTX,100.0,97.9
562.58704,aadA1,ANT(3'')-Ia family aminoglycoside nucleotidyltransferase AadA1,AMR,AMR,AMINOGLYCOSIDE,STREPTOMYCIN,EXACTX,100.0,100.0
562.58704,dfrA1,trimethoprim-resistant dihydrofolate reductase DfrA1,AMR,AMR,TRIMETHOPRIM,TRIMETHOPRIM,EXACTX,100.0,100.0
562.58705,espX1,type III secretion system effector EspX1,VIRULENCE,VIRULENCE,nan,nan,BLASTX,91.33,100.0
562.58705,acrF,multidrug efflux RND transporter permease subunit AcrF,AMR,AMR,EFFLUX,EFFLUX,BLASTX,99.52,100.0
562.58705,gyrA_D87N,Escherichia quinolone resistant GyrA,AMR,POINT,QUINOLONE,QUINOLONE,POINTX,98.97,99.66
562.58705,gyrA_S83L,Escherichia quinolone resistant GyrA,AMR,POINT,QUINOLONE,QUINOLONE,POINTX,98.97,99.66
562.58705,parC_S80I,Escherichia quinolone resistant ParC,AMR,POINT,QUINOLONE,QUINOLONE,POINTX,99.87,100.0
562.58705,lpfA-O113,long polar fimbria major subunit LpfA-O113,VIRULENCE,VIRULENCE,nan,nan,EXACTX,100.0,100.0
562.58705,mdtM,multidrug efflux MFS transporter MdtM,AMR,AMR,EFFLUX,EFFLUX,BLASTX,98.05,100.0
562.58705,blaEC,BlaEC family class C beta-lactamase,AMR,AMR,BETA-LACTAM,BETA-LACTAM,BLASTX,99.73,100.0
562.58705,soxS_A12S,Escherichia ampicillin/chloramphenicol/quinolone/rifampin/tetracycline resistant SoxS,AMR,POINT,MULTIDRUG,AMPICILLIN/CHLORAMPHENICOL/QUINOLONE/RIFAMPIN/TETRACYCLINE,POINTX,99.07,100.0
562.58705,ariR,biofilm/acid-resistance regulator AriR,STRESS,ACID,nan,nan,PARTIALX,100.0,62.5
562.58705,fdeC,inverse autotransporter adhesin FdeC,VIRULENCE,VIRULENCE,nan,nan,BLASTX,91.38,99.93
562.58705,catA1,type A-1 chloramphenicol O-acetyltransferase,AMR,AMR,PHENICOL,CHLORAMPHENICOL,EXACTX,100.0,100.0
562.58705,aac(6')-Ib4,aminoglycoside N-acetyltransferase AAC(6')-Ib4,AMR,AMR,AMINOGLYCOSIDE,GENTAMICIN,ALLELEX,100.0,100.0
562.58705,catB3,type B-3 chloramphenicol O-acetyltransferase CatB3,AMR,AMR,PHENICOL,CHLORAMPHENICOL,EXACTX,100.0,100.0
562.58705,dfrA1,trimethoprim-resistant dihydrofolate reductase DfrA1,AMR,AMR,TRIMETHOPRIM,TRIMETHOPRIM,EXACTX,100.0,100.0
562.58705,qacEdelta1,quaternary ammonium compound efflux SMR transporter QacE delta 1,STRESS,BIOCIDE,QUATERNARY AMMONIUM,QUATERNARY AMMONIUM,ALLELEX,100.0,100.0
562.58705,sul1,sulfonamide-resistant dihydropteroate synthase Sul1,AMR,AMR,SULFONAMIDE,SULFONAMIDE,EXACTX,100.0,100.0
562.58705,merC,organomercurial transporter MerC,STRESS,METAL,MERCURY,ORGANOMERCURY,EXACTX,100.0,100.0
562.58705,merP,mercury resistance system periplasmic binding protein MerP,STRESS,METAL,MERCURY,MERCURY,BLASTX,90.11,100.0
562.58705,merT,mercuric transport protein MerT,STRESS,METAL,MERCURY,MERCURY,EXACTX,100.0,100.0
562.58705,merR,mercury resistance transcriptional regulator MerR,STRESS,METAL,MERCURY,MERCURY,BLASTX,93.75,100.0
562.58705,iss,increased serum survival lipoprotein Iss,VIRULENCE,VIRULENCE,nan,nan,EXACTX,100.0,100.0
562.58705,emrE,multidrug efflux SMR transporter EmrE,STRESS,BIOCIDE,EFFLUX,EFFLUX,BLASTX,98.18,100.0
562.58705,mcr-1.1,phosphoethanolamine--lipid A transferase MCR-1.1,AMR,AMR,COLISTIN,COLISTIN,ALLELEX,100.0,100.0
562.58705,tet(B),tetracycline efflux MFS transporter Tet(B),AMR,AMR,TETRACYCLINE,TETRACYCLINE,EXACTX,100.0,100.0
562.58705,blaTEM-1,broad-spectrum class A beta-lactamase TEM-1,AMR,AMR,BETA-LACTAM,BETA-LACTAM,ALLELEX,100.0,100.0
562.58706,ariR,biofilm/acid-resistance regulator AriR,STRESS,ACID,nan,nan,EXACTX,100.0,100.0
562.58706,blaEC,BlaEC family class C beta-lactamase,AMR,AMR,BETA-LACTAM,BETA-LACTAM,BLASTX,98.67,100.0
562.58706,mdtM,multidrug efflux MFS transporter MdtM,AMR,AMR,EFFLUX,EFFLUX,BLASTX,98.04,99.76
562.58706,tet(A),tetracycline efflux MFS transporter Tet(A),AMR,AMR,TETRACYCLINE,TETRACYCLINE,EXACTX,100.0,100.0
562.58706,lpfA-O113,long polar fimbria major subunit LpfA-O113,VIRULENCE,VIRULENCE,nan,nan,EXACTX,100.0,100.0
562.58706,dfrA1,trimethoprim-resistant dihydrofolate reductase DfrA1,AMR,AMR,TRIMETHOPRIM,TRIMETHOPRIM,EXACTX,100.0,100.0
562.58706,sat2,streptothricin N-acetyltransferase Sat2,AMR,AMR,STREPTOTHRICIN,STREPTOTHRICIN,EXACTX,100.0,100.0
562.58706,aadA1,ANT(3'')-Ia family aminoglycoside nucleotidyltransferase AadA1,AMR,AMR,AMINOGLYCOSIDE,STREPTOMYCIN,EXACTX,100.0,100.0
562.58706,emrE,multidrug efflux SMR transporter EmrE,STRESS,BIOCIDE,EFFLUX,EFFLUX,BLASTX,97.27,100.0
562.58706,gyrA_D87N,Escherichia quinolone resistant GyrA,AMR,POINT,QUINOLONE,QUINOLONE,POINTX,98.97,99.66
562.58706,gyrA_S83L,Escherichia quinolone resistant GyrA,AMR,POINT,QUINOLONE,QUINOLONE,POINTX,98.97,99.66
562.58706,parC_S80I,Escherichia quinolone resistant ParC,AMR,POINT,QUINOLONE,QUINOLONE,POINTX,99.6,100.0
562.58706,espX1,type III secretion system effector EspX1,VIRULENCE,VIRULENCE,nan,nan,BLASTX,90.7,100.0
562.58706,fdeC,inverse autotransporter adhesin FdeC,VIRULENCE,VIRULENCE,nan,nan,BLASTX,92.65,99.93
562.58706,acrF,multidrug efflux RND transporter permease subunit AcrF,AMR,AMR,EFFLUX,EFFLUX,BLASTX,99.42,100.0
562.58706,mcr-1.1,phosphoethanolamine--lipid A transferase MCR-1.1,AMR,AMR,COLISTIN,COLISTIN,ALLELEX,100.0,100.0
562.58706,blaTEMp_C32T,Escherichia amoxicillin-clavulanic acid/piperacillin-tazobactam/ticarcillin-clavulanic acid resistant blaTEM promoter,AMR,POINT,BETA-LACTAM,AMOXICILLIN-CLAVULANIC_ACID/PIPERACILLIN-TAZOBACTAM/TICARCILLIN-CLAVULANIC_ACID,POINTN,99.57,100.0
562.58706,blaTEM-52,extended-spectrum class A beta-lactamase TEM-52,AMR,AMR,BETA-LACTAM,CEPHALOSPORIN,ALLELEX,100.0,100.0
562.58706,mchF,microcin H47 export transporter peptidase/ATP-binding subunit MchF,VIRULENCE,VIRULENCE,nan,nan,EXACTX,100.0,100.0
562.58706,iss,increased serum survival lipoprotein Iss,VIRULENCE,VIRULENCE,nan,nan,EXACTX,100.0,100.0
562.58706,iss,increased serum survival lipoprotein Iss,VIRULENCE,VIRULENCE,nan,nan,EXACTX,100.0,100.0
562.58707,mdtM,multidrug efflux MFS transporter MdtM,AMR,AMR,EFFLUX,EFFLUX,BLASTX,98.05,100.0
562.58707,blaEC,BlaEC family class C beta-lactamase,AMR,AMR,BETA-LACTAM,BETA-LACTAM,BLASTX,98.67,100.0
562.58707,parC_S80R,Escherichia quinolone resistant ParC,AMR,POINT,QUINOLONE,QUINOLONE,POINTX,99.73,100.0
562.58707,acrF,multidrug efflux RND transporter permease subunit AcrF,AMR,AMR,EFFLUX,EFFLUX,BLASTX,99.52,100.0
562.58707,gyrA_S83L,Escherichia quinolone resistant GyrA,AMR,POINT,QUINOLONE,QUINOLONE,POINTX,99.09,99.66
562.58707,espX1,type III secretion system effector EspX1,VIRULENCE,VIRULENCE,nan,nan,BLASTX,91.33,100.0
562.58707,fdeC,inverse autotransporter adhesin FdeC,VIRULENCE,VIRULENCE,nan,nan,BLASTX,91.31,99.93
562.58707,ariR,biofilm/acid-resistance regulator AriR,STRESS,ACID,nan,nan,EXACTX,100.0,100.0
562.58707,lpfA-O113,long polar fimbria major subunit LpfA-O113,VIRULENCE,VIRULENCE,nan,nan,BLASTX,99.47,100.0
562.58707,cvaC,colicin V,VIRULENCE,VIRULENCE,nan,nan,EXACTX,100.0,100.0
562.58707,cvaB,colicin V export peptidase/ABC transporter CvaB,VIRULENCE,VIRULENCE,nan,nan,EXACTX,100.0,100.0
562.58707,iroN,siderophore salmochelin receptor IroN,VIRULENCE,VIRULENCE,nan,nan,EXACTX,100.0,100.0
562.58707,iroE,catecholate siderophore esterase IroE,VIRULENCE,VIRULENCE,nan,nan,BLASTX,99.69,100.0
562.58707,iroD,catecholate siderophore esterase IroD,VIRULENCE,VIRULENCE,nan,nan,BLASTX,99.76,100.0
562.58707,iroC,salmochelin/enterobactin export ABC transporter IroC,VIRULENCE,VIRULENCE,nan,nan,BLASTX,99.51,100.0
562.58707,iroB,salmochelin biosynthesis C-glycosyltransferase IroB,VIRULENCE,VIRULENCE,nan,nan,BLASTX,99.73,100.0
562.58707,iss,increased serum survival lipoprotein Iss,VIRULENCE,VIRULENCE,nan,nan,EXACTX,100.0,100.0
562.58707,mcr-1.1,phosphoethanolamine--lipid A transferase MCR-1.1,AMR,AMR,COLISTIN,COLISTIN,ALLELEX,100.0,100.0
562.58707,sul2,sulfonamide-resistant dihydropteroate synthase Sul2,AMR,AMR,SULFONAMIDE,SULFONAMIDE,EXACTX,100.0,100.0
562.58707,blaTEM-1,broad-spectrum class A beta-lactamase TEM-1,AMR,AMR,BETA-LACTAM,BETA-LACTAM,ALLELEX,100.0,100.0
562.58707,tet(A),tetracycline efflux MFS transporter Tet(A),AMR,AMR,TETRACYCLINE,TETRACYCLINE,EXACTX,100.0,100.0
562.58707,aadA5,ANT(3'')-Ia family aminoglycoside nucleotidyltransferase AadA5,AMR,AMR,AMINOGLYCOSIDE,STREPTOMYCIN,EXACTX,100.0,100.0
562.58707,dfrA17,trimethoprim-resistant dihydrofolate reductase DfrA17,AMR,AMR,TRIMETHOPRIM,TRIMETHOPRIM,EXACTX,100.0,100.0
562.58708,fdeC,inverse autotransporter adhesin FdeC,VIRULENCE,VIRULENCE,nan,nan,BLASTX,92.44,99.93
562.58708,parC_S57T,Escherichia quinolone resistant ParC,AMR,POINT,QUINOLONE,QUINOLONE,POINTX,99.2,100.0
562.58708,mdtM,multidrug efflux MFS transporter MdtM,AMR,AMR,EFFLUX,EFFLUX,BLASTX,97.8,100.0
562.58708,eilA,HilA family transcriptional regulator EilA,VIRULENCE,VIRULENCE,nan,nan,BLASTX,99.47,100.0
562.58708,uhpT_E350Q,Escherichia fosfomycin resistant UhpT,AMR,POINT,FOSFOMYCIN,FOSFOMYCIN,POINTX,99.78,100.0
562.58708,emrD,multidrug efflux MFS transporter EmrD,AMR,AMR,EFFLUX,EFFLUX,BLASTX,99.24,100.0
562.58708,cyaA_S352T,Escherichia fosmidomycin resistant CyaA,AMR,POINT,FOSMIDOMYCIN,FOSMIDOMYCIN,POINTX,99.29,100.0
562.58708,blaEC,BlaEC family class C beta-lactamase,AMR,AMR,BETA-LACTAM,BETA-LACTAM,BLASTX,98.14,100.0
562.58708,espX1,type III secretion system effector EspX1,VIRULENCE,VIRULENCE,nan,nan,BLASTX,88.16,100.0
562.58708,ariR,biofilm/acid-resistance regulator AriR,STRESS,ACID,nan,nan,BLASTX,98.86,100.0
562.58708,iss,increased serum survival lipoprotein Iss,VIRULENCE,VIRULENCE,nan,nan,EXACTX,100.0,100.0
562.58708,iroB,salmochelin biosynthesis C-glycosyltransferase IroB,VIRULENCE,VIRULENCE,nan,nan,BLASTX,99.73,100.0
562.58708,iroC,salmochelin/enterobactin export ABC transporter IroC,VIRULENCE,VIRULENCE,nan,nan,BLASTX,99.34,100.0
562.58708,iroD,catecholate siderophore esterase IroD,VIRULENCE,VIRULENCE,nan,nan,EXACTX,100.0,100.0
562.58708,iroE,catecholate siderophore esterase IroE,VIRULENCE,VIRULENCE,nan,nan,BLASTX,99.06,100.0
562.58708,iroN,siderophore salmochelin receptor IroN,VIRULENCE,VIRULENCE,nan,nan,BLASTX,99.72,100.0
562.58708,acrF,multidrug efflux RND transporter permease subunit AcrF,AMR,AMR,EFFLUX,EFFLUX,BLASTX,99.42,100.0
562.58708,mcr-1.2,phosphoethanolamine--lipid A transferase MCR-1.2,AMR,AMR,COLISTIN,COLISTIN,ALLELEX,100.0,100.0
562.58708,lpfA-O113,long polar fimbria major subunit LpfA-O113,VIRULENCE,VIRULENCE,nan,nan,EXACTX,100.0,100.0
562.58709,ariR,biofilm/acid-resistance regulator AriR,STRESS,ACID,nan,nan,EXACTX,100.0,100.0
562.58709,mdtM,multidrug efflux MFS transporter MdtM,AMR,AMR,EFFLUX,EFFLUX,BLASTX,98.04,99.76
562.58709,emrE,multidrug efflux SMR transporter EmrE,STRESS,BIOCIDE,EFFLUX,EFFLUX,BLASTX,96.36,100.0
562.58709,gyrA_D87N,Escherichia quinolone resistant GyrA,AMR,POINT,QUINOLONE,QUINOLONE,POINTX,98.97,99.66
562.58709,gyrA_S83L,Escherichia quinolone resistant GyrA,AMR,POINT,QUINOLONE,QUINOLONE,POINTX,98.97,99.66
562.58709,lpfA-O113,long polar fimbria major subunit LpfA-O113,VIRULENCE,VIRULENCE,nan,nan,EXACTX,100.0,100.0
562.58709,cirA_H393RfsTer7,Escherichia cefiderocol resistant CirA,AMR,POINT_DISRUPT,BETA-LACTAM,CEFIDEROCOL,POINTX,99.84,100.0
562.58709,espX1,type III secretion system effector EspX1,VIRULENCE,VIRULENCE,nan,nan,BLASTX,90.91,100.0
562.58709,parC_S80I,Escherichia quinolone resistant ParC,AMR,POINT,QUINOLONE,QUINOLONE,POINTX,99.87,100.0
562.58709,acrF,multidrug efflux RND transporter permease subunit AcrF,AMR,AMR,EFFLUX,EFFLUX,BLASTX,99.52,100.0
562.58709,blaTEMp_C32T,Escherichia amoxicillin-clavulanic acid/piperacillin-tazobactam/ticarcillin-clavulanic acid resistant blaTEM promoter,AMR,POINT,BETA-LACTAM,AMOXICILLIN-CLAVULANIC_ACID/PIPERACILLIN-TAZOBACTAM/TICARCILLIN-CLAVULANIC_ACID,POINTN,99.57,100.0
562.58709,blaTEM-52,extended-spectrum class A beta-lactamase TEM-52,AMR,AMR,BETA-LACTAM,CEPHALOSPORIN,ALLELEX,100.0,100.0
562.58709,terW,tellurium resistance protein TerW,STRESS,METAL,TELLURIUM,TELLURIUM,EXACTX,100.0,100.0
562.58709,terZ,tellurium resistance-associated protein TerZ,STRESS,METAL,TELLURIUM,TELLURIUM,BLASTX,98.96,100.0
562.58709,terD,tellurium resistance membrane protein TerD,STRESS,METAL,TELLURIUM,TELLURIUM,BLASTX,96.35,100.0
562.58709,fdeC,inverse autotransporter adhesin FdeC,VIRULENCE,VIRULENCE,nan,nan,BLASTX,92.58,99.93
562.58709,pcoE,copper resistance system metallochaperone PcoE,STRESS,METAL,COPPER,COPPER,BLASTX,92.36,100.0
562.58709,pcoS,copper resistance membrane spanning protein PcoS,STRESS,METAL,COPPER,COPPER,BLASTX,99.36,100.0
562.58709,pcoR,copper response regulator transcription factor PcoR,STRESS,METAL,COPPER,COPPER,EXACTX,100.0,100.0
562.58709,pcoD,copper resistance inner membrane protein PcoD,STRESS,METAL,COPPER,COPPER,EXACTX,100.0,100.0
562.58709,pcoC,copper resistance system metallochaperone PcoC,STRESS,METAL,COPPER,COPPER,EXACTX,100.0,100.0
562.58709,pcoB,copper-binding protein PcoB,STRESS,METAL,COPPER,COPPER,BLASTX,99.32,100.0
562.58709,pcoA,multicopper oxidase PcoA,STRESS,METAL,COPPER,COPPER,BLASTX,99.83,100.0
562.58709,silP,Ag(+)-translocating P-type ATPase SilP,STRESS,METAL,SILVER,SILVER,BLASTX,93.63,99.88
562.58709,silA,Cu(+)/Ag(+) efflux RND transporter permease subunit SilA,STRESS,METAL,COPPER/SILVER,COPPER/SILVER,BLASTX,99.33,100.0
562.58709,silB,Cu(+)/Ag(+) efflux RND transporter periplasmic adaptor subunit SilB,STRESS,METAL,COPPER/SILVER,COPPER/SILVER,BLASTX,99.3,100.0
562.58709,silF,Cu(+)/Ag(+) efflux RND transporter periplasmic metallochaperone SilF,STRESS,METAL,COPPER/SILVER,COPPER/SILVER,EXACTX,100.0,100.0
562.58709,silC,Cu(+)/Ag(+) efflux RND transporter outer membrane channel SilC,STRESS,METAL,COPPER/SILVER,COPPER/SILVER,EXACTX,100.0,100.0
562.58709,silR,copper/silver response regulator transcription factor SilR,STRESS,METAL,COPPER/SILVER,COPPER/SILVER,EXACTX,100.0,100.0
562.58709,silS,copper/silver sensor histidine kinase SilS,STRESS,METAL,COPPER/SILVER,COPPER/SILVER,PARTIALX,97.25,73.93
562.58709,silE,silver-binding protein SilE,STRESS,METAL,SILVER,SILVER,EXACTX,100.0,100.0
562.58709,blaEC,BlaEC family class C beta-lactamase,AMR,AMR,BETA-LACTAM,BETA-LACTAM,BLASTX,98.67,100.0
562.58709,mchF,microcin H47 export transporter peptidase/ATP-binding subunit MchF,VIRULENCE,VIRULENCE,nan,nan,EXACTX,100.0,100.0
562.58709,mcr-1.2,phosphoethanolamine--lipid A transferase MCR-1.2,AMR,AMR,COLISTIN,COLISTIN,ALLELEX,100.0,100.0
562.58709,sul1,sulfonamide-resistant dihydropteroate synthase Sul1,AMR,AMR,SULFONAMIDE,SULFONAMIDE,EXACTX,100.0,100.0
562.58709,qacEdelta1,quaternary ammonium compound efflux SMR transporter QacE delta 1,STRESS,BIOCIDE,QUATERNARY AMMONIUM,QUATERNARY AMMONIUM,ALLELEX,100.0,100.0
562.58709,tet(A),tetracycline efflux MFS transporter Tet(A),AMR,AMR,TETRACYCLINE,TETRACYCLINE,EXACTX,100.0,100.0
562.58709,merR,mercury resistance transcriptional regulator MerR,STRESS,METAL,MERCURY,MERCURY,BLASTX,93.75,100.0
562.58709,merT,mercuric transport protein MerT,STRESS,METAL,MERCURY,MERCURY,EXACTX,100.0,100.0
562.58709,merP,mercury resistance system periplasmic binding protein MerP,STRESS,METAL,MERCURY,MERCURY,BLASTX,90.11,100.0
562.58709,merC,organomercurial transporter MerC,STRESS,METAL,MERCURY,ORGANOMERCURY,EXACTX,100.0,100.0
562.58709,catA1,type A-1 chloramphenicol O-acetyltransferase,AMR,AMR,PHENICOL,CHLORAMPHENICOL,EXACTX,100.0,100.0
562.58709,sul3,sulfonamide-resistant dihydropteroate synthase Sul3,AMR,AMR,SULFONAMIDE,SULFONAMIDE,EXACTX,100.0,100.0
562.58709,qacL,quaternary ammonium compound efflux SMR transporter QacL,STRESS,BIOCIDE,QUATERNARY AMMONIUM,QUATERNARY AMMONIUM,EXACTX,100.0,100.0
562.58709,estX-3,macrolide esterase EstX-3,AMR,AMR,MACROLIDE,TYLOSIN,ALLELEX,100.0,100.0
562.58709,aadA2,ANT(3'')-Ia family aminoglycoside nucleotidyltransferase AadA2,AMR,AMR,AMINOGLYCOSIDE,STREPTOMYCIN,EXACTX,100.0,100.0
562.58709,cmlA1,chloramphenicol efflux MFS transporter CmlA1,AMR,AMR,PHENICOL,CHLORAMPHENICOL,EXACTX,100.0,100.0
562.58709,aph(6)-Id,aminoglycoside O-phosphotransferase APH(6)-Id,AMR,AMR,AMINOGLYCOSIDE,STREPTOMYCIN,EXACTX,100.0,100.0
562.58709,aph(3'')-Ib,aminoglycoside O-phosphotransferase APH(3'')-Ib,AMR,AMR,AMINOGLYCOSIDE,STREPTOMYCIN,EXACTX,100.0,100.0
562.58709,iss,increased serum survival lipoprotein Iss,VIRULENCE,VIRULENCE,nan,nan,EXACTX,100.0,100.0
562.58709,iss,increased serum survival lipoprotein Iss,VIRULENCE,VIRULENCE,nan,nan,EXACTX,100.0,100.0
562.58709,aadA1,ANT(3'')-Ia family aminoglycoside nucleotidyltransferase AadA1,AMR,AMR,AMINOGLYCOSIDE,STREPTOMYCIN,EXACTX,100.0,100.0
562.58709,sat2,streptothricin N-acetyltransferase Sat2,AMR,AMR,STREPTOTHRICIN,STREPTOTHRICIN,EXACTX,100.0,100.0
562.58709,dfrA1,trimethoprim-resistant dihydrofolate reductase DfrA1,AMR,AMR,TRIMETHOPRIM,TRIMETHOPRIM,EXACTX,100.0,100.0
562.58712,blaEC,BlaEC family class C beta-lactamase,AMR,AMR,BETA-LACTAM,BETA-LACTAM,EXACTX,100.0,100.0
562.58712,parC_A56T,Escherichia quinolone resistant ParC,AMR,POINT,QUINOLONE,QUINOLONE,POINTX,99.6,100.0
562.58712,parC_S80I,Escherichia quinolone resistant ParC,AMR,POINT,QUINOLONE,QUINOLONE,POINTX,99.6,100.0
562.58712,acrF,multidrug efflux RND transporter permease subunit AcrF,AMR,AMR,EFFLUX,EFFLUX,EXACTX,100.0,100.0
562.58712,espX1,type III secretion system effector EspX1,VIRULENCE,VIRULENCE,nan,nan,BLASTX,89.22,100.0
562.58712,blaCTX-M-1,extended-spectrum class A beta-lactamase CTX-M-1,AMR,AMR,BETA-LACTAM,CEPHALOSPORIN,ALLELEX,100.0,100.0
562.58712,ariR,biofilm/acid-resistance regulator AriR,STRESS,ACID,nan,nan,EXACTX,100.0,100.0
562.58712,gyrA_D87N,Escherichia quinolone resistant GyrA,AMR,POINT,QUINOLONE,QUINOLONE,POINTX,98.97,99.66
562.58712,gyrA_S83L,Escherichia quinolone resistant GyrA,AMR,POINT,QUINOLONE,QUINOLONE,POINTX,98.97,99.66
562.58712,fdeC,inverse autotransporter adhesin FdeC,VIRULENCE,VIRULENCE,nan,nan,BLASTX,94.07,100.0
562.58712,iroN,siderophore salmochelin receptor IroN,VIRULENCE,VIRULENCE,nan,nan,BLASTX,99.86,100.0
562.58712,iroE,catecholate siderophore esterase IroE,VIRULENCE,VIRULENCE,nan,nan,BLASTX,99.37,100.0
562.58712,iroD,catecholate siderophore esterase IroD,VIRULENCE,VIRULENCE,nan,nan,BLASTX,99.51,100.0
562.58712,iroC,salmochelin/enterobactin export ABC transporter IroC,VIRULENCE,VIRULENCE,nan,nan,BLASTX,99.18,100.0
562.58712,iroB,salmochelin biosynthesis C-glycosyltransferase IroB,VIRULENCE,VIRULENCE,nan,nan,BLASTX,99.73,100.0
562.58712,iss,increased serum survival lipoprotein Iss,VIRULENCE,VIRULENCE,nan,nan,EXACTX,100.0,100.0
562.58712,mdtM,multidrug efflux MFS transporter MdtM,AMR,AMR,EFFLUX,EFFLUX,BLASTX,96.53,98.29
562.58712,mcr-1.1,phosphoethanolamine--lipid A transferase MCR-1.1,AMR,AMR,COLISTIN,COLISTIN,ALLELEX,100.0,100.0
562.58712,sul1,sulfonamide-resistant dihydropteroate synthase Sul1,AMR,AMR,SULFONAMIDE,SULFONAMIDE,EXACTX,100.0,100.0
562.58712,qacEdelta1,quaternary ammonium compound efflux SMR transporter QacE delta 1,STRESS,BIOCIDE,QUATERNARY AMMONIUM,QUATERNARY AMMONIUM,ALLELEX,100.0,100.0
562.58712,aadA5,ANT(3'')-Ia family aminoglycoside nucleotidyltransferase AadA5,AMR,AMR,AMINOGLYCOSIDE,STREPTOMYCIN,BLASTX,99.62,100.0
562.58712,dfrA17,trimethoprim-resistant dihydrofolate reductase DfrA17,AMR,AMR,TRIMETHOPRIM,TRIMETHOPRIM,EXACTX,100.0,100.0
562.58712,merC,organomercurial transporter MerC,STRESS,METAL,MERCURY,ORGANOMERCURY,EXACTX,100.0,100.0
562.58712,merP,mercury resistance system periplasmic binding protein MerP,STRESS,METAL,MERCURY,MERCURY,BLASTX,90.11,100.0
562.58712,merT,mercuric transport protein MerT,STRESS,METAL,MERCURY,MERCURY,EXACTX,100.0,100.0
562.58712,merR,mercury resistance transcriptional regulator MerR,STRESS,METAL,MERCURY,MERCURY,BLASTX,93.75,100.0
562.58712,tet(B),tetracycline efflux MFS transporter Tet(B),AMR,AMR,TETRACYCLINE,TETRACYCLINE,EXACTX,100.0,100.0
562.58712,aph(6)-Id,aminoglycoside O-phosphotransferase APH(6)-Id,AMR,AMR,AMINOGLYCOSIDE,STREPTOMYCIN,EXACTX,100.0,100.0
562.58712,aph(3'')-Ib,aminoglycoside O-phosphotransferase APH(3'')-Ib,AMR,AMR,AMINOGLYCOSIDE,STREPTOMYCIN,EXACTX,100.0,100.0
562.58712,sul2,sulfonamide-resistant dihydropteroate synthase Sul2,AMR,AMR,SULFONAMIDE,SULFONAMIDE,EXACTX,100.0,100.0
562.58712,catA1,type A-1 chloramphenicol O-acetyltransferase,AMR,AMR,PHENICOL,CHLORAMPHENICOL,EXACTX,100.0,100.0
562.58712,mrx(A),phosphorylated macrolide efflux MFS transporter Mrx(A),AMR,AMR,MACROLIDE,AZITHROMYCIN/ERYTHROMYCIN/SPIRAMYCIN/TELITHROMYCIN,BLASTX,99.51,100.0
562.58712,mph(A),Mph(A) family macrolide 2'-phosphotransferase,AMR,AMR,MACROLIDE,AZITHROMYCIN/ERYTHROMYCIN/SPIRAMYCIN/TELITHROMYCIN,EXACTX,100.0,100.0
562.58712,blaTEM-1,broad-spectrum class A beta-lactamase TEM-1,AMR,AMR,BETA-LACTAM,BETA-LACTAM,ALLELEX,100.0,100.0
562.58712,aph(3')-Ia,aminoglycoside O-phosphotransferase APH(3')-Ia,AMR,AMR,AMINOGLYCOSIDE,KANAMYCIN,EXACTX,100.0,100.0
562.58714,acrF,multidrug efflux RND transporter permease subunit AcrF,AMR,AMR,EFFLUX,EFFLUX,EXACTX,100.0,100.0
562.58714,parC_A56T,Escherichia quinolone resistant ParC,AMR,POINT,QUINOLONE,QUINOLONE,POINTX,99.6,100.0
562.58714,parC_S80I,Escherichia quinolone resistant ParC,AMR,POINT,QUINOLONE,QUINOLONE,POINTX,99.6,100.0
562.58714,espX1,type III secretion system effector EspX1,VIRULENCE,VIRULENCE,nan,nan,BLASTX,89.22,100.0
562.58714,blaEC,BlaEC family class C beta-lactamase,AMR,AMR,BETA-LACTAM,BETA-LACTAM,EXACTX,100.0,100.0
562.58714,ariR,biofilm/acid-resistance regulator AriR,STRESS,ACID,nan,nan,EXACTX,100.0,100.0
562.58714,gyrA_D87N,Escherichia quinolone resistant GyrA,AMR,POINT,QUINOLONE,QUINOLONE,POINTX,98.86,99.66
562.58714,gyrA_S83L,Escherichia quinolone resistant GyrA,AMR,POINT,QUINOLONE,QUINOLONE,POINTX,98.86,99.66
562.58714,mdtM,multidrug efflux MFS transporter MdtM,AMR,AMR,EFFLUX,EFFLUX,BLASTX,97.27,98.29
562.58714,fdeC,inverse autotransporter adhesin FdeC,VIRULENCE,VIRULENCE,nan,nan,BLASTX,94.07,100.0
562.58714,mcr-1.2,phosphoethanolamine--lipid A transferase MCR-1.2,AMR,AMR,COLISTIN,COLISTIN,ALLELEX,100.0,100.0
562.58714,merC,organomercurial transporter MerC,STRESS,METAL,MERCURY,ORGANOMERCURY,EXACTX,100.0,100.0
562.58714,merP,mercury resistance system periplasmic binding protein MerP,STRESS,METAL,MERCURY,MERCURY,BLASTX,90.11,100.0
562.58714,merT,mercuric transport protein MerT,STRESS,METAL,MERCURY,MERCURY,EXACTX,100.0,100.0
562.58714,merR,mercury resistance transcriptional regulator MerR,STRESS,METAL,MERCURY,MERCURY,BLASTX,93.75,100.0
562.58714,tet(B),tetracycline efflux MFS transporter Tet(B),AMR,AMR,TETRACYCLINE,TETRACYCLINE,EXACTX,100.0,100.0
562.58714,catA1,type A-1 chloramphenicol O-acetyltransferase,AMR,AMR,PHENICOL,CHLORAMPHENICOL,EXACTX,100.0,100.0
562.58714,blaCTX-M-1,extended-spectrum class A beta-lactamase CTX-M-1,AMR,AMR,BETA-LACTAM,CEPHALOSPORIN,ALLELEX,100.0,100.0
562.58715,gyrA_S83L,Escherichia quinolone resistant GyrA,AMR,POINT,QUINOLONE,QUINOLONE,POINTX,98.86,99.66
562.58715,cirA_F257LfsTer30,Escherichia cefiderocol resistant CirA,AMR,POINT_DISRUPT,BETA-LACTAM,CEFIDEROCOL,POINTX,99.54,100.0
562.58715,emrE,multidrug efflux SMR transporter EmrE,STRESS,BIOCIDE,EFFLUX,EFFLUX,EXACTX,100.0,100.0
562.58715,espX1,type III secretion system effector EspX1,VIRULENCE,VIRULENCE,nan,nan,BLASTX,88.37,100.0
562.58715,acrF,multidrug efflux RND transporter permease subunit AcrF,AMR,AMR,EFFLUX,EFFLUX,BLASTX,99.32,100.0
562.58715,ariR,biofilm/acid-resistance regulator AriR,STRESS,ACID,nan,nan,BLASTX,96.59,100.0
562.58715,cyaA_S352T,Escherichia fosmidomycin resistant CyaA,AMR,POINT,FOSMIDOMYCIN,FOSMIDOMYCIN,POINTX,99.17,100.0
562.58715,parC_S80I,Escherichia quinolone resistant ParC,AMR,POINT,QUINOLONE,QUINOLONE,POINTX,99.73,100.0
562.58715,eilA,HilA family transcriptional regulator EilA,VIRULENCE,VIRULENCE,nan,nan,BLASTX,99.65,100.0
562.58715,emrD,multidrug efflux MFS transporter EmrD,AMR,AMR,EFFLUX,EFFLUX,BLASTX,99.75,100.0
562.58715,blaEC,BlaEC family class C beta-lactamase,AMR,AMR,BETA-LACTAM,BETA-LACTAM,BLASTX,99.73,100.0
562.58715,fdeC,inverse autotransporter adhesin FdeC,VIRULENCE,VIRULENCE,nan,nan,BLASTX,91.73,99.93
562.58715,lpfA-O113,long polar fimbria major subunit LpfA-O113,VIRULENCE,VIRULENCE,nan,nan,EXACTX,100.0,100.0
562.58715,mcr-1.1,phosphoethanolamine--lipid A transferase MCR-1.1,AMR,AMR,COLISTIN,COLISTIN,ALLELEX,100.0,100.0
562.58715,iss,increased serum survival lipoprotein Iss,VIRULENCE,VIRULENCE,nan,nan,EXACTX,100.0,100.0
562.58715,iroB,salmochelin biosynthesis C-glycosyltransferase IroB,VIRULENCE,VIRULENCE,nan,nan,BLASTX,99.73,100.0
562.58715,iroC,salmochelin/enterobactin export ABC transporter IroC,VIRULENCE,VIRULENCE,nan,nan,BLASTX,99.59,100.0
562.58715,iroD,catecholate siderophore esterase IroD,VIRULENCE,VIRULENCE,nan,nan,BLASTX,99.51,100.0
562.58715,iroE,catecholate siderophore esterase IroE,VIRULENCE,VIRULENCE,nan,nan,BLASTX,99.06,100.0
562.58715,iroN,siderophore salmochelin receptor IroN,VIRULENCE,VIRULENCE,nan,nan,BLASTX,99.86,100.0
562.58715,iutA,ferric aerobactin receptor IutA,VIRULENCE,VIRULENCE,nan,nan,BLASTX,89.85,99.73
562.58715,iucD,NADPH-dependent L-lysine N(6)-monooxygenase IucD,VIRULENCE,VIRULENCE,nan,nan,BLASTX,97.65,95.51
562.58715,iucC,NIS family aerobactin synthetase IucC,VIRULENCE,VIRULENCE,nan,nan,BLASTX,97.59,100.0
562.58715,iucB,N(6)-hydroxylysine O-acetyltransferase IucB,VIRULENCE,VIRULENCE,nan,nan,BLASTX,96.19,100.0
562.58715,iucA,aerobactin synthase IucA,VIRULENCE,VIRULENCE,nan,nan,BLASTX,95.31,100.0
562.58715,cvaB,colicin V export peptidase/ABC transporter CvaB,VIRULENCE,VIRULENCE,nan,nan,BLASTX,99.86,100.0
562.58715,cvaC,colicin V,VIRULENCE,VIRULENCE,nan,nan,EXACTX,100.0,100.0
562.58715,tsh,temperature-sensitive protease autotransporter hemagglutinin Tsh,VIRULENCE,VIRULENCE,nan,nan,BLASTX,99.93,100.0
562.58715,aph(6)-Id,aminoglycoside O-phosphotransferase APH(6)-Id,AMR,AMR,AMINOGLYCOSIDE,STREPTOMYCIN,EXACTX,100.0,100.0
562.58715,aph(3'')-Ib,aminoglycoside O-phosphotransferase APH(3'')-Ib,AMR,AMR,AMINOGLYCOSIDE,STREPTOMYCIN,BLASTX,99.63,100.0
562.58715,sul2,sulfonamide-resistant dihydropteroate synthase Sul2,AMR,AMR,SULFONAMIDE,SULFONAMIDE,EXACTX,100.0,100.0
562.58715,mdtM,multidrug efflux MFS transporter MdtM,AMR,AMR,EFFLUX,EFFLUX,BLASTX,98.05,100.0
562.58715,tet(A),tetracycline efflux MFS transporter Tet(A),AMR,AMR,TETRACYCLINE,TETRACYCLINE,EXACTX,100.0,100.0
562.58715,tet(B),tetracycline efflux MFS transporter Tet(B),AMR,AMR,TETRACYCLINE,TETRACYCLINE,EXACTX,100.0,100.0
562.58715,mchF,microcin H47 export transporter peptidase/ATP-binding subunit MchF,VIRULENCE,VIRULENCE,nan,nan,BLASTX,99.85,97.28
562.58715,dfrA14,trimethoprim-resistant dihydrofolate reductase DfrA14,AMR,AMR,TRIMETHOPRIM,TRIMETHOPRIM,EXACTX,100.0,100.0
562.58715,blaTEM-1,broad-spectrum class A beta-lactamase TEM-1,AMR,AMR,BETA-LACTAM,BETA-LACTAM,ALLELEX,100.0,100.0
562.58715,traT,conjugal transfer complement resistance protein TraT,VIRULENCE,VIRULENCE,nan,nan,BLASTX,91.42,95.88
562.58716,ariR,biofilm/acid-resistance regulator AriR,STRESS,ACID,nan,nan,EXACTX,100.0,100.0
562.58716,gyrA_D87N,Escherichia quinolone resistant GyrA,AMR,POINT,QUINOLONE,QUINOLONE,POINTX,98.63,99.66
562.58716,gyrA_S83L,Escherichia quinolone resistant GyrA,AMR,POINT,QUINOLONE,QUINOLONE,POINTX,98.63,99.66
562.58716,mdtM,multidrug efflux MFS transporter MdtM,AMR,AMR,EFFLUX,EFFLUX,BLASTX,97.8,100.0
562.58716,espX1,type III secretion system effector EspX1,VIRULENCE,VIRULENCE,nan,nan,BLASTX,91.33,100.0
562.58716,astA,heat-stable enterotoxin EAST1,VIRULENCE,VIRULENCE,nan,nan,BLASTX,97.37,100.0
562.58716,acrF,multidrug efflux RND transporter permease subunit AcrF,AMR,AMR,EFFLUX,EFFLUX,BLASTX,99.52,100.0
562.58716,soxS_A12S,Escherichia ampicillin/chloramphenicol/quinolone/rifampin/tetracycline resistant SoxS,AMR,POINT,MULTIDRUG,AMPICILLIN/CHLORAMPHENICOL/QUINOLONE/RIFAMPIN/TETRACYCLINE,POINTX,99.07,100.0
562.58716,emrD,multidrug efflux MFS transporter EmrD,AMR,AMR,EFFLUX,EFFLUX,BLASTX,99.24,100.0
562.58716,parC_E84G,Escherichia quinolone resistant ParC,AMR,POINT,QUINOLONE,QUINOLONE,POINTX,99.73,100.0
562.58716,parC_S80I,Escherichia quinolone resistant ParC,AMR,POINT,QUINOLONE,QUINOLONE,POINTX,99.73,100.0
562.58716,lpfA-O113,long polar fimbria major subunit LpfA-O113,VIRULENCE,VIRULENCE,nan,nan,EXACTX,100.0,100.0
562.58716,fdeC,inverse autotransporter adhesin FdeC,VIRULENCE,VIRULENCE,nan,nan,BLASTX,91.31,99.93
562.58716,blaEC,BlaEC family class C beta-lactamase,AMR,AMR,BETA-LACTAM,BETA-LACTAM,BLASTX,99.73,100.0
562.58716,emrE,multidrug efflux SMR transporter EmrE,STRESS,BIOCIDE,EFFLUX,EFFLUX,BLASTX,98.18,100.0
562.58716,iss,increased serum survival lipoprotein Iss,VIRULENCE,VIRULENCE,nan,nan,EXACTX,100.0,100.0
562.58716,aac(6')-Ib4,aminoglycoside N-acetyltransferase AAC(6')-Ib4,AMR,AMR,AMINOGLYCOSIDE,GENTAMICIN,ALLELEX,100.0,100.0
562.58716,catB3,type B-3 chloramphenicol O-acetyltransferase CatB3,AMR,AMR,PHENICOL,CHLORAMPHENICOL,EXACTX,100.0,100.0
562.58716,dfrA1,trimethoprim-resistant dihydrofolate reductase DfrA1,AMR,AMR,TRIMETHOPRIM,TRIMETHOPRIM,EXACTX,100.0,100.0
562.58716,qacEdelta1,quaternary ammonium compound efflux SMR transporter QacE delta 1,STRESS,BIOCIDE,QUATERNARY AMMONIUM,QUATERNARY AMMONIUM,ALLELEX,100.0,100.0
562.58716,sul1,sulfonamide-resistant dihydropteroate synthase Sul1,AMR,AMR,SULFONAMIDE,SULFONAMIDE,EXACTX,100.0,100.0
562.58716,merC,organomercurial transporter MerC,STRESS,METAL,MERCURY,ORGANOMERCURY,EXACTX,100.0,100.0
562.58716,merP,mercury resistance system periplasmic binding protein MerP,STRESS,METAL,MERCURY,MERCURY,BLASTX,90.11,100.0
562.58716,merT,mercuric transport protein MerT,STRESS,METAL,MERCURY,MERCURY,EXACTX,100.0,100.0
562.58716,merR,mercury resistance transcriptional regulator MerR,STRESS,METAL,MERCURY,MERCURY,BLASTX,93.75,100.0
562.58716,blaSHV-12,extended-spectrum class A beta-lactamase SHV-12,AMR,AMR,BETA-LACTAM,CEFIDEROCOL/CEPHALOSPORIN,ALLELEX,100.0,100.0
562.58716,estX-3,macrolide esterase EstX-3,AMR,AMR,MACROLIDE,TYLOSIN,ALLELEX,100.0,100.0
562.58716,aadA2,ANT(3'')-Ia family aminoglycoside nucleotidyltransferase AadA2,AMR,AMR,AMINOGLYCOSIDE,STREPTOMYCIN,EXACTX,100.0,100.0
562.58716,cmlA1,chloramphenicol efflux MFS transporter CmlA1,AMR,AMR,PHENICOL,CHLORAMPHENICOL,EXACTX,100.0,100.0
562.58716,aadA1,ANT(3'')-Ia family aminoglycoside nucleotidyltransferase AadA1,AMR,AMR,AMINOGLYCOSIDE,STREPTOMYCIN,EXACTX,100.0,100.0
562.58716,qacL,quaternary ammonium compound efflux SMR transporter QacL,STRESS,BIOCIDE,QUATERNARY AMMONIUM,QUATERNARY AMMONIUM,EXACTX,100.0,100.0
562.58716,sul3,sulfonamide-resistant dihydropteroate synthase Sul3,AMR,AMR,SULFONAMIDE,SULFONAMIDE,EXACTX,100.0,100.0
562.58716,mcr-1.1,phosphoethanolamine--lipid A transferase MCR-1.1,AMR,AMR,COLISTIN,COLISTIN,ALLELEX,100.0,100.0
562.58716,tet(B),tetracycline efflux MFS transporter Tet(B),AMR,AMR,TETRACYCLINE,TETRACYCLINE,EXACTX,100.0,100.0
562.58716,catA1,type A-1 chloramphenicol O-acetyltransferase,AMR,AMR,PHENICOL,CHLORAMPHENICOL,EXACTX,100.0,100.0
562.58716,blaTEM-1,broad-spectrum class A beta-lactamase TEM-1,AMR,AMR,BETA-LACTAM,BETA-LACTAM,ALLELEX,100.0,100.0
562.58718,mdtM,multidrug efflux MFS transporter MdtM,AMR,AMR,EFFLUX,EFFLUX,BLASTX,97.56,100.0
562.58718,fosA7.5,fosfomycin resistance glutathione transferase FosA7.5,AMR,AMR,FOSFOMYCIN,FOSFOMYCIN,ALLELEX,100.0,100.0
562.58718,blaEC,BlaEC family class C beta-lactamase,AMR,AMR,BETA-LACTAM,BETA-LACTAM,BLASTX,97.35,100.0
562.58718,cirA_Q260Ter,Escherichia cefiderocol resistant CirA,AMR,POINT_DISRUPT,BETA-LACTAM,CEFIDEROCOL,POINTX,99.55,100.0
562.58718,ariR,biofilm/acid-resistance regulator AriR,STRESS,ACID,nan,nan,EXACTX,100.0,100.0
562.58718,espX1,type III secretion system effector EspX1,VIRULENCE,VIRULENCE,nan,nan,PARTIALX,90.36,81.18
562.58718,terW,tellurium resistance protein TerW,STRESS,METAL,TELLURIUM,TELLURIUM,EXACTX,100.0,100.0
562.58718,terZ,tellurium resistance-associated protein TerZ,STRESS,METAL,TELLURIUM,TELLURIUM,BLASTX,98.96,100.0
562.58718,terD,tellurium resistance membrane protein TerD,STRESS,METAL,TELLURIUM,TELLURIUM,BLASTX,96.35,100.0
562.58718,acrF,multidrug efflux RND transporter permease subunit AcrF,AMR,AMR,EFFLUX,EFFLUX,BLASTX,99.42,100.0
562.58718,fdeC,inverse autotransporter adhesin FdeC,VIRULENCE,VIRULENCE,nan,nan,BLASTX,91.52,99.93
562.58718,lpfA-O113,long polar fimbria major subunit LpfA-O113,VIRULENCE,VIRULENCE,nan,nan,EXACTX,100.0,100.0
562.58718,silE,silver-binding protein SilE,STRESS,METAL,SILVER,SILVER,EXACTX,100.0,100.0
562.58718,silS,copper/silver sensor histidine kinase SilS,STRESS,METAL,COPPER/SILVER,COPPER/SILVER,BLASTX,97.76,100.0
562.58718,silR,copper/silver response regulator transcription factor SilR,STRESS,METAL,COPPER/SILVER,COPPER/SILVER,EXACTX,100.0,100.0
562.58718,silC,Cu(+)/Ag(+) efflux RND transporter outer membrane channel SilC,STRESS,METAL,COPPER/SILVER,COPPER/SILVER,BLASTX,99.78,100.0
562.58718,silF,Cu(+)/Ag(+) efflux RND transporter periplasmic metallochaperone SilF,STRESS,METAL,COPPER/SILVER,COPPER/SILVER,EXACTX,100.0,100.0
562.58718,silB,Cu(+)/Ag(+) efflux RND transporter periplasmic adaptor subunit SilB,STRESS,METAL,COPPER/SILVER,COPPER/SILVER,BLASTX,99.3,100.0
562.58718,silA,Cu(+)/Ag(+) efflux RND transporter permease subunit SilA,STRESS,METAL,COPPER/SILVER,COPPER/SILVER,BLASTX,99.43,100.0
562.58718,silP,Ag(+)-translocating P-type ATPase SilP,STRESS,METAL,SILVER,SILVER,BLASTX,93.63,99.88
562.58718,pcoA,multicopper oxidase PcoA,STRESS,METAL,COPPER,COPPER,BLASTX,99.83,100.0
562.58718,pcoB,copper-binding protein PcoB,STRESS,METAL,COPPER,COPPER,EXACTX,100.0,100.0
562.58718,pcoC,copper resistance system metallochaperone PcoC,STRESS,METAL,COPPER,COPPER,EXACTX,100.0,100.0
562.58718,pcoD,copper resistance inner membrane protein PcoD,STRESS,METAL,COPPER,COPPER,EXACTX,100.0,100.0
562.58718,pcoR,copper response regulator transcription factor PcoR,STRESS,METAL,COPPER,COPPER,EXACTX,100.0,100.0
562.58718,pcoS,copper resistance membrane spanning protein PcoS,STRESS,METAL,COPPER,COPPER,BLASTX,99.36,100.0
562.58718,pcoE,copper resistance system metallochaperone PcoE,STRESS,METAL,COPPER,COPPER,BLASTX,92.36,100.0
562.58718,lpfA,long polar fimbria major subunit LpfA,VIRULENCE,VIRULENCE,nan,nan,EXACTX,100.0,100.0
562.58718,emrE,multidrug efflux SMR transporter EmrE,STRESS,BIOCIDE,EFFLUX,EFFLUX,BLASTX,98.18,100.0
562.58718,merC,organomercurial transporter MerC,STRESS,METAL,MERCURY,ORGANOMERCURY,EXACTX,100.0,100.0
562.58718,merP,mercury resistance system periplasmic binding protein MerP,STRESS,METAL,MERCURY,MERCURY,BLASTX,90.11,100.0
562.58718,merT,mercuric transport protein MerT,STRESS,METAL,MERCURY,MERCURY,EXACTX,100.0,100.0
562.58718,merR,mercury resistance transcriptional regulator MerR,STRESS,METAL,MERCURY,MERCURY,BLASTX,93.75,100.0
562.58718,iss,increased serum survival lipoprotein Iss,VIRULENCE,VIRULENCE,nan,nan,BLASTX,96.91,100.0
562.58718,iroB,salmochelin biosynthesis C-glycosyltransferase IroB,VIRULENCE,VIRULENCE,nan,nan,BLASTX,99.73,100.0
562.58718,iroC,salmochelin/enterobactin export ABC transporter IroC,VIRULENCE,VIRULENCE,nan,nan,BLASTX,99.51,100.0
562.58718,iroD,catecholate siderophore esterase IroD,VIRULENCE,VIRULENCE,nan,nan,BLASTX,99.76,100.0
562.58718,iroE,catecholate siderophore esterase IroE,VIRULENCE,VIRULENCE,nan,nan,BLASTX,99.69,100.0
562.58718,iroN,siderophore salmochelin receptor IroN,VIRULENCE,VIRULENCE,nan,nan,EXACTX,100.0,100.0
562.58718,cvaB,colicin V export peptidase/ABC transporter CvaB,VIRULENCE,VIRULENCE,nan,nan,EXACTX,100.0,100.0
562.58718,cvaC,colicin V,VIRULENCE,VIRULENCE,nan,nan,EXACTX,100.0,100.0
562.58718,iutA,ferric aerobactin receptor IutA,VIRULENCE,VIRULENCE,nan,nan,BLASTX,89.71,99.73
562.58718,iucD,NADPH-dependent L-lysine N(6)-monooxygenase IucD,VIRULENCE,VIRULENCE,nan,nan,BLASTX,97.65,95.51
562.58718,iucC,NIS family aerobactin synthetase IucC,VIRULENCE,VIRULENCE,nan,nan,BLASTX,97.59,100.0
562.58718,iucB,N(6)-hydroxylysine O-acetyltransferase IucB,VIRULENCE,VIRULENCE,nan,nan,BLASTX,95.87,100.0
562.58718,iucA,aerobactin synthase IucA,VIRULENCE,VIRULENCE,nan,nan,BLASTX,95.31,100.0
562.58718,mcr-1.2,phosphoethanolamine--lipid A transferase MCR-1.2,AMR,AMR,COLISTIN,COLISTIN,ALLELEX,100.0,100.0
562.58718,aac(3)-IIe,aminoglycoside N-acetyltransferase AAC(3)-IIe,AMR,AMR,AMINOGLYCOSIDE,GENTAMICIN,EXACTX,100.0,100.0
562.58718,blaTEM-1,broad-spectrum class A beta-lactamase TEM-1,AMR,AMR,BETA-LACTAM,BETA-LACTAM,ALLELEX,100.0,100.0
562.58718,tet(A),tetracycline efflux MFS transporter Tet(A),AMR,AMR,TETRACYCLINE,TETRACYCLINE,EXACTX,100.0,100.0
562.58718,aph(6)-Id,aminoglycoside O-phosphotransferase APH(6)-Id,AMR,AMR,AMINOGLYCOSIDE,STREPTOMYCIN,EXACTX,100.0,100.0
562.58718,aph(3'')-Ib,aminoglycoside O-phosphotransferase APH(3'')-Ib,AMR,AMR,AMINOGLYCOSIDE,STREPTOMYCIN,EXACTX,100.0,100.0
562.58718,sul2,sulfonamide-resistant dihydropteroate synthase Sul2,AMR,AMR,SULFONAMIDE,SULFONAMIDE,EXACTX,100.0,100.0
562.58718,sul3,sulfonamide-resistant dihydropteroate synthase Sul3,AMR,AMR,SULFONAMIDE,SULFONAMIDE,BLASTX,99.62,100.0
562.58718,qacL,quaternary ammonium compound efflux SMR transporter QacL,STRESS,BIOCIDE,QUATERNARY AMMONIUM,QUATERNARY AMMONIUM,EXACTX,100.0,100.0
562.58718,cmlA1,chloramphenicol efflux MFS transporter CmlA1,AMR,AMR,PHENICOL,CHLORAMPHENICOL,EXACTX,100.0,100.0
562.58718,aadA2,ANT(3'')-Ia family aminoglycoside nucleotidyltransferase AadA2,AMR,AMR,AMINOGLYCOSIDE,STREPTOMYCIN,EXACTX,100.0,100.0
562.58718,estX-3,macrolide esterase EstX-3,AMR,AMR,MACROLIDE,TYLOSIN,ALLELEX,100.0,100.0
562.58718,qacEdelta1,quaternary ammonium compound efflux SMR transporter QacE delta 1,STRESS,BIOCIDE,QUATERNARY AMMONIUM,QUATERNARY AMMONIUM,ALLELEX,100.0,100.0
562.58718,sul1,sulfonamide-resistant dihydropteroate synthase Sul1,AMR,AMR,SULFONAMIDE,SULFONAMIDE,EXACTX,100.0,100.0
562.58718,iss,increased serum survival lipoprotein Iss,VIRULENCE,VIRULENCE,nan,nan,EXACTX,100.0,100.0
562.58718,catA1,type A-1 chloramphenicol O-acetyltransferase,AMR,AMR,PHENICOL,CHLORAMPHENICOL,EXACTX,100.0,100.0
562.58718,aadA1,ANT(3'')-Ia family aminoglycoside nucleotidyltransferase AadA1,AMR,AMR,AMINOGLYCOSIDE,STREPTOMYCIN,EXACTX,100.0,100.0
562.58718,dfrA5,trimethoprim-resistant dihydrofolate reductase DfrA5,AMR,AMR,TRIMETHOPRIM,TRIMETHOPRIM,EXACTX,100.0,100.0
562.58718,dfrA1,trimethoprim-resistant dihydrofolate reductase DfrA1,AMR,AMR,TRIMETHOPRIM,TRIMETHOPRIM,EXACTX,100.0,100.0
562.58719,gyrA_D87N,Escherichia quinolone resistant GyrA,AMR,POINT,QUINOLONE,QUINOLONE,POINTX,98.97,99.66
562.58719,gyrA_S83L,Escherichia quinolone resistant GyrA,AMR,POINT,QUINOLONE,QUINOLONE,POINTX,98.97,99.66
562.58719,iss,increased serum survival lipoprotein Iss,VIRULENCE,VIRULENCE,nan,nan,EXACTX,100.0,100.0
562.58719,espX1,type III secretion system effector EspX1,VIRULENCE,VIRULENCE,nan,nan,PARTIALX,88.8,81.18
562.58719,mdtM,multidrug efflux MFS transporter MdtM,AMR,AMR,EFFLUX,EFFLUX,BLASTX,97.56,100.0
562.58719,ariR,biofilm/acid-resistance regulator AriR,STRESS,ACID,nan,nan,EXACTX,100.0,100.0
562.58719,acrF,multidrug efflux RND transporter permease subunit AcrF,AMR,AMR,EFFLUX,EFFLUX,BLASTX,99.52,100.0
562.58719,parE_S458A,Escherichia quinolone resistant ParE,AMR,POINT,QUINOLONE,QUINOLONE,POINTX,99.52,100.0
562.58719,parC_S80I,Escherichia quinolone resistant ParC,AMR,POINT,QUINOLONE,QUINOLONE,POINTX,99.87,100.0
562.58719,fdeC,inverse autotransporter adhesin FdeC,VIRULENCE,VIRULENCE,nan,nan,BLASTX,92.51,99.93
562.58719,merC,organomercurial transporter MerC,STRESS,METAL,MERCURY,ORGANOMERCURY,EXACTX,100.0,100.0
562.58719,merT,mercuric transport protein MerT,STRESS,METAL,MERCURY,MERCURY,EXACTX,100.0,100.0
562.58719,merR,mercury resistance transcriptional regulator MerR,STRESS,METAL,MERCURY,MERCURY,BLASTX,93.75,100.0
562.58719,emrE,multidrug efflux SMR transporter EmrE,STRESS,BIOCIDE,EFFLUX,EFFLUX,BLASTX,98.18,100.0
562.58719,capU,putative hexosyltransferase CapU,VIRULENCE,VIRULENCE,nan,nan,BLASTX,99.72,100.0
562.58719,lpfA-O113,long polar fimbria major subunit LpfA-O113,VIRULENCE,VIRULENCE,nan,nan,EXACTX,100.0,100.0
562.58719,iss,increased serum survival lipoprotein Iss,VIRULENCE,VIRULENCE,nan,nan,EXACTX,100.0,100.0
562.58719,iroB,salmochelin biosynthesis C-glycosyltransferase IroB,VIRULENCE,VIRULENCE,nan,nan,BLASTX,99.73,100.0
562.58719,iroC,salmochelin/enterobactin export ABC transporter IroC,VIRULENCE,VIRULENCE,nan,nan,BLASTX,99.51,100.0
562.58719,iroD,catecholate siderophore esterase IroD,VIRULENCE,VIRULENCE,nan,nan,BLASTX,99.76,100.0
562.58719,iroE,catecholate siderophore esterase IroE,VIRULENCE,VIRULENCE,nan,nan,BLASTX,99.69,100.0
562.58719,iroN,siderophore salmochelin receptor IroN,VIRULENCE,VIRULENCE,nan,nan,EXACTX,100.0,100.0
562.58719,cvaB,colicin V export peptidase/ABC transporter CvaB,VIRULENCE,VIRULENCE,nan,nan,EXACTX,100.0,100.0
562.58719,cvaC,colicin V,VIRULENCE,VIRULENCE,nan,nan,EXACTX,100.0,100.0
562.58719,blaEC,BlaEC family class C beta-lactamase,AMR,AMR,BETA-LACTAM,BETA-LACTAM,BLASTX,98.67,100.0
562.58719,iutA,ferric aerobactin receptor IutA,VIRULENCE,VIRULENCE,nan,nan,BLASTX,89.16,99.73
562.58719,iucD,NADPH-dependent L-lysine N(6)-monooxygenase IucD,VIRULENCE,VIRULENCE,nan,nan,BLASTX,97.65,95.51
562.58719,iucC,NIS family aerobactin synthetase IucC,VIRULENCE,VIRULENCE,nan,nan,BLASTX,97.41,100.0
562.58719,iucB,N(6)-hydroxylysine O-acetyltransferase IucB,VIRULENCE,VIRULENCE,nan,nan,BLASTX,95.87,100.0
562.58719,iucA,aerobactin synthase IucA,VIRULENCE,VIRULENCE,nan,nan,BLASTX,95.14,100.0
562.58719,mcr-1.1,phosphoethanolamine--lipid A transferase MCR-1.1,AMR,AMR,COLISTIN,COLISTIN,ALLELEX,100.0,100.0
562.58719,blaSHV-12,extended-spectrum class A beta-lactamase SHV-12,AMR,AMR,BETA-LACTAM,CEFIDEROCOL/CEPHALOSPORIN,ALLELEX,100.0,100.0
562.58719,sul2,sulfonamide-resistant dihydropteroate synthase Sul2,AMR,AMR,SULFONAMIDE,SULFONAMIDE,EXACTX,100.0,100.0
562.58719,aph(3'')-Ib,aminoglycoside O-phosphotransferase APH(3'')-Ib,AMR,AMR,AMINOGLYCOSIDE,STREPTOMYCIN,EXACTX,100.0,100.0
562.58719,aph(6)-Id,aminoglycoside O-phosphotransferase APH(6)-Id,AMR,AMR,AMINOGLYCOSIDE,STREPTOMYCIN,EXACTX,100.0,100.0
562.58719,tet(A),tetracycline efflux MFS transporter Tet(A),AMR,AMR,TETRACYCLINE,TETRACYCLINE,BLASTX,99.75,100.0
562.58719,dfrA5,trimethoprim-resistant dihydrofolate reductase DfrA5,AMR,AMR,TRIMETHOPRIM,TRIMETHOPRIM,EXACTX,100.0,100.0
562.58719,blaTEM-1,broad-spectrum class A beta-lactamase TEM-1,AMR,AMR,BETA-LACTAM,BETA-LACTAM,ALLELEX,100.0,100.0
562.58721,espX1,type III secretion system effector EspX1,VIRULENCE,VIRULENCE,nan,nan,BLASTX,91.33,100.0
562.58721,acrF,multidrug efflux RND transporter permease subunit AcrF,AMR,AMR,EFFLUX,EFFLUX,BLASTX,99.52,100.0
562.58721,mdtM,multidrug efflux MFS transporter MdtM,AMR,AMR,EFFLUX,EFFLUX,BLASTX,98.05,100.0
562.58721,ireA,TonB-dependent siderophore receptor IreA,VIRULENCE,VIRULENCE,nan,nan,BLASTX,99.85,100.0
562.58721,soxS_A12S,Escherichia ampicillin/chloramphenicol/quinolone/rifampin/tetracycline resistant SoxS,AMR,POINT,MULTIDRUG,AMPICILLIN/CHLORAMPHENICOL/QUINOLONE/RIFAMPIN/TETRACYCLINE,POINTX,99.07,100.0
562.58721,ariR,biofilm/acid-resistance regulator AriR,STRESS,ACID,nan,nan,EXACTX,100.0,100.0
562.58721,gyrA_D87Y,Escherichia quinolone resistant GyrA,AMR,POINT,QUINOLONE,QUINOLONE,POINTX,98.97,99.66
562.58721,gyrA_S83A,Escherichia quinolone resistant GyrA,AMR,POINT,QUINOLONE,QUINOLONE,POINTX,98.97,99.66
562.58721,cirA_W21CfsTer3,Escherichia cefiderocol resistant CirA,AMR,POINT_DISRUPT,BETA-LACTAM,CEFIDEROCOL,POINTX,100.0,100.0
562.58721,parC_S80I,Escherichia quinolone resistant ParC,AMR,POINT,QUINOLONE,QUINOLONE,POINTX,99.87,100.0
562.58721,terW,tellurium resistance protein TerW,STRESS,METAL,TELLURIUM,TELLURIUM,EXACTX,100.0,100.0
562.58721,terZ,tellurium resistance-associated protein TerZ,STRESS,METAL,TELLURIUM,TELLURIUM,BLASTX,98.96,100.0
562.58721,terD,tellurium resistance membrane protein TerD,STRESS,METAL,TELLURIUM,TELLURIUM,BLASTX,96.35,100.0
562.58721,silE,silver-binding protein SilE,STRESS,METAL,SILVER,SILVER,EXACTX,100.0,100.0
562.58721,silS,copper/silver sensor histidine kinase SilS,STRESS,METAL,COPPER/SILVER,COPPER/SILVER,BLASTX,97.76,100.0
562.58721,silR,copper/silver response regulator transcription factor SilR,STRESS,METAL,COPPER/SILVER,COPPER/SILVER,EXACTX,100.0,100.0
562.58721,silC,Cu(+)/Ag(+) efflux RND transporter outer membrane channel SilC,STRESS,METAL,COPPER/SILVER,COPPER/SILVER,EXACTX,100.0,100.0
562.58721,silF,Cu(+)/Ag(+) efflux RND transporter periplasmic metallochaperone SilF,STRESS,METAL,COPPER/SILVER,COPPER/SILVER,EXACTX,100.0,100.0
562.58721,silB,Cu(+)/Ag(+) efflux RND transporter periplasmic adaptor subunit SilB,STRESS,METAL,COPPER/SILVER,COPPER/SILVER,BLASTX,99.3,100.0
562.58721,silA,Cu(+)/Ag(+) efflux RND transporter permease subunit SilA,STRESS,METAL,COPPER/SILVER,COPPER/SILVER,BLASTX,99.43,100.0
562.58721,silP,Ag(+)-translocating P-type ATPase SilP,STRESS,METAL,SILVER,SILVER,BLASTX,93.51,99.88
562.58721,pcoA,multicopper oxidase PcoA,STRESS,METAL,COPPER,COPPER,BLASTX,99.83,100.0
562.58721,pcoB,copper-binding protein PcoB,STRESS,METAL,COPPER,COPPER,EXACTX,100.0,100.0
562.58721,pcoC,copper resistance system metallochaperone PcoC,STRESS,METAL,COPPER,COPPER,EXACTX,100.0,100.0
562.58721,pcoD,copper resistance inner membrane protein PcoD,STRESS,METAL,COPPER,COPPER,EXACTX,100.0,100.0
562.58721,pcoR,copper response regulator transcription factor PcoR,STRESS,METAL,COPPER,COPPER,EXACTX,100.0,100.0
562.58721,pcoS,copper resistance membrane spanning protein PcoS,STRESS,METAL,COPPER,COPPER,BLASTX,99.36,100.0
562.58721,pcoE,copper resistance system metallochaperone PcoE,STRESS,METAL,COPPER,COPPER,BLASTX,92.36,100.0
562.58721,fdeC,inverse autotransporter adhesin FdeC,VIRULENCE,VIRULENCE,nan,nan,BLASTX,91.38,99.93
562.58721,ybtQ,yersiniabactin ABC transporter ATP-binding/permease protein YbtQ,VIRULENCE,VIRULENCE,nan,nan,BLASTX,99.67,100.0
562.58721,ybtP,yersiniabactin ABC transporter ATP-binding/permease protein YbtP,VIRULENCE,VIRULENCE,nan,nan,BLASTX,99.67,100.0
562.58721,lpfA-O113,long polar fimbria major subunit LpfA-O113,VIRULENCE,VIRULENCE,nan,nan,EXACTX,100.0,100.0
562.58721,emrE,multidrug efflux SMR transporter EmrE,STRESS,BIOCIDE,EFFLUX,EFFLUX,BLASTX,98.18,100.0
562.58721,iss,increased serum survival lipoprotein Iss,VIRULENCE,VIRULENCE,nan,nan,EXACTX,100.0,100.0
562.58721,iucA,aerobactin synthase IucA,VIRULENCE,VIRULENCE,nan,nan,BLASTX,95.31,100.0
562.58721,iucB,N(6)-hydroxylysine O-acetyltransferase IucB,VIRULENCE,VIRULENCE,nan,nan,BLASTX,96.19,100.0
562.58721,iucC,NIS family aerobactin synthetase IucC,VIRULENCE,VIRULENCE,nan,nan,BLASTX,97.59,100.0
562.58721,iucD,NADPH-dependent L-lysine N(6)-monooxygenase IucD,VIRULENCE,VIRULENCE,nan,nan,BLASTX,97.65,95.51
562.58721,iutA,ferric aerobactin receptor IutA,VIRULENCE,VIRULENCE,nan,nan,BLASTX,89.85,99.73
562.58721,blaEC,BlaEC family class C beta-lactamase,AMR,AMR,BETA-LACTAM,BETA-LACTAM,BLASTX,99.73,100.0
562.58721,qacEdelta1,quaternary ammonium compound efflux SMR transporter QacE delta 1,STRESS,BIOCIDE,QUATERNARY AMMONIUM,QUATERNARY AMMONIUM,ALLELEX,100.0,100.0
562.58721,sul1,sulfonamide-resistant dihydropteroate synthase Sul1,AMR,AMR,SULFONAMIDE,SULFONAMIDE,EXACTX,100.0,100.0
562.58721,merC,organomercurial transporter MerC,STRESS,METAL,MERCURY,ORGANOMERCURY,EXACTX,100.0,100.0
562.58721,merP,mercury resistance system periplasmic binding protein MerP,STRESS,METAL,MERCURY,MERCURY,BLASTX,90.11,100.0
562.58721,merT,mercuric transport protein MerT,STRESS,METAL,MERCURY,MERCURY,EXACTX,100.0,100.0
562.58721,merR,mercury resistance transcriptional regulator MerR,STRESS,METAL,MERCURY,MERCURY,BLASTX,93.75,100.0
562.58721,cvaC,colicin V,VIRULENCE,VIRULENCE,nan,nan,EXACTX,100.0,100.0
562.58721,iroN,siderophore salmochelin receptor IroN,VIRULENCE,VIRULENCE,nan,nan,BLASTX,99.86,100.0
562.58721,iroE,catecholate siderophore esterase IroE,VIRULENCE,VIRULENCE,nan,nan,EXACTX,100.0,100.0
562.58721,iroD,catecholate siderophore esterase IroD,VIRULENCE,VIRULENCE,nan,nan,EXACTX,100.0,100.0
562.58721,iroC,salmochelin/enterobactin export ABC transporter IroC,VIRULENCE,VIRULENCE,nan,nan,BLASTX,99.34,100.0
562.58721,iroB,salmochelin biosynthesis C-glycosyltransferase IroB,VIRULENCE,VIRULENCE,nan,nan,BLASTX,99.73,100.0
562.58721,mcr-1.1,phosphoethanolamine--lipid A transferase MCR-1.1,AMR,AMR,COLISTIN,COLISTIN,ALLELEX,100.0,100.0
562.58721,iss,increased serum survival lipoprotein Iss,VIRULENCE,VIRULENCE,nan,nan,EXACTX,100.0,100.0
562.58721,aac(3)-IIe,aminoglycoside N-acetyltransferase AAC(3)-IIe,AMR,AMR,AMINOGLYCOSIDE,GENTAMICIN,EXACTX,100.0,100.0
562.58721,catA1,type A-1 chloramphenicol O-acetyltransferase,AMR,AMR,PHENICOL,CHLORAMPHENICOL,EXACTX,100.0,100.0
562.58721,tet(A),tetracycline efflux MFS transporter Tet(A),AMR,AMR,TETRACYCLINE,TETRACYCLINE,EXACTX,100.0,100.0
562.58721,qacL,quaternary ammonium compound efflux SMR transporter QacL,STRESS,BIOCIDE,QUATERNARY AMMONIUM,QUATERNARY AMMONIUM,EXACTX,100.0,100.0
562.58721,sul3,sulfonamide-resistant dihydropteroate synthase Sul3,AMR,AMR,SULFONAMIDE,SULFONAMIDE,BLASTX,99.62,100.0
562.58721,cmlA1,chloramphenicol efflux MFS transporter CmlA1,AMR,AMR,PHENICOL,CHLORAMPHENICOL,EXACTX,100.0,100.0
562.58721,aadA2,ANT(3'')-Ia family aminoglycoside nucleotidyltransferase AadA2,AMR,AMR,AMINOGLYCOSIDE,STREPTOMYCIN,EXACTX,100.0,100.0
562.58721,estX-3,macrolide esterase EstX-3,AMR,AMR,MACROLIDE,TYLOSIN,ALLELEX,100.0,100.0
562.58721,sul2,sulfonamide-resistant dihydropteroate synthase Sul2,AMR,AMR,SULFONAMIDE,SULFONAMIDE,EXACTX,100.0,100.0
562.58721,aph(6)-Id,aminoglycoside O-phosphotransferase APH(6)-Id,AMR,AMR,AMINOGLYCOSIDE,STREPTOMYCIN,EXACTX,100.0,100.0
562.58721,aph(3'')-Ib,aminoglycoside O-phosphotransferase APH(3'')-Ib,AMR,AMR,AMINOGLYCOSIDE,STREPTOMYCIN,EXACTX,100.0,100.0
562.58721,blaTEM-1,broad-spectrum class A beta-lactamase TEM-1,AMR,AMR,BETA-LACTAM,BETA-LACTAM,ALLELEX,100.0,100.0
562.58721,aadA1,ANT(3'')-Ia family aminoglycoside nucleotidyltransferase AadA1,AMR,AMR,AMINOGLYCOSIDE,STREPTOMYCIN,EXACTX,100.0,100.0
562.58721,dfrA1,trimethoprim-resistant dihydrofolate reductase DfrA1,AMR,AMR,TRIMETHOPRIM,TRIMETHOPRIM,EXACTX,100.0,100.0
562.58723,gyrA_D87N,Escherichia quinolone resistant GyrA,AMR,POINT,QUINOLONE,QUINOLONE,POINTX,98.97,99.66
562.58723,gyrA_S83L,Escherichia quinolone resistant GyrA,AMR,POINT,QUINOLONE,QUINOLONE,POINTX,98.97,99.66
562.58723,mdtM,multidrug efflux MFS transporter MdtM,AMR,AMR,EFFLUX,EFFLUX,BLASTX,97.8,100.0
562.58723,espX1,type III secretion system effector EspX1,VIRULENCE,VIRULENCE,nan,nan,BLASTX,91.33,100.0
562.58723,iss,increased serum survival lipoprotein Iss,VIRULENCE,VIRULENCE,nan,nan,EXACTX,100.0,100.0
562.58723,blaTEM-1,broad-spectrum class A beta-lactamase TEM-1,AMR,AMR,BETA-LACTAM,BETA-LACTAM,ALLELEX,100.0,100.0
562.58723,lpfA-O113,long polar fimbria major subunit LpfA-O113,VIRULENCE,VIRULENCE,nan,nan,EXACTX,100.0,100.0
562.58723,soxS_A12S,Escherichia ampicillin/chloramphenicol/quinolone/rifampin/tetracycline resistant SoxS,AMR,POINT,MULTIDRUG,AMPICILLIN/CHLORAMPHENICOL/QUINOLONE/RIFAMPIN/TETRACYCLINE,POINTX,99.07,100.0
562.58723,acrF,multidrug efflux RND transporter permease subunit AcrF,AMR,AMR,EFFLUX,EFFLUX,BLASTX,99.52,100.0
562.58723,parC_S80I,Escherichia quinolone resistant ParC,AMR,POINT,QUINOLONE,QUINOLONE,POINTX,99.87,100.0
562.58723,ariR,biofilm/acid-resistance regulator AriR,STRESS,ACID,nan,nan,EXACTX,100.0,100.0
562.58723,fdeC,inverse autotransporter adhesin FdeC,VIRULENCE,VIRULENCE,nan,nan,BLASTX,91.38,99.93
562.58723,mcr-1.2,phosphoethanolamine--lipid A transferase MCR-1.2,AMR,AMR,COLISTIN,COLISTIN,ALLELEX,100.0,100.0
562.58723,tsh,temperature-sensitive protease autotransporter hemagglutinin Tsh,VIRULENCE,VIRULENCE,nan,nan,BLASTX,99.85,100.0
562.58723,cvaC,colicin V,VIRULENCE,VIRULENCE,nan,nan,EXACTX,100.0,100.0
562.58723,cvaB,colicin V export peptidase/ABC transporter CvaB,VIRULENCE,VIRULENCE,nan,nan,BLASTX,99.86,100.0
562.58723,iroN,siderophore salmochelin receptor IroN,VIRULENCE,VIRULENCE,nan,nan,EXACTX,100.0,100.0
562.58723,iroE,catecholate siderophore esterase IroE,VIRULENCE,VIRULENCE,nan,nan,BLASTX,99.69,100.0
562.58723,iroD,catecholate siderophore esterase IroD,VIRULENCE,VIRULENCE,nan,nan,EXACTX,100.0,100.0
562.58723,iroC,salmochelin/enterobactin export ABC transporter IroC,VIRULENCE,VIRULENCE,nan,nan,BLASTX,99.51,100.0
562.58723,iroB,salmochelin biosynthesis C-glycosyltransferase IroB,VIRULENCE,VIRULENCE,nan,nan,BLASTX,99.73,100.0
562.58723,merR,mercury resistance transcriptional regulator MerR,STRESS,METAL,MERCURY,MERCURY,BLASTX,93.75,100.0
562.58723,merT,mercuric transport protein MerT,STRESS,METAL,MERCURY,MERCURY,EXACTX,100.0,100.0
562.58723,merP,mercury resistance system periplasmic binding protein MerP,STRESS,METAL,MERCURY,MERCURY,BLASTX,90.11,100.0
562.58723,merC,organomercurial transporter MerC,STRESS,METAL,MERCURY,ORGANOMERCURY,EXACTX,100.0,100.0
562.58723,sul1,sulfonamide-resistant dihydropteroate synthase Sul1,AMR,AMR,SULFONAMIDE,SULFONAMIDE,EXACTX,100.0,100.0
562.58723,qacEdelta1,quaternary ammonium compound efflux SMR transporter QacE delta 1,STRESS,BIOCIDE,QUATERNARY AMMONIUM,QUATERNARY AMMONIUM,ALLELEX,100.0,100.0
562.58723,dfrA1,trimethoprim-resistant dihydrofolate reductase DfrA1,AMR,AMR,TRIMETHOPRIM,TRIMETHOPRIM,EXACTX,100.0,100.0
562.58723,catB3,type B-3 chloramphenicol O-acetyltransferase CatB3,AMR,AMR,PHENICOL,CHLORAMPHENICOL,EXACTX,100.0,100.0
562.58723,aac(6')-Ib4,aminoglycoside N-acetyltransferase AAC(6')-Ib4,AMR,AMR,AMINOGLYCOSIDE,GENTAMICIN,ALLELEX,100.0,100.0
562.58723,catA1,type A-1 chloramphenicol O-acetyltransferase,AMR,AMR,PHENICOL,CHLORAMPHENICOL,BLASTX,99.54,100.0
562.58723,blaEC,BlaEC family class C beta-lactamase,AMR,AMR,BETA-LACTAM,BETA-LACTAM,BLASTX,99.73,100.0
562.58723,iutA,ferric aerobactin receptor IutA,VIRULENCE,VIRULENCE,nan,nan,BLASTX,89.71,99.73
562.58723,iucD,NADPH-dependent L-lysine N(6)-monooxygenase IucD,VIRULENCE,VIRULENCE,nan,nan,BLASTX,97.65,95.51
562.58723,iucC,NIS family aerobactin synthetase IucC,VIRULENCE,VIRULENCE,nan,nan,BLASTX,97.59,100.0
562.58723,iucB,N(6)-hydroxylysine O-acetyltransferase IucB,VIRULENCE,VIRULENCE,nan,nan,BLASTX,95.87,100.0
562.58723,iucA,aerobactin synthase IucA,VIRULENCE,VIRULENCE,nan,nan,BLASTX,95.31,100.0
562.58723,emrE,multidrug efflux SMR transporter EmrE,STRESS,BIOCIDE,EFFLUX,EFFLUX,BLASTX,98.18,100.0
562.58723,aph(3')-Ia,aminoglycoside O-phosphotransferase APH(3')-Ia,AMR,AMR,AMINOGLYCOSIDE,KANAMYCIN,BLASTX,99.63,100.0
562.58723,aph(6)-Id,aminoglycoside O-phosphotransferase APH(6)-Id,AMR,AMR,AMINOGLYCOSIDE,STREPTOMYCIN,EXACTX,100.0,100.0
562.58723,aph(3'')-Ib,aminoglycoside O-phosphotransferase APH(3'')-Ib,AMR,AMR,AMINOGLYCOSIDE,STREPTOMYCIN,EXACTX,100.0,100.0
562.58723,papC,P fimbrial usher protein PapC,VIRULENCE,VIRULENCE,nan,nan,BLASTX,96.43,100.0
562.58723,sul2,sulfonamide-resistant dihydropteroate synthase Sul2,AMR,AMR,SULFONAMIDE,SULFONAMIDE,EXACTX,100.0,100.0
562.58723,tet(B),tetracycline efflux MFS transporter Tet(B),AMR,AMR,TETRACYCLINE,TETRACYCLINE,EXACTX,100.0,100.0
562.58723,papE,P fimbrial minor subunit PapE,VIRULENCE,VIRULENCE,nan,nan,EXACTX,100.0,100.0
562.58723,papF,P fimbrial tip protein PapF,VIRULENCE,VIRULENCE,nan,nan,BLASTX,91.62,100.0
562.58723,papG-II,P fimbria tip G-adhesin PapG-II,VIRULENCE,VIRULENCE,nan,nan,BLASTX,98.81,100.0
562.58723,iss,increased serum survival lipoprotein Iss,VIRULENCE,VIRULENCE,nan,nan,EXACTX,100.0,100.0
562.58725,acrF,multidrug efflux RND transporter permease subunit AcrF,AMR,AMR,EFFLUX,EFFLUX,PARTIALX,99.64,54.16
562.58725,parE_I355T,Escherichia quinolone resistant ParE,AMR,POINT,QUINOLONE,QUINOLONE,POINTX,99.37,100.0
562.58725,parC_E84G,Escherichia quinolone resistant ParC,AMR,POINT,QUINOLONE,QUINOLONE,POINTX,99.6,100.0
562.58725,parC_S80I,Escherichia quinolone resistant ParC,AMR,POINT,QUINOLONE,QUINOLONE,POINTX,99.6,100.0
562.58725,mdtM,multidrug efflux MFS transporter MdtM,AMR,AMR,EFFLUX,EFFLUX,BLASTX,97.8,100.0
562.58725,ibeA,putative intracellular survival FAD-dependent oxidoreductase IbeA,VIRULENCE,VIRULENCE,nan,nan,BLASTX,98.46,100.0
562.58725,ariR,biofilm/acid-resistance regulator AriR,STRESS,ACID,nan,nan,BLASTX,97.73,100.0
562.58725,gyrA_D87N,Escherichia quinolone resistant GyrA,AMR,POINT,QUINOLONE,QUINOLONE,POINTX,98.97,99.66
562.58725,gyrA_S83L,Escherichia quinolone resistant GyrA,AMR,POINT,QUINOLONE,QUINOLONE,POINTX,98.97,99.66
562.58725,cirA_G352EfsTer26,Escherichia cefiderocol resistant CirA,AMR,POINT_DISRUPT,BETA-LACTAM,CEFIDEROCOL,POINTX,99.7,100.0
562.58725,blaEC,BlaEC family class C beta-lactamase,AMR,AMR,BETA-LACTAM,BETA-LACTAM,BLASTX,99.2,100.0
562.58725,fdeC,inverse autotransporter adhesin FdeC,VIRULENCE,VIRULENCE,nan,nan,BLASTX,92.16,99.93
562.58725,nfsA_H11Y,Escherichia nitrofurantoin resistant NfsA,AMR,POINT,NITROFURAN,NITROFURANTOIN,POINTX,97.08,100.0
562.58725,cyaA_S352T,Escherichia fosmidomycin resistant CyaA,AMR,POINT,FOSMIDOMYCIN,FOSMIDOMYCIN,POINTX,99.29,100.0
562.58725,lpfA-O113,long polar fimbria major subunit LpfA-O113,VIRULENCE,VIRULENCE,nan,nan,EXACTX,100.0,100.0
562.58725,emrD,multidrug efflux MFS transporter EmrD,AMR,AMR,EFFLUX,EFFLUX,BLASTX,99.75,100.0
562.58725,uhpT_E350Q,Escherichia fosfomycin resistant UhpT,AMR,POINT,FOSFOMYCIN,FOSFOMYCIN,POINTX,99.78,100.0
562.58725,air,inverse autotransporter adhesin EaeX/Air,VIRULENCE,VIRULENCE,nan,nan,PARTIAL_CONTIG_ENDX,100.0,63.11
562.58725,eilA,HilA family transcriptional regulator EilA,VIRULENCE,VIRULENCE,nan,nan,EXACTX,100.0,100.0
562.58725,iutA,ferric aerobactin receptor IutA,VIRULENCE,VIRULENCE,nan,nan,BLASTX,89.85,99.73
562.58725,iucD,NADPH-dependent L-lysine N(6)-monooxygenase IucD,VIRULENCE,VIRULENCE,nan,nan,BLASTX,97.65,95.51
562.58725,iucC,NIS family aerobactin synthetase IucC,VIRULENCE,VIRULENCE,nan,nan,BLASTX,97.59,100.0
562.58725,iucB,N(6)-hydroxylysine O-acetyltransferase IucB,VIRULENCE,VIRULENCE,nan,nan,BLASTX,96.19,100.0
562.58725,iucA,aerobactin synthase IucA,VIRULENCE,VIRULENCE,nan,nan,BLASTX,95.31,100.0
562.58725,mcr-1.2,phosphoethanolamine--lipid A transferase MCR-1.2,AMR,AMR,COLISTIN,COLISTIN,ALLELEX,100.0,100.0
562.58725,aac(3)-IId,aminoglycoside N-acetyltransferase AAC(3)-IId,AMR,AMR,AMINOGLYCOSIDE,GENTAMICIN,EXACTX,100.0,100.0
562.58725,tet(B),tetracycline efflux MFS transporter Tet(B),AMR,AMR,TETRACYCLINE,TETRACYCLINE,EXACTX,100.0,100.0
562.58725,sul2,sulfonamide-resistant dihydropteroate synthase Sul2,AMR,AMR,SULFONAMIDE,SULFONAMIDE,EXACTX,100.0,100.0
562.58725,aph(3'')-Ib,aminoglycoside O-phosphotransferase APH(3'')-Ib,AMR,AMR,AMINOGLYCOSIDE,STREPTOMYCIN,EXACTX,100.0,100.0
562.58725,aph(6)-Id,aminoglycoside O-phosphotransferase APH(6)-Id,AMR,AMR,AMINOGLYCOSIDE,STREPTOMYCIN,EXACTX,100.0,100.0
562.58725,dfrA17,trimethoprim-resistant dihydrofolate reductase DfrA17,AMR,AMR,TRIMETHOPRIM,TRIMETHOPRIM,EXACTX,100.0,100.0
562.58725,blaTEM-1,broad-spectrum class A beta-lactamase TEM-1,AMR,AMR,BETA-LACTAM,BETA-LACTAM,ALLELEX,100.0,100.0
562.58725,aph(3')-Ia,aminoglycoside O-phosphotransferase APH(3')-Ia,AMR,AMR,AMINOGLYCOSIDE,KANAMYCIN,EXACTX,100.0,100.0
562.58726,blaEC,BlaEC family class C beta-lactamase,AMR,AMR,BETA-LACTAM,BETA-LACTAM,EXACTX,100.0,100.0
562.58726,parC_A56T,Escherichia quinolone resistant ParC,AMR,POINT,QUINOLONE,QUINOLONE,POINTX,99.6,100.0
562.58726,parC_S80I,Escherichia quinolone resistant ParC,AMR,POINT,QUINOLONE,QUINOLONE,POINTX,99.6,100.0
562.58726,acrF,multidrug efflux RND transporter permease subunit AcrF,AMR,AMR,EFFLUX,EFFLUX,EXACTX,100.0,100.0
562.58726,espX1,type III secretion system effector EspX1,VIRULENCE,VIRULENCE,nan,nan,BLASTX,89.22,100.0
562.58726,gyrA_D87N,Escherichia quinolone resistant GyrA,AMR,POINT,QUINOLONE,QUINOLONE,POINTX,98.97,99.66
562.58726,gyrA_S83L,Escherichia quinolone resistant GyrA,AMR,POINT,QUINOLONE,QUINOLONE,POINTX,98.97,99.66
562.58726,ariR,biofilm/acid-resistance regulator AriR,STRESS,ACID,nan,nan,EXACTX,100.0,100.0
562.58726,fdeC,inverse autotransporter adhesin FdeC,VIRULENCE,VIRULENCE,nan,nan,BLASTX,93.93,100.0
562.58726,blaCTX-M-1,extended-spectrum class A beta-lactamase CTX-M-1,AMR,AMR,BETA-LACTAM,CEPHALOSPORIN,ALLELEX,100.0,100.0
562.58726,mdtM,multidrug efflux MFS transporter MdtM,AMR,AMR,EFFLUX,EFFLUX,BLASTX,97.27,98.29
562.58726,iroN,siderophore salmochelin receptor IroN,VIRULENCE,VIRULENCE,nan,nan,BLASTX,99.86,100.0
562.58726,iroE,catecholate siderophore esterase IroE,VIRULENCE,VIRULENCE,nan,nan,BLASTX,99.37,100.0
562.58726,iroD,catecholate siderophore esterase IroD,VIRULENCE,VIRULENCE,nan,nan,EXACTX,100.0,100.0
562.58726,iroC,salmochelin/enterobactin export ABC transporter IroC,VIRULENCE,VIRULENCE,nan,nan,BLASTX,99.34,100.0
562.58726,iroB,salmochelin biosynthesis C-glycosyltransferase IroB,VIRULENCE,VIRULENCE,nan,nan,BLASTX,99.73,100.0
562.58726,iss,increased serum survival lipoprotein Iss,VIRULENCE,VIRULENCE,nan,nan,EXACTX,100.0,100.0
562.58726,mcr-1.1,phosphoethanolamine--lipid A transferase MCR-1.1,AMR,AMR,COLISTIN,COLISTIN,ALLELEX,100.0,100.0
562.58726,merC,organomercurial transporter MerC,STRESS,METAL,MERCURY,ORGANOMERCURY,EXACTX,100.0,100.0
562.58726,merP,mercury resistance system periplasmic binding protein MerP,STRESS,METAL,MERCURY,MERCURY,BLASTX,90.11,100.0
562.58726,merT,mercuric transport protein MerT,STRESS,METAL,MERCURY,MERCURY,BLASTX,99.14,100.0
562.58726,merR,mercury resistance transcriptional regulator MerR,STRESS,METAL,MERCURY,MERCURY,BLASTX,93.75,100.0
562.58726,tet(B),tetracycline efflux MFS transporter Tet(B),AMR,AMR,TETRACYCLINE,TETRACYCLINE,EXACTX,100.0,100.0
562.58726,aph(6)-Id,aminoglycoside O-phosphotransferase APH(6)-Id,AMR,AMR,AMINOGLYCOSIDE,STREPTOMYCIN,EXACTX,100.0,100.0
562.58726,aph(3'')-Ib,aminoglycoside O-phosphotransferase APH(3'')-Ib,AMR,AMR,AMINOGLYCOSIDE,STREPTOMYCIN,EXACTX,100.0,100.0
562.58726,sul2,sulfonamide-resistant dihydropteroate synthase Sul2,AMR,AMR,SULFONAMIDE,SULFONAMIDE,EXACTX,100.0,100.0
562.58726,catA1,type A-1 chloramphenicol O-acetyltransferase,AMR,AMR,PHENICOL,CHLORAMPHENICOL,EXACTX,100.0,100.0
562.58726,mrx(A),phosphorylated macrolide efflux MFS transporter Mrx(A),AMR,AMR,MACROLIDE,AZITHROMYCIN/ERYTHROMYCIN/SPIRAMYCIN/TELITHROMYCIN,EXACTX,100.0,100.0
562.58726,mph(A),Mph(A) family macrolide 2'-phosphotransferase,AMR,AMR,MACROLIDE,AZITHROMYCIN/ERYTHROMYCIN/SPIRAMYCIN/TELITHROMYCIN,EXACTX,100.0,100.0
562.58726,aph(3')-Ia,aminoglycoside O-phosphotransferase APH(3')-Ia,AMR,AMR,AMINOGLYCOSIDE,KANAMYCIN,EXACTX,100.0,100.0
562.58727,cirA_L323Ter,Escherichia cefiderocol resistant CirA,AMR,POINT_DISRUPT,BETA-LACTAM,CEFIDEROCOL,POINTX,99.7,100.0
562.58727,blaEC,BlaEC family class C beta-lactamase,AMR,AMR,BETA-LACTAM,BETA-LACTAM,INTERNAL_STOP,98.14,100.0
562.58727,fdeC,inverse autotransporter adhesin FdeC,VIRULENCE,VIRULENCE,nan,nan,INTERNAL_STOP,94.01,51.84
562.58727,iss,increased serum survival lipoprotein Iss,VIRULENCE,VIRULENCE,nan,nan,EXACTX,100.0,100.0
562.58727,cdtB,cytolethal distending toxin nuclease subunit CdtB,VIRULENCE,VIRULENCE,nan,nan,BLASTX,94.49,99.63
562.58727,espX1,type III secretion system effector EspX1,VIRULENCE,VIRULENCE,nan,nan,PARTIALX,90.36,81.18
562.58727,acrF,multidrug efflux RND transporter permease subunit AcrF,AMR,AMR,EFFLUX,EFFLUX,BLASTX,99.61,100.0
562.58727,traT,conjugal transfer complement resistance protein TraT,VIRULENCE,VIRULENCE,nan,nan,BLASTX,91.36,100.0
562.58727,mdtM,multidrug efflux MFS transporter MdtM,AMR,AMR,EFFLUX,EFFLUX,BLASTX,97.8,100.0
562.58727,sul3,sulfonamide-resistant dihydropteroate synthase Sul3,AMR,AMR,SULFONAMIDE,SULFONAMIDE,EXACTX,100.0,100.0
562.58727,qacL,quaternary ammonium compound efflux SMR transporter QacL,STRESS,BIOCIDE,QUATERNARY AMMONIUM,QUATERNARY AMMONIUM,EXACTX,100.0,100.0
562.58727,aadA1,ANT(3'')-Ia family aminoglycoside nucleotidyltransferase AadA1,AMR,AMR,AMINOGLYCOSIDE,STREPTOMYCIN,EXACTX,100.0,100.0
562.58727,dfrA1,trimethoprim-resistant dihydrofolate reductase DfrA1,AMR,AMR,TRIMETHOPRIM,TRIMETHOPRIM,EXACTX,100.0,100.0
562.58727,tet(A),tetracycline efflux MFS transporter Tet(A),AMR,AMR,TETRACYCLINE,TETRACYCLINE,BLASTX,99.75,100.0
562.58727,mcr-1.2,phosphoethanolamine--lipid A transferase MCR-1.2,AMR,AMR,COLISTIN,COLISTIN,ALLELEX,100.0,100.0
562.58727,catA1,type A-1 chloramphenicol O-acetyltransferase,AMR,AMR,PHENICOL,CHLORAMPHENICOL,EXACTX,100.0,100.0
562.58727,ariR,biofilm/acid-resistance regulator AriR,STRESS,ACID,nan,nan,EXACTX,100.0,100.0
562.58727,blaTEM-1,broad-spectrum class A beta-lactamase TEM-1,AMR,AMR,BETA-LACTAM,BETA-LACTAM,ALLELEX,100.0,100.0
562.58727,qnrB19,quinolone resistance pentapeptide repeat protein QnrB19,AMR,AMR,QUINOLONE,QUINOLONE,ALLELEX,100.0,100.0
562.58728,parC_S80I,Escherichia quinolone resistant ParC,AMR,POINT,QUINOLONE,QUINOLONE,POINTX,99.87,100.0
562.58728,espX1,type III secretion system effector EspX1,VIRULENCE,VIRULENCE,nan,nan,BLASTX,91.33,100.0
562.58728,gyrA_D87N,Escherichia quinolone resistant GyrA,AMR,POINT,QUINOLONE,QUINOLONE,POINTX,98.97,99.66
562.58728,gyrA_S83L,Escherichia quinolone resistant GyrA,AMR,POINT,QUINOLONE,QUINOLONE,POINTX,98.97,99.66
562.58728,blaEC,BlaEC family class C beta-lactamase,AMR,AMR,BETA-LACTAM,BETA-LACTAM,BLASTX,98.41,100.0
562.58728,mdtM,multidrug efflux MFS transporter MdtM,AMR,AMR,EFFLUX,EFFLUX,BLASTX,98.05,100.0
562.58728,ariR,biofilm/acid-resistance regulator AriR,STRESS,ACID,nan,nan,EXACTX,100.0,100.0
562.58728,nfsA_Q72Ter,Escherichia nitrofurantoin resistant NfsA,AMR,POINT_DISRUPT,NITROFURAN,NITROFURANTOIN,POINTX,99.17,100.0
562.58728,lpfA-O113,long polar fimbria major subunit LpfA-O113,VIRULENCE,VIRULENCE,nan,nan,BLASTX,99.47,100.0
562.58728,fdeC,inverse autotransporter adhesin FdeC,VIRULENCE,VIRULENCE,nan,nan,BLASTX,92.51,99.93
562.58728,lpfA,long polar fimbria major subunit LpfA,VIRULENCE,VIRULENCE,nan,nan,EXACTX,100.0,100.0
562.58728,iss,increased serum survival lipoprotein Iss,VIRULENCE,VIRULENCE,nan,nan,EXACTX,100.0,100.0
562.58728,iroB,salmochelin biosynthesis C-glycosyltransferase IroB,VIRULENCE,VIRULENCE,nan,nan,BLASTX,99.73,100.0
562.58728,iroC,salmochelin/enterobactin export ABC transporter IroC,VIRULENCE,VIRULENCE,nan,nan,BLASTX,99.43,100.0
562.58728,iroD,catecholate siderophore esterase IroD,VIRULENCE,VIRULENCE,nan,nan,BLASTX,99.76,100.0
562.58728,iroE,catecholate siderophore esterase IroE,VIRULENCE,VIRULENCE,nan,nan,BLASTX,99.69,100.0
562.58728,iroN,siderophore salmochelin receptor IroN,VIRULENCE,VIRULENCE,nan,nan,EXACTX,100.0,100.0
562.58728,cvaB,colicin V export peptidase/ABC transporter CvaB,VIRULENCE,VIRULENCE,nan,nan,EXACTX,100.0,100.0
562.58728,cvaC,colicin V,VIRULENCE,VIRULENCE,nan,nan,EXACTX,100.0,100.0
562.58728,acrF,multidrug efflux RND transporter permease subunit AcrF,AMR,AMR,EFFLUX,EFFLUX,BLASTX,99.42,100.0
562.58728,catA1,type A-1 chloramphenicol O-acetyltransferase,AMR,AMR,PHENICOL,CHLORAMPHENICOL,EXACTX,100.0,100.0
562.58728,dfrA17,trimethoprim-resistant dihydrofolate reductase DfrA17,AMR,AMR,TRIMETHOPRIM,TRIMETHOPRIM,EXACTX,100.0,100.0
562.58728,aadA5,ANT(3'')-Ia family aminoglycoside nucleotidyltransferase AadA5,AMR,AMR,AMINOGLYCOSIDE,STREPTOMYCIN,EXACTX,100.0,100.0
562.58728,qacEdelta1,quaternary ammonium compound efflux SMR transporter QacE delta 1,STRESS,BIOCIDE,QUATERNARY AMMONIUM,QUATERNARY AMMONIUM,ALLELEX,100.0,100.0
562.58728,sul1,sulfonamide-resistant dihydropteroate synthase Sul1,AMR,AMR,SULFONAMIDE,SULFONAMIDE,EXACTX,100.0,100.0
562.58728,iucA,aerobactin synthase IucA,VIRULENCE,VIRULENCE,nan,nan,BLASTX,95.31,100.0
562.58728,iucB,N(6)-hydroxylysine O-acetyltransferase IucB,VIRULENCE,VIRULENCE,nan,nan,BLASTX,95.87,100.0
562.58728,iucC,NIS family aerobactin synthetase IucC,VIRULENCE,VIRULENCE,nan,nan,BLASTX,97.59,100.0
562.58728,iucD,NADPH-dependent L-lysine N(6)-monooxygenase IucD,VIRULENCE,VIRULENCE,nan,nan,BLASTX,97.65,95.51
562.58728,iutA,ferric aerobactin receptor IutA,VIRULENCE,VIRULENCE,nan,nan,BLASTX,89.71,99.73
562.58728,mcr-1.2,phosphoethanolamine--lipid A transferase MCR-1.2,AMR,AMR,COLISTIN,COLISTIN,ALLELEX,100.0,100.0
562.58728,qacL,quaternary ammonium compound efflux SMR transporter QacL,STRESS,BIOCIDE,QUATERNARY AMMONIUM,QUATERNARY AMMONIUM,EXACTX,100.0,100.0
562.58728,sul3,sulfonamide-resistant dihydropteroate synthase Sul3,AMR,AMR,SULFONAMIDE,SULFONAMIDE,EXACTX,100.0,100.0
562.58728,mef(B),macrolide efflux MFS transporter Mef(B),AMR,AMR,MACROLIDE,AZITHROMYCIN/ERYTHROMYCIN,EXACTX,100.0,100.0
562.58728,blaTEM-1,broad-spectrum class A beta-lactamase TEM-1,AMR,AMR,BETA-LACTAM,BETA-LACTAM,ALLELEX,100.0,100.0
562.58728,merT,mercuric transport protein MerT,STRESS,METAL,MERCURY,MERCURY,PARTIAL_CONTIG_ENDX,100.0,89.66
562.58728,merP,mercury resistance system periplasmic binding protein MerP,STRESS,METAL,MERCURY,MERCURY,BLASTX,90.11,100.0
562.58728,merC,organomercurial transporter MerC,STRESS,METAL,MERCURY,ORGANOMERCURY,EXACTX,100.0,100.0
562.58728,tet(A),tetracycline efflux MFS transporter Tet(A),AMR,AMR,TETRACYCLINE,TETRACYCLINE,EXACTX,100.0,100.0
562.58728,aph(3')-Ia,aminoglycoside O-phosphotransferase APH(3')-Ia,AMR,AMR,AMINOGLYCOSIDE,KANAMYCIN,EXACTX,100.0,100.0
562.58728,merR,mercury resistance transcriptional regulator MerR,STRESS,METAL,MERCURY,MERCURY,PARTIAL_CONTIG_ENDX,95.04,84.03
562.58732,acrF,multidrug efflux RND transporter permease subunit AcrF,AMR,AMR,EFFLUX,EFFLUX,BLASTX,99.71,100.0
562.58732,gyrA_S83L,Escherichia quinolone resistant GyrA,AMR,POINT,QUINOLONE,QUINOLONE,POINTX,99.09,99.66
562.58732,espX1,type III secretion system effector EspX1,VIRULENCE,VIRULENCE,nan,nan,PARTIALX,90.36,81.18
562.58732,dfrA1,trimethoprim-resistant dihydrofolate reductase DfrA1,AMR,AMR,TRIMETHOPRIM,TRIMETHOPRIM,EXACTX,100.0,100.0
562.58732,sat2,streptothricin N-acetyltransferase Sat2,AMR,AMR,STREPTOTHRICIN,STREPTOTHRICIN,EXACTX,100.0,100.0
562.58732,aadA1,ANT(3'')-Ia family aminoglycoside nucleotidyltransferase AadA1,AMR,AMR,AMINOGLYCOSIDE,STREPTOMYCIN,EXACTX,100.0,100.0
562.58732,blaEC,BlaEC family class C beta-lactamase,AMR,AMR,BETA-LACTAM,BETA-LACTAM,BLASTX,98.41,100.0
562.58732,iss,increased serum survival lipoprotein Iss,VIRULENCE,VIRULENCE,nan,nan,EXACTX,100.0,100.0
562.58732,mcr-1.1,phosphoethanolamine--lipid A transferase MCR-1.1,AMR,AMR,COLISTIN,COLISTIN,ALLELEX,100.0,100.0
562.58732,traT,conjugal transfer complement resistance protein TraT,VIRULENCE,VIRULENCE,nan,nan,BLASTX,91.36,100.0
562.58732,terD,tellurium resistance membrane protein TerD,STRESS,METAL,TELLURIUM,TELLURIUM,BLASTX,96.35,100.0
562.58732,terZ,tellurium resistance-associated protein TerZ,STRESS,METAL,TELLURIUM,TELLURIUM,BLASTX,98.96,100.0
562.58732,terW,tellurium resistance protein TerW,STRESS,METAL,TELLURIUM,TELLURIUM,EXACTX,100.0,100.0
562.58732,mdtM,multidrug efflux MFS transporter MdtM,AMR,AMR,EFFLUX,EFFLUX,BLASTX,97.8,100.0
562.58732,tet(M),tetracycline resistance ribosomal protection protein Tet(M),AMR,AMR,TETRACYCLINE,TETRACYCLINE,BLASTX,98.12,100.0
562.58732,aac(3)-IIe,aminoglycoside N-acetyltransferase AAC(3)-IIe,AMR,AMR,AMINOGLYCOSIDE,GENTAMICIN,EXACTX,100.0,100.0
562.58732,aph(3')-Ia,aminoglycoside O-phosphotransferase APH(3')-Ia,AMR,AMR,AMINOGLYCOSIDE,KANAMYCIN,EXACTX,100.0,100.0
562.58732,aph(6)-Id,aminoglycoside O-phosphotransferase APH(6)-Id,AMR,AMR,AMINOGLYCOSIDE,STREPTOMYCIN,EXACTX,100.0,100.0
562.58732,aph(3'')-Ib,aminoglycoside O-phosphotransferase APH(3'')-Ib,AMR,AMR,AMINOGLYCOSIDE,STREPTOMYCIN,EXACTX,100.0,100.0
562.58732,capU,putative hexosyltransferase CapU,VIRULENCE,VIRULENCE,nan,nan,EXACTX,100.0,100.0
562.58732,merC,organomercurial transporter MerC,STRESS,METAL,MERCURY,ORGANOMERCURY,EXACTX,100.0,100.0
562.58732,merP,mercury resistance system periplasmic binding protein MerP,STRESS,METAL,MERCURY,MERCURY,BLASTX,90.11,100.0
562.58732,merT,mercuric transport protein MerT,STRESS,METAL,MERCURY,MERCURY,EXACTX,100.0,100.0
562.58732,merR,mercury resistance transcriptional regulator MerR,STRESS,METAL,MERCURY,MERCURY,BLASTX,93.06,100.0
562.58732,tet(A),tetracycline efflux MFS transporter Tet(A),AMR,AMR,TETRACYCLINE,TETRACYCLINE,BLASTX,99.75,100.0
562.58732,ariR,biofilm/acid-resistance regulator AriR,STRESS,ACID,nan,nan,EXACTX,100.0,100.0
562.58732,floR,chloramphenicol/florfenicol efflux MFS transporter FloR,AMR,AMR,PHENICOL,CHLORAMPHENICOL/FLORFENICOL,BLASTX,99.75,100.0
562.58732,sul3,sulfonamide-resistant dihydropteroate synthase Sul3,AMR,AMR,SULFONAMIDE,SULFONAMIDE,EXACTX,100.0,100.0
562.58732,blaCTX-M-15,extended-spectrum class A beta-lactamase CTX-M-15,AMR,AMR,BETA-LACTAM,CEPHALOSPORIN,ALLELEX,100.0,100.0
562.58732,blaTEM,TEM family class A beta-lactamase,AMR,AMR,BETA-LACTAM,BETA-LACTAM,PARTIAL_CONTIG_ENDX,100.0,86.01
562.58733,nfsA_V127YfsTer12,Escherichia nitrofurantoin resistant NfsA,AMR,POINT_DISRUPT,NITROFURAN,NITROFURANTOIN,POINTX,98.33,100.0
562.58733,gyrA_S83L,Escherichia quinolone resistant GyrA,AMR,POINT,QUINOLONE,QUINOLONE,POINTX,99.09,99.66
562.58733,blaEC,BlaEC family class C beta-lactamase,AMR,AMR,BETA-LACTAM,BETA-LACTAM,BLASTX,97.88,100.0
562.58733,espX1,type III secretion system effector EspX1,VIRULENCE,VIRULENCE,nan,nan,PARTIALX,90.56,86.47
562.58733,silE,silver-binding protein SilE,STRESS,METAL,SILVER,SILVER,EXACTX,100.0,100.0
562.58733,silS,copper/silver sensor histidine kinase SilS,STRESS,METAL,COPPER/SILVER,COPPER/SILVER,BLASTX,97.76,100.0
562.58733,silR,copper/silver response regulator transcription factor SilR,STRESS,METAL,COPPER/SILVER,COPPER/SILVER,BLASTX,99.56,100.0
562.58733,silC,Cu(+)/Ag(+) efflux RND transporter outer membrane channel SilC,STRESS,METAL,COPPER/SILVER,COPPER/SILVER,BLASTX,99.78,100.0
562.58733,silF,Cu(+)/Ag(+) efflux RND transporter periplasmic metallochaperone SilF,STRESS,METAL,COPPER/SILVER,COPPER/SILVER,EXACTX,100.0,100.0
562.58733,silB,Cu(+)/Ag(+) efflux RND transporter periplasmic adaptor subunit SilB,STRESS,METAL,COPPER/SILVER,COPPER/SILVER,BLASTX,99.77,100.0
562.58733,silA,Cu(+)/Ag(+) efflux RND transporter permease subunit SilA,STRESS,METAL,COPPER/SILVER,COPPER/SILVER,BLASTX,98.76,100.0
562.58733,silP,Ag(+)-translocating P-type ATPase SilP,STRESS,METAL,SILVER,SILVER,BLASTX,94.29,99.64
562.58733,pcoA,multicopper oxidase PcoA,STRESS,METAL,COPPER,COPPER,BLASTX,99.83,100.0
562.58733,pcoB,copper-binding protein PcoB,STRESS,METAL,COPPER,COPPER,BLASTX,99.66,100.0
562.58733,pcoC,copper resistance system metallochaperone PcoC,STRESS,METAL,COPPER,COPPER,EXACTX,100.0,100.0
562.58733,pcoD,copper resistance inner membrane protein PcoD,STRESS,METAL,COPPER,COPPER,EXACTX,100.0,100.0
562.58733,pcoR,copper response regulator transcription factor PcoR,STRESS,METAL,COPPER,COPPER,EXACTX,100.0,100.0
562.58733,pcoS,copper resistance membrane spanning protein PcoS,STRESS,METAL,COPPER,COPPER,BLASTX,99.57,100.0
562.58733,pcoE,copper resistance system metallochaperone PcoE,STRESS,METAL,COPPER,COPPER,BLASTX,92.36,100.0
562.58733,tet(B),tetracycline efflux MFS transporter Tet(B),AMR,AMR,TETRACYCLINE,TETRACYCLINE,EXACTX,100.0,100.0
562.58733,mdtM,multidrug efflux MFS transporter MdtM,AMR,AMR,EFFLUX,EFFLUX,BLASTX,97.32,100.0
562.58733,yfdX2,heat resistance protein YfdX2,STRESS,HEAT,nan,nan,PARTIAL_CONTIG_ENDX,92.67,50.85
562.58733,yfdX1,heat resistance protein YfdX1,STRESS,HEAT,nan,nan,BLASTX,91.78,100.0
562.58733,shsP,small heat shock protein sHSP20-GI,STRESS,HEAT,nan,nan,BLASTX,97.37,100.0
562.58733,clpK,heat shock survival AAA family ATPase ClpK,STRESS,HEAT,nan,nan,BLASTX,94.52,100.0
562.58733,arsA,arsenite efflux transporter ATPase subunit ArsA,STRESS,METAL,ARSENIC,ARSENITE,BLASTX,99.14,100.0
562.58733,arsD,arsenite efflux transporter metallochaperone ArsD,STRESS,METAL,ARSENIC,ARSENITE,BLASTX,98.33,100.0
562.58733,arsR,As(III)-sensing metalloregulatory transcriptional repressor ArsR,STRESS,METAL,ARSENIC,ARSENIC,EXACTX,100.0,100.0
562.58733,emrE,multidrug efflux SMR transporter EmrE,STRESS,BIOCIDE,EFFLUX,EFFLUX,BLASTX,98.18,100.0
562.58733,ariR,biofilm/acid-resistance regulator AriR,STRESS,ACID,nan,nan,EXACTX,100.0,100.0
562.58733,terE,tellurium resistance cAMP binding protein TerE,STRESS,METAL,TELLURIUM,TELLURIUM,BLASTX,98.95,100.0
562.58733,terD,tellurium resistance membrane protein TerD,STRESS,METAL,TELLURIUM,TELLURIUM,BLASTX,98.96,100.0
562.58733,terC,tellurium resistance membrane protein TerC,STRESS,METAL,TELLURIUM,TELLURIUM,BLASTX,98.84,100.0
562.58733,terB,tellurium resistance membrane protein TerB,STRESS,METAL,TELLURIUM,TELLURIUM,EXACTX,100.0,100.0
562.58733,terA,tellurium resistance system protein TerA,STRESS,METAL,nan,nan,BLASTX,98.96,100.0
562.58733,trxLHR,heat resistance system thioredoxin Trx-GI,STRESS,HEAT,nan,nan,BLASTX,90.41,100.0
562.58733,lpfA-O113,long polar fimbria major subunit LpfA-O113,VIRULENCE,VIRULENCE,nan,nan,EXACTX,100.0,100.0
562.58733,sul1,sulfonamide-resistant dihydropteroate synthase Sul1,AMR,AMR,SULFONAMIDE,SULFONAMIDE,EXACTX,100.0,100.0
562.58733,qacEdelta1,quaternary ammonium compound efflux SMR transporter QacE delta 1,STRESS,BIOCIDE,QUATERNARY AMMONIUM,QUATERNARY AMMONIUM,ALLELEX,100.0,100.0
562.58733,aadA1,ANT(3'')-Ia family aminoglycoside nucleotidyltransferase AadA1,AMR,AMR,AMINOGLYCOSIDE,STREPTOMYCIN,EXACTX,100.0,100.0
562.58733,dfrA1,trimethoprim-resistant dihydrofolate reductase DfrA1,AMR,AMR,TRIMETHOPRIM,TRIMETHOPRIM,EXACTX,100.0,100.0
562.58733,aph(6)-Id,aminoglycoside O-phosphotransferase APH(6)-Id,AMR,AMR,AMINOGLYCOSIDE,STREPTOMYCIN,EXACTX,100.0,100.0
562.58733,aph(3'')-Ib,aminoglycoside O-phosphotransferase APH(3'')-Ib,AMR,AMR,AMINOGLYCOSIDE,STREPTOMYCIN,EXACTX,100.0,100.0
562.58733,sul2,sulfonamide-resistant dihydropteroate synthase Sul2,AMR,AMR,SULFONAMIDE,SULFONAMIDE,BLASTX,99.63,100.0
562.58733,yfdX2,heat resistance protein YfdX2,STRESS,HEAT,nan,nan,PARTIAL_CONTIG_ENDX,100.0,50.85
562.58733,yfdX1,heat resistance protein YfdX1,STRESS,HEAT,nan,nan,EXACTX,100.0,100.0
562.58733,shsP,small heat shock protein sHSP20-GI,STRESS,HEAT,nan,nan,BLASTX,99.34,100.0
562.58733,clpK,heat shock survival AAA family ATPase ClpK,STRESS,HEAT,nan,nan,BLASTX,98.85,100.0
562.58733,hsp20,small heat shock protein sHSP20,STRESS,HEAT,nan,nan,BLASTX,99.47,100.0
562.58733,psi-GI,heat resistance protein PsiE-GI,STRESS,HEAT,nan,nan,PARTIAL_CONTIG_ENDX,98.31,71.52
562.58733,aac(3)-IIe,aminoglycoside N-acetyltransferase AAC(3)-IIe,AMR,AMR,AMINOGLYCOSIDE,GENTAMICIN,EXACTX,100.0,100.0
562.58733,mcr-4.6,phosphoethanolamine--lipid A transferase MCR-4.6,AMR,AMR,COLISTIN,COLISTIN,ALLELEX,100.0,100.0
562.58733,psi-GI,heat resistance protein PsiE-GI,STRESS,HEAT,nan,nan,PARTIAL_CONTIG_ENDX,98.88,53.94
562.58733,kefB-GI,heat resistance system K+/H+ antiporter KefB-GI,STRESS,HEAT,nan,nan,BLASTX,99.82,100.0
562.58733,trxLHR,heat resistance system thioredoxin Trx-GI,STRESS,HEAT,nan,nan,BLASTX,98.52,92.47
562.58733,blaTEM-1,broad-spectrum class A beta-lactamase TEM-1,AMR,AMR,BETA-LACTAM,BETA-LACTAM,ALLELEX,100.0,100.0
562.58733,aph(3')-Ia,aminoglycoside O-phosphotransferase APH(3')-Ia,AMR,AMR,AMINOGLYCOSIDE,KANAMYCIN,BLASTX,99.63,100.0
562.58733,catA1,type A-1 chloramphenicol O-acetyltransferase,AMR,AMR,PHENICOL,CHLORAMPHENICOL,EXACTX,100.0,100.0
562.58733,hdeD-GI,heat resistance membrane protein HdeD-GI,STRESS,HEAT,nan,nan,PARTIAL_CONTIG_ENDX,98.9,89.66
562.58733,yfdX2,heat resistance protein YfdX2,STRESS,HEAT,nan,nan,PARTIAL_CONTIG_ENDX,100.0,57.63
562.58734,blaEC,BlaEC family class C beta-lactamase,AMR,AMR,BETA-LACTAM,BETA-LACTAM,EXACTX,100.0,100.0
562.58734,gyrA_D87N,Escherichia quinolone resistant GyrA,AMR,POINT,QUINOLONE,QUINOLONE,POINTX,98.97,99.66
562.58734,gyrA_S83L,Escherichia quinolone resistant GyrA,AMR,POINT,QUINOLONE,QUINOLONE,POINTX,98.97,99.66
562.58734,acrF,multidrug efflux RND transporter permease subunit AcrF,AMR,AMR,EFFLUX,EFFLUX,EXACTX,100.0,100.0
562.58734,espX1,type III secretion system effector EspX1,VIRULENCE,VIRULENCE,nan,nan,BLASTX,89.22,100.0
562.58734,ariR,biofilm/acid-resistance regulator AriR,STRESS,ACID,nan,nan,EXACTX,100.0,100.0
562.58734,parC_A56T,Escherichia quinolone resistant ParC,AMR,POINT,QUINOLONE,QUINOLONE,POINTX,99.6,100.0
562.58734,parC_S80I,Escherichia quinolone resistant ParC,AMR,POINT,QUINOLONE,QUINOLONE,POINTX,99.6,100.0
562.58734,fdeC,inverse autotransporter adhesin FdeC,VIRULENCE,VIRULENCE,nan,nan,BLASTX,94.07,100.0
562.58734,mdtM,multidrug efflux MFS transporter MdtM,AMR,AMR,EFFLUX,EFFLUX,BLASTX,97.27,98.29
562.58734,silE,silver-binding protein SilE,STRESS,METAL,SILVER,SILVER,BLASTX,92.31,100.0
562.58734,silS,copper/silver sensor histidine kinase SilS,STRESS,METAL,COPPER/SILVER,COPPER/SILVER,BLASTX,98.98,100.0
562.58734,silR,copper/silver response regulator transcription factor SilR,STRESS,METAL,COPPER/SILVER,COPPER/SILVER,BLASTX,98.23,100.0
562.58734,silC,Cu(+)/Ag(+) efflux RND transporter outer membrane channel SilC,STRESS,METAL,COPPER/SILVER,COPPER/SILVER,EXACTX,100.0,100.0
562.58734,silF,Cu(+)/Ag(+) efflux RND transporter periplasmic metallochaperone SilF,STRESS,METAL,COPPER/SILVER,COPPER/SILVER,BLASTX,97.44,100.0
562.58734,silB,Cu(+)/Ag(+) efflux RND transporter periplasmic adaptor subunit SilB,STRESS,METAL,COPPER/SILVER,COPPER/SILVER,BLASTX,96.28,100.0
562.58734,silA,Cu(+)/Ag(+) efflux RND transporter permease subunit SilA,STRESS,METAL,COPPER/SILVER,COPPER/SILVER,BLASTX,96.76,100.0
562.58734,silP,Ag(+)-translocating P-type ATPase SilP,STRESS,METAL,SILVER,SILVER,BLASTX,94.19,100.0
562.58734,mcr-1.1,phosphoethanolamine--lipid A transferase MCR-1.1,AMR,AMR,COLISTIN,COLISTIN,ALLELEX,100.0,100.0
562.58734,dfrA12,trimethoprim-resistant dihydrofolate reductase DfrA12,AMR,AMR,TRIMETHOPRIM,TRIMETHOPRIM,EXACTX,100.0,100.0
562.58734,aadA2,ANT(3'')-Ia family aminoglycoside nucleotidyltransferase AadA2,AMR,AMR,AMINOGLYCOSIDE,STREPTOMYCIN,EXACTX,100.0,100.0
562.58734,merR,mercury resistance transcriptional regulator MerR,STRESS,METAL,MERCURY,MERCURY,BLASTX,93.75,100.0
562.58734,merT,mercuric transport protein MerT,STRESS,METAL,MERCURY,MERCURY,EXACTX,100.0,100.0
562.58734,merP,mercury resistance system periplasmic binding protein MerP,STRESS,METAL,MERCURY,MERCURY,BLASTX,90.11,100.0
562.58734,merC,organomercurial transporter MerC,STRESS,METAL,MERCURY,ORGANOMERCURY,EXACTX,100.0,100.0
562.58734,mph(A),Mph(A) family macrolide 2'-phosphotransferase,AMR,AMR,MACROLIDE,AZITHROMYCIN/ERYTHROMYCIN/SPIRAMYCIN/TELITHROMYCIN,EXACTX,100.0,100.0
562.58734,mrx(A),phosphorylated macrolide efflux MFS transporter Mrx(A),AMR,AMR,MACROLIDE,AZITHROMYCIN/ERYTHROMYCIN/SPIRAMYCIN/TELITHROMYCIN,EXACTX,100.0,100.0
562.58734,tet(B),tetracycline efflux MFS transporter Tet(B),AMR,AMR,TETRACYCLINE,TETRACYCLINE,EXACTX,100.0,100.0
562.58734,blaCTX-M-55,extended-spectrum class A beta-lactamase CTX-M-55,AMR,AMR,BETA-LACTAM,CEPHALOSPORIN,ALLELEX,100.0,100.0
562.58734,floR,chloramphenicol/florfenicol efflux MFS transporter FloR,AMR,AMR,PHENICOL,CHLORAMPHENICOL/FLORFENICOL,BLASTX,99.5,100.0
562.58734,mcr-3.2,phosphoethanolamine--lipid A transferase MCR-3.2,AMR,AMR,COLISTIN,COLISTIN,ALLELEX,100.0,100.0
562.58734,tet(M),tetracycline resistance ribosomal protection protein Tet(M),AMR,AMR,TETRACYCLINE,TETRACYCLINE,BLASTX,98.12,100.0
562.58734,aadA5,ANT(3'')-Ia family aminoglycoside nucleotidyltransferase AadA5,AMR,AMR,AMINOGLYCOSIDE,STREPTOMYCIN,EXACTX,100.0,100.0
562.58734,qacEdelta1,quaternary ammonium compound efflux SMR transporter QacE delta 1,STRESS,BIOCIDE,QUATERNARY AMMONIUM,QUATERNARY AMMONIUM,ALLELEX,100.0,100.0
562.58734,sul1,sulfonamide-resistant dihydropteroate synthase Sul1,AMR,AMR,SULFONAMIDE,SULFONAMIDE,EXACTX,100.0,100.0
562.58734,sul3,sulfonamide-resistant dihydropteroate synthase Sul3,AMR,AMR,SULFONAMIDE,SULFONAMIDE,EXACTX,100.0,100.0
562.58734,aac(3)-IId,aminoglycoside N-acetyltransferase AAC(3)-IId,AMR,AMR,AMINOGLYCOSIDE,GENTAMICIN,EXACTX,100.0,100.0
562.58734,blaTEM-1,broad-spectrum class A beta-lactamase TEM-1,AMR,AMR,BETA-LACTAM,BETA-LACTAM,ALLELEX,100.0,100.0
562.58734,bleO,bleomycin binding protein,AMR,AMR,BLEOMYCIN,BLEOMYCIN,BLASTX,99.22,96.27
562.58736,mdtM,multidrug efflux MFS transporter MdtM,AMR,AMR,EFFLUX,EFFLUX,BLASTX,97.8,100.0
562.58736,blaEC,BlaEC family class C beta-lactamase,AMR,AMR,BETA-LACTAM,BETA-LACTAM,BLASTX,98.41,100.0
562.58736,gyrA_S83L,Escherichia quinolone resistant GyrA,AMR,POINT,QUINOLONE,QUINOLONE,POINTX,99.09,99.66
562.58736,mcr-1.1,phosphoethanolamine--lipid A transferase MCR-1.1,AMR,AMR,COLISTIN,COLISTIN,ALLELEX,100.0,100.0
562.58736,acrF,multidrug efflux RND transporter permease subunit AcrF,AMR,AMR,EFFLUX,EFFLUX,BLASTX,99.71,100.0
562.58736,ybtP,yersiniabactin ABC transporter ATP-binding/permease protein YbtP,VIRULENCE,VIRULENCE,nan,nan,BLASTX,99.67,100.0
562.58736,ybtQ,yersiniabactin ABC transporter ATP-binding/permease protein YbtQ,VIRULENCE,VIRULENCE,nan,nan,BLASTX,99.5,100.0
562.58736,emrE,multidrug efflux SMR transporter EmrE,STRESS,BIOCIDE,EFFLUX,EFFLUX,BLASTX,98.18,100.0
562.58736,espX1,type III secretion system effector EspX1,VIRULENCE,VIRULENCE,nan,nan,PARTIALX,90.36,81.18
562.58736,blaCTX-M-1,extended-spectrum class A beta-lactamase CTX-M-1,AMR,AMR,BETA-LACTAM,CEPHALOSPORIN,ALLELEX,100.0,100.0
562.58736,ariR,biofilm/acid-resistance regulator AriR,STRESS,ACID,nan,nan,EXACTX,100.0,100.0
562.58736,iroN,siderophore salmochelin receptor IroN,VIRULENCE,VIRULENCE,nan,nan,BLASTX,99.03,100.0
562.58736,iroE,catecholate siderophore esterase IroE,VIRULENCE,VIRULENCE,nan,nan,BLASTX,99.37,100.0
562.58736,iroD,catecholate siderophore esterase IroD,VIRULENCE,VIRULENCE,nan,nan,BLASTX,99.02,100.0
562.58736,iroC,salmochelin/enterobactin export ABC transporter IroC,VIRULENCE,VIRULENCE,nan,nan,BLASTX,99.18,100.0
562.58736,iroB,salmochelin biosynthesis C-glycosyltransferase IroB,VIRULENCE,VIRULENCE,nan,nan,BLASTX,98.92,100.0
562.58736,merR,mercury resistance transcriptional regulator MerR,STRESS,METAL,MERCURY,MERCURY,BLASTX,93.75,100.0
562.58736,merT,mercuric transport protein MerT,STRESS,METAL,MERCURY,MERCURY,EXACTX,100.0,100.0
562.58736,blaTEM-1,broad-spectrum class A beta-lactamase TEM-1,AMR,AMR,BETA-LACTAM,BETA-LACTAM,ALLELEX,100.0,100.0
562.58736,merC,organomercurial transporter MerC,STRESS,METAL,MERCURY,ORGANOMERCURY,EXACTX,100.0,100.0
562.58736,mph(B),Mph(B) family macrolide 2'-phosphotransferase,AMR,AMR,MACROLIDE,ERYTHROMYCIN/SPIRAMYCIN/TELITHROMYCIN,EXACTX,100.0,100.0
562.58736,rdmCL,spiramycin modification protein RdmCL,AMR,AMR,MACROLIDE,TYLOSIN,EXACTX,100.0,100.0
562.58736,capU,putative hexosyltransferase CapU,VIRULENCE,VIRULENCE,nan,nan,EXACTX,100.0,100.0
562.58736,dfrA36,trimethoprim-resistant dihydrofolate reductase DfrA36,AMR,AMR,TRIMETHOPRIM,TRIMETHOPRIM,EXACTX,100.0,100.0
562.58736,sul2,sulfonamide-resistant dihydropteroate synthase Sul2,AMR,AMR,SULFONAMIDE,SULFONAMIDE,EXACTX,100.0,100.0
562.58736,aph(6)-Id,aminoglycoside O-phosphotransferase APH(6)-Id,AMR,AMR,AMINOGLYCOSIDE,STREPTOMYCIN,EXACTX,100.0,100.0
562.58736,aph(3'')-Ib,aminoglycoside O-phosphotransferase APH(3'')-Ib,AMR,AMR,AMINOGLYCOSIDE,STREPTOMYCIN,EXACTX,100.0,100.0
562.58736,aac(3)-IId,aminoglycoside N-acetyltransferase AAC(3)-IId,AMR,AMR,AMINOGLYCOSIDE,GENTAMICIN,EXACTX,100.0,100.0
562.58736,tet(A),tetracycline efflux MFS transporter Tet(A),AMR,AMR,TETRACYCLINE,TETRACYCLINE,BLASTX,99.75,100.0
562.58736,aac(3)-IIe,aminoglycoside N-acetyltransferase AAC(3)-IIe,AMR,AMR,AMINOGLYCOSIDE,GENTAMICIN,EXACTX,100.0,100.0
562.58736,floR,chloramphenicol/florfenicol efflux MFS transporter FloR,AMR,AMR,PHENICOL,CHLORAMPHENICOL/FLORFENICOL,EXACTX,100.0,100.0
562.58736,aadA2,ANT(3'')-Ia family aminoglycoside nucleotidyltransferase AadA2,AMR,AMR,AMINOGLYCOSIDE,STREPTOMYCIN,EXACTX,100.0,100.0
562.58736,lnu(F),lincosamide nucleotidyltransferase Lnu(F),AMR,AMR,LINCOSAMIDE,LINCOSAMIDE,BLASTX,98.83,94.14
562.58736,catA1,type A-1 chloramphenicol O-acetyltransferase,AMR,AMR,PHENICOL,CHLORAMPHENICOL,EXACTX,100.0,100.0
562.58736,sul1,sulfonamide-resistant dihydropteroate synthase Sul1,AMR,AMR,SULFONAMIDE,SULFONAMIDE,EXACTX,100.0,100.0
562.58736,qacEdelta1,quaternary ammonium compound efflux SMR transporter QacE delta 1,STRESS,BIOCIDE,QUATERNARY AMMONIUM,QUATERNARY AMMONIUM,ALLELEX,100.0,100.0
562.58736,qnrS1,quinolone resistance pentapeptide repeat protein QnrS1,AMR,AMR,QUINOLONE,QUINOLONE,ALLELEX,100.0,100.0
562.58736,ant(2'')-Ia,aminoglycoside nucleotidyltransferase ANT(2'')-Ia,AMR,AMR,AMINOGLYCOSIDE,GENTAMICIN/KANAMYCIN/TOBRAMYCIN,EXACTX,100.0,100.0
562.58736,dfrA1,trimethoprim-resistant dihydrofolate reductase DfrA1,AMR,AMR,TRIMETHOPRIM,TRIMETHOPRIM,EXACTX,100.0,100.0
562.58736,aadA1,ANT(3'')-Ia family aminoglycoside nucleotidyltransferase AadA1,AMR,AMR,AMINOGLYCOSIDE,STREPTOMYCIN,PARTIAL_CONTIG_ENDX,100.0,76.34
562.65781,gyrA_D87N,Escherichia quinolone resistant GyrA,AMR,POINT,QUINOLONE,QUINOLONE,POINTX,98.97,99.66
562.65781,gyrA_S83L,Escherichia quinolone resistant GyrA,AMR,POINT,QUINOLONE,QUINOLONE,POINTX,98.97,99.66
562.65781,parE_L416F,Escherichia quinolone resistant ParE,AMR,POINT,QUINOLONE,QUINOLONE,POINTX,99.68,100.0
562.65781,parC_S80I,Escherichia quinolone resistant ParC,AMR,POINT,QUINOLONE,QUINOLONE,POINTX,99.87,100.0
562.65781,dfrA1,trimethoprim-resistant dihydrofolate reductase DfrA1,AMR,AMR,TRIMETHOPRIM,TRIMETHOPRIM,EXACTX,100.0,100.0
562.65781,sat2,streptothricin N-acetyltransferase Sat2,AMR,AMR,STREPTOTHRICIN,STREPTOTHRICIN,EXACTX,100.0,100.0
562.65781,ariR,biofilm/acid-resistance regulator AriR,STRESS,ACID,nan,nan,EXACTX,100.0,100.0
562.65781,espX1,type III secretion system effector EspX1,VIRULENCE,VIRULENCE,nan,nan,PARTIALX,88.07,60.25
562.65781,fdeC,inverse autotransporter adhesin FdeC,VIRULENCE,VIRULENCE,nan,nan,BLASTX,94.07,100.0
562.65781,blaEC,BlaEC family class C beta-lactamase,AMR,AMR,BETA-LACTAM,BETA-LACTAM,EXACTX,100.0,100.0
562.65781,mdtM,multidrug efflux MFS transporter MdtM,AMR,AMR,EFFLUX,EFFLUX,PARTIALX,95.97,60.49
562.65781,bmaE,M agglutinin-type afimbrial adhesin BmaE/AfaE-8,VIRULENCE,VIRULENCE,nan,nan,EXACTX,100.0,100.0
562.65781,dfrA36,trimethoprim-resistant dihydrofolate reductase DfrA36,AMR,AMR,TRIMETHOPRIM,TRIMETHOPRIM,EXACTX,100.0,100.0
562.65781,sul2,sulfonamide-resistant dihydropteroate synthase Sul2,AMR,AMR,SULFONAMIDE,SULFONAMIDE,EXACTX,100.0,100.0
562.65781,traT,conjugal transfer complement resistance protein TraT,VIRULENCE,VIRULENCE,nan,nan,BLASTX,91.36,100.0
562.65781,f17a,F17A fimbrial adhesin,VIRULENCE,VIRULENCE,nan,nan,EXACTX,100.0,100.0
562.65781,iucA,aerobactin synthase IucA,VIRULENCE,VIRULENCE,nan,nan,BLASTX,95.31,100.0
562.65781,acrF,multidrug efflux RND transporter permease subunit AcrF,AMR,AMR,EFFLUX,EFFLUX,EXACTX,100.0,100.0
562.65781,qacEdelta1,quaternary ammonium compound efflux SMR transporter QacE delta 1,STRESS,BIOCIDE,QUATERNARY AMMONIUM,QUATERNARY AMMONIUM,ALLELEX,100.0,100.0
562.65781,sul1,sulfonamide-resistant dihydropteroate synthase Sul1,AMR,AMR,SULFONAMIDE,SULFONAMIDE,EXACTX,100.0,100.0
562.65781,iutA,ferric aerobactin receptor IutA,VIRULENCE,VIRULENCE,nan,nan,BLASTX,89.85,99.73
562.65781,iucD,NADPH-dependent L-lysine N(6)-monooxygenase IucD,VIRULENCE,VIRULENCE,nan,nan,BLASTX,97.65,95.51
562.65781,iucC,NIS family aerobactin synthetase IucC,VIRULENCE,VIRULENCE,nan,nan,BLASTX,97.59,100.0
562.65781,iucB,N(6)-hydroxylysine O-acetyltransferase IucB,VIRULENCE,VIRULENCE,nan,nan,PARTIAL_CONTIG_ENDX,97.21,79.68
562.65781,f17g,F17G fimbrial adhesin,VIRULENCE,VIRULENCE,nan,nan,BLASTX,99.71,100.0
562.65781,floR,chloramphenicol/florfenicol efflux MFS transporter FloR,AMR,AMR,PHENICOL,CHLORAMPHENICOL/FLORFENICOL,EXACTX,100.0,100.0
562.65781,aph(6)-Id,aminoglycoside O-phosphotransferase APH(6)-Id,AMR,AMR,AMINOGLYCOSIDE,STREPTOMYCIN,EXACTX,100.0,100.0
562.65781,aph(3'')-Ib,aminoglycoside O-phosphotransferase APH(3'')-Ib,AMR,AMR,AMINOGLYCOSIDE,STREPTOMYCIN,BLASTX,98.5,100.0
562.65781,tet(B),tetracycline efflux MFS transporter Tet(B),AMR,AMR,TETRACYCLINE,TETRACYCLINE,EXACTX,100.0,100.0
562.65781,ant(2'')-Ia,aminoglycoside nucleotidyltransferase ANT(2'')-Ia,AMR,AMR,AMINOGLYCOSIDE,GENTAMICIN/KANAMYCIN/TOBRAMYCIN,EXACTX,100.0,100.0
562.65781,merT,mercuric transport protein MerT,STRESS,METAL,MERCURY,MERCURY,EXACTX,100.0,100.0
562.65781,merP,mercury resistance system periplasmic binding protein MerP,STRESS,METAL,MERCURY,MERCURY,BLASTX,90.11,100.0
562.65781,merC,organomercurial transporter MerC,STRESS,METAL,MERCURY,ORGANOMERCURY,EXACTX,100.0,100.0
562.65781,blaTEMp_G162T,Escherichia amoxicillin-clavulanic acid/piperacillin-tazobactam/ticarcillin-clavulanic acid resistant blaTEM promoter,AMR,POINT,BETA-LACTAM,AMOXICILLIN-CLAVULANIC_ACID/PIPERACILLIN-TAZOBACTAM/TICARCILLIN-CLAVULANIC_ACID,POINTN,99.35,78.57
562.65781,blaTEM,TEM family class A beta-lactamase,AMR,AMR,BETA-LACTAM,BETA-LACTAM,PARTIAL_CONTIG_ENDX,100.0,83.22
562.65781,catA1,type A-1 chloramphenicol O-acetyltransferase,AMR,AMR,PHENICOL,CHLORAMPHENICOL,EXACTX,100.0,100.0
562.65781,aph(3')-Ia,aminoglycoside O-phosphotransferase APH(3')-Ia,AMR,AMR,AMINOGLYCOSIDE,KANAMYCIN,EXACTX,100.0,100.0
562.65781,aadA1,ANT(3'')-Ia family aminoglycoside nucleotidyltransferase AadA1,AMR,AMR,AMINOGLYCOSIDE,STREPTOMYCIN,PARTIAL_CONTIG_ENDX,100.0,86.64
562.65781,merR,mercury resistance transcriptional regulator MerR,STRESS,METAL,MERCURY,MERCURY,PARTIAL_CONTIG_ENDX,92.21,53.47
562.65782,lpfA-O113,long polar fimbria major subunit LpfA-O113,VIRULENCE,VIRULENCE,nan,nan,EXACTX,100.0,100.0
562.65782,parC_S80W,Escherichia quinolone resistant ParC,AMR,POINT,QUINOLONE,QUINOLONE,POINTX,99.87,100.0
562.65782,nfsA_Q44Ter,Escherichia nitrofurantoin resistant NfsA,AMR,POINT,NITROFURAN,NITROFURANTOIN,POINTX,99.17,100.0
562.65782,ariR,biofilm/acid-resistance regulator AriR,STRESS,ACID,nan,nan,EXACTX,100.0,100.0
562.65782,mdtM,multidrug efflux MFS transporter MdtM,AMR,AMR,EFFLUX,EFFLUX,BLASTX,97.8,100.0
562.65782,gyrA_D87G,Escherichia quinolone/triclosan resistant GyrA,AMR,POINT,QUINOLONE/TRICLOSAN,QUINOLONE/TRICLOSAN,POINTX,98.97,99.66
562.65782,gyrA_S83L,Escherichia quinolone resistant GyrA,AMR,POINT,QUINOLONE,QUINOLONE,POINTX,98.97,99.66
562.65782,blaEC,BlaEC family class C beta-lactamase,AMR,AMR,BETA-LACTAM,BETA-LACTAM,BLASTX,99.73,100.0
562.65782,espX1,type III secretion system effector EspX1,VIRULENCE,VIRULENCE,nan,nan,PARTIALX,89.66,75.69
562.65782,fdeC,inverse autotransporter adhesin FdeC,VIRULENCE,VIRULENCE,nan,nan,BLASTX,94.21,100.0
562.65782,acrF,multidrug efflux RND transporter permease subunit AcrF,AMR,AMR,EFFLUX,EFFLUX,BLASTX,99.61,100.0
562.65782,iucA,aerobactin synthase IucA,VIRULENCE,VIRULENCE,nan,nan,BLASTX,95.31,100.0
562.65782,iucB,N(6)-hydroxylysine O-acetyltransferase IucB,VIRULENCE,VIRULENCE,nan,nan,BLASTX,95.87,100.0
562.65782,iucC,NIS family aerobactin synthetase IucC,VIRULENCE,VIRULENCE,nan,nan,BLASTX,97.07,100.0
562.65782,iucD,NADPH-dependent L-lysine N(6)-monooxygenase IucD,VIRULENCE,VIRULENCE,nan,nan,BLASTX,97.65,95.51
562.65782,iutA,ferric aerobactin receptor IutA,VIRULENCE,VIRULENCE,nan,nan,BLASTX,89.71,99.73
562.65782,papC,P fimbrial usher protein PapC,VIRULENCE,VIRULENCE,nan,nan,BLASTX,96.08,100.0
562.65782,papH,P fimbrial minor subunit PapH,VIRULENCE,VIRULENCE,nan,nan,BLASTX,93.05,95.9
562.65782,papA,P fimbria major subunit PapA,VIRULENCE,VIRULENCE,nan,nan,BLASTX,83.7,100.0
562.65782,f17g,F17G fimbrial adhesin,VIRULENCE,VIRULENCE,nan,nan,BLASTX,99.71,100.0
562.65782,f17a,F17A fimbrial adhesin,VIRULENCE,VIRULENCE,nan,nan,EXACTX,100.0,100.0
562.65782,cvaB,colicin V export peptidase/ABC transporter CvaB,VIRULENCE,VIRULENCE,nan,nan,EXACTX,100.0,100.0
562.65782,cvaC,colicin V,VIRULENCE,VIRULENCE,nan,nan,EXACTX,100.0,100.0
562.65782,iss,increased serum survival lipoprotein Iss,VIRULENCE,VIRULENCE,nan,nan,EXACTX,100.0,100.0
562.65782,iss,increased serum survival lipoprotein Iss,VIRULENCE,VIRULENCE,nan,nan,EXACTX,100.0,100.0
562.65782,iroB,salmochelin biosynthesis C-glycosyltransferase IroB,VIRULENCE,VIRULENCE,nan,nan,BLASTX,99.73,100.0
562.65782,iroC,salmochelin/enterobactin export ABC transporter IroC,VIRULENCE,VIRULENCE,nan,nan,PARTIAL_CONTIG_ENDX,100.0,53.9
562.65782,tsh,temperature-sensitive protease autotransporter hemagglutinin Tsh,VIRULENCE,VIRULENCE,nan,nan,BLASTX,99.93,100.0
562.65782,iroD,catecholate siderophore esterase IroD,VIRULENCE,VIRULENCE,nan,nan,BLASTX,99.51,100.0
562.65782,iroE,catecholate siderophore esterase IroE,VIRULENCE,VIRULENCE,nan,nan,BLASTX,99.06,100.0
562.65782,iroN,siderophore salmochelin receptor IroN,VIRULENCE,VIRULENCE,nan,nan,PARTIALX,100.0,78.62
562.65782,astA,heat-stable enterotoxin EAST1,VIRULENCE,VIRULENCE,nan,nan,EXACTX,100.0,100.0
562.65782,ybtP,yersiniabactin ABC transporter ATP-binding/permease protein YbtP,VIRULENCE,VIRULENCE,nan,nan,PARTIAL_CONTIG_ENDX,99.43,58.17
562.65782,dfrA36,trimethoprim-resistant dihydrofolate reductase DfrA36,AMR,AMR,TRIMETHOPRIM,TRIMETHOPRIM,EXACTX,100.0,100.0
562.65782,catA1,type A-1 chloramphenicol O-acetyltransferase,AMR,AMR,PHENICOL,CHLORAMPHENICOL,EXACTX,100.0,100.0
562.65783,gyrA_D87Y,Escherichia quinolone resistant GyrA,AMR,POINT,QUINOLONE,QUINOLONE,POINTX,98.86,99.66
562.65783,gyrA_S83L,Escherichia quinolone resistant GyrA,AMR,POINT,QUINOLONE,QUINOLONE,POINTX,98.86,99.66
562.65783,ompF_G157RfsTer6,Escherichia carbapenem resistant OmpF,AMR,POINT_DISRUPT,BETA-LACTAM,CARBAPENEM,POINTX,92.56,100.0
562.65783,fdeC,inverse autotransporter adhesin FdeC,VIRULENCE,VIRULENCE,nan,nan,BLASTX,92.44,99.93
562.65783,acrF,multidrug efflux RND transporter permease subunit AcrF,AMR,AMR,EFFLUX,EFFLUX,BLASTX,99.32,100.0
562.65783,parC_S80I,Escherichia quinolone resistant ParC,AMR,POINT,QUINOLONE,QUINOLONE,POINTX,99.73,100.0
562.65783,eilA,HilA family transcriptional regulator EilA,VIRULENCE,VIRULENCE,nan,nan,BLASTX,99.29,100.0
562.65783,emrD,multidrug efflux MFS transporter EmrD,AMR,AMR,EFFLUX,EFFLUX,BLASTX,99.75,100.0
562.65783,mdtM,multidrug efflux MFS transporter MdtM,AMR,AMR,EFFLUX,EFFLUX,BLASTX,97.8,100.0
562.65783,cyaA_S352T,Escherichia fosmidomycin resistant CyaA,AMR,POINT,FOSMIDOMYCIN,FOSMIDOMYCIN,POINTX,99.29,100.0
562.65783,ariR,biofilm/acid-resistance regulator AriR,STRESS,ACID,nan,nan,BLASTX,98.86,100.0
562.65783,espX1,type III secretion system effector EspX1,VIRULENCE,VIRULENCE,nan,nan,BLASTX,88.37,100.0
562.65783,blaEC,BlaEC family class C beta-lactamase,AMR,AMR,BETA-LACTAM,BETA-LACTAM,BLASTX,98.41,100.0
562.65783,astA,heat-stable enterotoxin EAST1,VIRULENCE,VIRULENCE,nan,nan,EXACTX,100.0,100.0
562.65783,iutA,ferric aerobactin receptor IutA,VIRULENCE,VIRULENCE,nan,nan,BLASTX,89.85,99.73
562.65783,iucD,NADPH-dependent L-lysine N(6)-monooxygenase IucD,VIRULENCE,VIRULENCE,nan,nan,BLASTX,97.65,95.51
562.65783,iucC,NIS family aerobactin synthetase IucC,VIRULENCE,VIRULENCE,nan,nan,BLASTX,97.59,100.0
562.65783,iucB,N(6)-hydroxylysine O-acetyltransferase IucB,VIRULENCE,VIRULENCE,nan,nan,BLASTX,96.19,100.0
562.65783,iucA,aerobactin synthase IucA,VIRULENCE,VIRULENCE,nan,nan,BLASTX,95.31,100.0
562.65783,tet(B),tetracycline efflux MFS transporter Tet(B),AMR,AMR,TETRACYCLINE,TETRACYCLINE,EXACTX,100.0,100.0
562.65783,floR,chloramphenicol/florfenicol efflux MFS transporter FloR,AMR,AMR,PHENICOL,CHLORAMPHENICOL/FLORFENICOL,EXACTX,100.0,100.0
562.65783,espP,serine protease autotransporter EspP,VIRULENCE,VIRULENCE,nan,nan,BLASTX,97.54,100.0
562.65783,merC,organomercurial transporter MerC,STRESS,METAL,MERCURY,ORGANOMERCURY,EXACTX,100.0,100.0
562.65783,merP,mercury resistance system periplasmic binding protein MerP,STRESS,METAL,MERCURY,MERCURY,BLASTX,90.11,100.0
562.65783,merT,mercuric transport protein MerT,STRESS,METAL,MERCURY,MERCURY,EXACTX,100.0,100.0
562.65783,dfrA36,trimethoprim-resistant dihydrofolate reductase DfrA36,AMR,AMR,TRIMETHOPRIM,TRIMETHOPRIM,EXACTX,100.0,100.0
562.65783,blaTEMp_G162T,Escherichia amoxicillin-clavulanic acid/piperacillin-tazobactam/ticarcillin-clavulanic acid resistant blaTEM promoter,AMR,POINT,BETA-LACTAM,AMOXICILLIN-CLAVULANIC_ACID/PIPERACILLIN-TAZOBACTAM/TICARCILLIN-CLAVULANIC_ACID,POINTN,99.45,92.43
562.65783,blaTEM-40,inhibitor-resistant broad-spectrum class A beta-lactamase TEM-40,AMR,AMR,BETA-LACTAM,BETA-LACTAM,ALLELEX,100.0,100.0
562.65783,aph(6)-Id,aminoglycoside O-phosphotransferase APH(6)-Id,AMR,AMR,AMINOGLYCOSIDE,STREPTOMYCIN,EXACTX,100.0,100.0
562.65783,aph(3'')-Ib,aminoglycoside O-phosphotransferase APH(3'')-Ib,AMR,AMR,AMINOGLYCOSIDE,STREPTOMYCIN,EXACTX,100.0,100.0
562.65783,sul1,sulfonamide-resistant dihydropteroate synthase Sul1,AMR,AMR,SULFONAMIDE,SULFONAMIDE,EXACTX,100.0,100.0
562.65783,qacEdelta1,quaternary ammonium compound efflux SMR transporter QacE delta 1,STRESS,BIOCIDE,QUATERNARY AMMONIUM,QUATERNARY AMMONIUM,ALLELEX,100.0,100.0
562.65783,catA1,type A-1 chloramphenicol O-acetyltransferase,AMR,AMR,PHENICOL,CHLORAMPHENICOL,EXACTX,100.0,100.0
562.65783,aph(3')-Ia,aminoglycoside O-phosphotransferase APH(3')-Ia,AMR,AMR,AMINOGLYCOSIDE,KANAMYCIN,EXACTX,100.0,100.0
562.65783,sul2,sulfonamide-resistant dihydropteroate synthase Sul2,AMR,AMR,SULFONAMIDE,SULFONAMIDE,EXACTX,100.0,100.0
562.65783,aadA1,ANT(3'')-Ia family aminoglycoside nucleotidyltransferase AadA1,AMR,AMR,AMINOGLYCOSIDE,STREPTOMYCIN,BLASTX,100.0,91.25
562.65783,ant(2'')-Ia,aminoglycoside nucleotidyltransferase ANT(2'')-Ia,AMR,AMR,AMINOGLYCOSIDE,GENTAMICIN/KANAMYCIN/TOBRAMYCIN,EXACTX,100.0,100.0
562.65783,dfrA1,trimethoprim-resistant dihydrofolate reductase DfrA1,AMR,AMR,TRIMETHOPRIM,TRIMETHOPRIM,EXACTX,100.0,100.0
562.65784,parC_E84K,Escherichia quinolone resistant ParC,AMR,POINT,QUINOLONE,QUINOLONE,POINTX,99.87,100.0
562.65784,acrF,multidrug efflux RND transporter permease subunit AcrF,AMR,AMR,EFFLUX,EFFLUX,BLASTX,99.61,100.0
562.65784,gyrA_D87N,Escherichia quinolone resistant GyrA,AMR,POINT,QUINOLONE,QUINOLONE,POINTX,98.97,99.66
562.65784,gyrA_S83L,Escherichia quinolone resistant GyrA,AMR,POINT,QUINOLONE,QUINOLONE,POINTX,98.97,99.66
562.65784,mdtM,multidrug efflux MFS transporter MdtM,AMR,AMR,EFFLUX,EFFLUX,EXACTX,100.0,100.0
562.65784,ampC_C-42T,Escherichia cephalosporin resistant ampC promoter,AMR,POINT,BETA-LACTAM,CEPHALOSPORIN,POINTN,97.55,100.0
562.65784,blaEC,BlaEC family class C beta-lactamase,AMR,AMR,BETA-LACTAM,BETA-LACTAM,BLASTX,99.73,100.0
562.65784,lpfA-O113,long polar fimbria major subunit LpfA-O113,VIRULENCE,VIRULENCE,nan,nan,EXACTX,100.0,100.0
562.65784,fdeC,inverse autotransporter adhesin FdeC,VIRULENCE,VIRULENCE,nan,nan,BLASTX,94.21,100.0
562.65784,astA,heat-stable enterotoxin EAST1,VIRULENCE,VIRULENCE,nan,nan,EXACTX,100.0,100.0
562.65784,espX1,type III secretion system effector EspX1,VIRULENCE,VIRULENCE,nan,nan,PARTIALX,89.39,75.69
562.65784,iss,increased serum survival lipoprotein Iss,VIRULENCE,VIRULENCE,nan,nan,EXACTX,100.0,100.0
562.65784,iutA,ferric aerobactin receptor IutA,VIRULENCE,VIRULENCE,nan,nan,BLASTX,89.85,99.73
562.65784,iucD,NADPH-dependent L-lysine N(6)-monooxygenase IucD,VIRULENCE,VIRULENCE,nan,nan,BLASTX,97.65,95.51
562.65784,iucC,NIS family aerobactin synthetase IucC,VIRULENCE,VIRULENCE,nan,nan,BLASTX,97.59,100.0
562.65784,iucB,N(6)-hydroxylysine O-acetyltransferase IucB,VIRULENCE,VIRULENCE,nan,nan,BLASTX,96.19,100.0
562.65784,iucA,aerobactin synthase IucA,VIRULENCE,VIRULENCE,nan,nan,BLASTX,95.31,100.0
562.65784,papA,P fimbria major subunit PapA,VIRULENCE,VIRULENCE,nan,nan,BLASTX,83.15,100.0
562.65784,papH,P fimbrial minor subunit PapH,VIRULENCE,VIRULENCE,nan,nan,BLASTX,93.05,95.9
562.65784,papC,P fimbrial usher protein PapC,VIRULENCE,VIRULENCE,nan,nan,BLASTX,96.31,100.0
562.65784,iha,bifunctional siderophore receptor/adhesin Iha,VIRULENCE,VIRULENCE,nan,nan,BLASTX,99.86,100.0
562.65784,ariR,biofilm/acid-resistance regulator AriR,STRESS,ACID,nan,nan,EXACTX,100.0,100.0
562.65784,ireA,TonB-dependent siderophore receptor IreA,VIRULENCE,VIRULENCE,nan,nan,BLASTX,98.83,100.0
562.65784,aph(6)-Id,aminoglycoside O-phosphotransferase APH(6)-Id,AMR,AMR,AMINOGLYCOSIDE,STREPTOMYCIN,EXACTX,100.0,100.0
562.65784,aph(3'')-Ib,aminoglycoside O-phosphotransferase APH(3'')-Ib,AMR,AMR,AMINOGLYCOSIDE,STREPTOMYCIN,EXACTX,100.0,100.0
562.65784,espP,serine protease autotransporter EspP,VIRULENCE,VIRULENCE,nan,nan,BLASTX,97.54,100.0
562.65784,dfrA36,trimethoprim-resistant dihydrofolate reductase DfrA36,AMR,AMR,TRIMETHOPRIM,TRIMETHOPRIM,EXACTX,100.0,100.0
562.65784,blaTEMp_G162T,Escherichia amoxicillin-clavulanic acid/piperacillin-tazobactam/ticarcillin-clavulanic acid resistant blaTEM promoter,AMR,POINT,BETA-LACTAM,AMOXICILLIN-CLAVULANIC_ACID/PIPERACILLIN-TAZOBACTAM/TICARCILLIN-CLAVULANIC_ACID,POINTN,99.45,92.43
562.65784,blaTEM-30,inhibitor-resistant broad-spectrum class A beta-lactamase TEM-30,AMR,AMR,BETA-LACTAM,BETA-LACTAM,ALLELEX,100.0,100.0
562.65784,catA1,type A-1 chloramphenicol O-acetyltransferase,AMR,AMR,PHENICOL,CHLORAMPHENICOL,EXACTX,100.0,100.0
562.65784,astA,heat-stable enterotoxin EAST1,VIRULENCE,VIRULENCE,nan,nan,EXACTX,100.0,100.0
562.65785,gyrA_D87N,Escherichia quinolone resistant GyrA,AMR,POINT,QUINOLONE,QUINOLONE,POINTX,98.97,99.66
562.65785,gyrA_S83L,Escherichia quinolone resistant GyrA,AMR,POINT,QUINOLONE,QUINOLONE,POINTX,98.97,99.66
562.65785,ariR,biofilm/acid-resistance regulator AriR,STRESS,ACID,nan,nan,EXACTX,100.0,100.0
562.65785,parE_L416F,Escherichia quinolone resistant ParE,AMR,POINT,QUINOLONE,QUINOLONE,POINTX,99.68,100.0
562.65785,parC_S80I,Escherichia quinolone resistant ParC,AMR,POINT,QUINOLONE,QUINOLONE,POINTX,99.87,100.0
562.65785,sat2,streptothricin N-acetyltransferase Sat2,AMR,AMR,STREPTOTHRICIN,STREPTOTHRICIN,EXACTX,100.0,100.0
562.65785,dfrA1,trimethoprim-resistant dihydrofolate reductase DfrA1,AMR,AMR,TRIMETHOPRIM,TRIMETHOPRIM,EXACTX,100.0,100.0
562.65785,fdeC,inverse autotransporter adhesin FdeC,VIRULENCE,VIRULENCE,nan,nan,BLASTX,94.07,100.0
562.65785,espX1,type III secretion system effector EspX1,VIRULENCE,VIRULENCE,nan,nan,PARTIALX,88.07,60.25
562.65785,blaEC,BlaEC family class C beta-lactamase,AMR,AMR,BETA-LACTAM,BETA-LACTAM,EXACTX,100.0,100.0
562.65785,mdtM,multidrug efflux MFS transporter MdtM,AMR,AMR,EFFLUX,EFFLUX,PARTIALX,95.97,60.49
562.65785,bmaE,M agglutinin-type afimbrial adhesin BmaE/AfaE-8,VIRULENCE,VIRULENCE,nan,nan,EXACTX,100.0,100.0
562.65785,dfrA36,trimethoprim-resistant dihydrofolate reductase DfrA36,AMR,AMR,TRIMETHOPRIM,TRIMETHOPRIM,EXACTX,100.0,100.0
562.65785,sul2,sulfonamide-resistant dihydropteroate synthase Sul2,AMR,AMR,SULFONAMIDE,SULFONAMIDE,EXACTX,100.0,100.0
562.65785,traT,conjugal transfer complement resistance protein TraT,VIRULENCE,VIRULENCE,nan,nan,BLASTX,91.36,100.0
562.65785,f17a,F17A fimbrial adhesin,VIRULENCE,VIRULENCE,nan,nan,EXACTX,100.0,100.0
562.65785,iucA,aerobactin synthase IucA,VIRULENCE,VIRULENCE,nan,nan,BLASTX,95.31,100.0
562.65785,acrF,multidrug efflux RND transporter permease subunit AcrF,AMR,AMR,EFFLUX,EFFLUX,EXACTX,100.0,100.0
562.65785,sul1,sulfonamide-resistant dihydropteroate synthase Sul1,AMR,AMR,SULFONAMIDE,SULFONAMIDE,EXACTX,100.0,100.0
562.65785,qacEdelta1,quaternary ammonium compound efflux SMR transporter QacE delta 1,STRESS,BIOCIDE,QUATERNARY AMMONIUM,QUATERNARY AMMONIUM,ALLELEX,100.0,100.0
562.65785,iucB,N(6)-hydroxylysine O-acetyltransferase IucB,VIRULENCE,VIRULENCE,nan,nan,PARTIAL_CONTIG_ENDX,97.21,79.68
562.65785,iucC,NIS family aerobactin synthetase IucC,VIRULENCE,VIRULENCE,nan,nan,BLASTX,97.59,100.0
562.65785,iucD,NADPH-dependent L-lysine N(6)-monooxygenase IucD,VIRULENCE,VIRULENCE,nan,nan,BLASTX,97.65,95.51
562.65785,iutA,ferric aerobactin receptor IutA,VIRULENCE,VIRULENCE,nan,nan,BLASTX,89.85,99.73
562.65785,f17g,F17G fimbrial adhesin,VIRULENCE,VIRULENCE,nan,nan,BLASTX,99.71,100.0
562.65785,tet(B),tetracycline efflux MFS transporter Tet(B),AMR,AMR,TETRACYCLINE,TETRACYCLINE,EXACTX,100.0,100.0
562.65785,ant(2'')-Ia,aminoglycoside nucleotidyltransferase ANT(2'')-Ia,AMR,AMR,AMINOGLYCOSIDE,GENTAMICIN/KANAMYCIN/TOBRAMYCIN,EXACTX,100.0,100.0
562.65785,merT,mercuric transport protein MerT,STRESS,METAL,MERCURY,MERCURY,EXACTX,100.0,100.0
562.65785,merP,mercury resistance system periplasmic binding protein MerP,STRESS,METAL,MERCURY,MERCURY,BLASTX,90.11,100.0
562.65785,merC,organomercurial transporter MerC,STRESS,METAL,MERCURY,ORGANOMERCURY,EXACTX,100.0,100.0
562.65785,floR,chloramphenicol/florfenicol efflux MFS transporter FloR,AMR,AMR,PHENICOL,CHLORAMPHENICOL/FLORFENICOL,EXACTX,100.0,100.0
562.65785,blaTEMp_G162T,Escherichia amoxicillin-clavulanic acid/piperacillin-tazobactam/ticarcillin-clavulanic acid resistant blaTEM promoter,AMR,POINT,BETA-LACTAM,AMOXICILLIN-CLAVULANIC_ACID/PIPERACILLIN-TAZOBACTAM/TICARCILLIN-CLAVULANIC_ACID,POINTN,99.35,78.57
562.65785,blaTEM,TEM family class A beta-lactamase,AMR,AMR,BETA-LACTAM,BETA-LACTAM,PARTIAL_CONTIG_ENDX,100.0,83.22
562.65785,catA1,type A-1 chloramphenicol O-acetyltransferase,AMR,AMR,PHENICOL,CHLORAMPHENICOL,EXACTX,100.0,100.0
562.65785,aph(3')-Ia,aminoglycoside O-phosphotransferase APH(3')-Ia,AMR,AMR,AMINOGLYCOSIDE,KANAMYCIN,EXACTX,100.0,100.0
562.65785,aadA1,ANT(3'')-Ia family aminoglycoside nucleotidyltransferase AadA1,AMR,AMR,AMINOGLYCOSIDE,STREPTOMYCIN,BLASTX,100.0,91.22
562.65786,acrF,multidrug efflux RND transporter permease subunit AcrF,AMR,AMR,EFFLUX,EFFLUX,BLASTX,99.61,100.0
562.65786,parC_S80I,Escherichia quinolone resistant ParC,AMR,POINT,QUINOLONE,QUINOLONE,POINTX,99.87,100.0
562.65786,gyrA_D87N,Escherichia quinolone resistant GyrA,AMR,POINT,QUINOLONE,QUINOLONE,POINTX,98.97,99.66
562.65786,gyrA_S83L,Escherichia quinolone resistant GyrA,AMR,POINT,QUINOLONE,QUINOLONE,POINTX,98.97,99.66
562.65786,fdeC,inverse autotransporter adhesin FdeC,VIRULENCE,VIRULENCE,nan,nan,BLASTX,94.21,100.0
562.65786,espX1,type III secretion system effector EspX1,VIRULENCE,VIRULENCE,nan,nan,PARTIALX,89.66,75.69
562.65786,sul2,sulfonamide-resistant dihydropteroate synthase Sul2,AMR,AMR,SULFONAMIDE,SULFONAMIDE,EXACTX,100.0,100.0
562.65786,dfrA36,trimethoprim-resistant dihydrofolate reductase DfrA36,AMR,AMR,TRIMETHOPRIM,TRIMETHOPRIM,EXACTX,100.0,100.0
562.65786,floR,chloramphenicol/florfenicol efflux MFS transporter FloR,AMR,AMR,PHENICOL,CHLORAMPHENICOL/FLORFENICOL,EXACTX,100.0,100.0
562.65786,ant(2'')-Ia,aminoglycoside nucleotidyltransferase ANT(2'')-Ia,AMR,AMR,AMINOGLYCOSIDE,GENTAMICIN/KANAMYCIN/TOBRAMYCIN,EXACTX,100.0,100.0
562.65786,aadA1,ANT(3'')-Ia family aminoglycoside nucleotidyltransferase AadA1,AMR,AMR,AMINOGLYCOSIDE,STREPTOMYCIN,EXACTX,100.0,100.0
562.65786,qacEdelta1,quaternary ammonium compound efflux SMR transporter QacE delta 1,STRESS,BIOCIDE,QUATERNARY AMMONIUM,QUATERNARY AMMONIUM,ALLELEX,100.0,100.0
562.65786,sul1,sulfonamide-resistant dihydropteroate synthase Sul1,AMR,AMR,SULFONAMIDE,SULFONAMIDE,EXACTX,100.0,100.0
562.65786,blaEC,BlaEC family class C beta-lactamase,AMR,AMR,BETA-LACTAM,BETA-LACTAM,BLASTX,99.73,100.0
562.65786,ariR,biofilm/acid-resistance regulator AriR,STRESS,ACID,nan,nan,EXACTX,100.0,100.0
562.65786,iss,increased serum survival lipoprotein Iss,VIRULENCE,VIRULENCE,nan,nan,EXACTX,100.0,100.0
562.65786,emrE,multidrug efflux SMR transporter EmrE,STRESS,BIOCIDE,EFFLUX,EFFLUX,INTERNAL_STOP,96.36,100.0
562.65786,mdtM,multidrug efflux MFS transporter MdtM,AMR,AMR,EFFLUX,EFFLUX,BLASTX,97.56,100.0
562.65786,blaCMY-2,extended-spectrum class C beta-lactamase CMY-2,AMR,AMR,BETA-LACTAM,CEPHALOSPORIN,ALLELEX,100.0,100.0
562.65786,iucA,aerobactin synthase IucA,VIRULENCE,VIRULENCE,nan,nan,BLASTX,95.31,100.0
562.65786,iucB,N(6)-hydroxylysine O-acetyltransferase IucB,VIRULENCE,VIRULENCE,nan,nan,BLASTX,96.19,100.0
562.65786,iucC,NIS family aerobactin synthetase IucC,VIRULENCE,VIRULENCE,nan,nan,BLASTX,97.59,100.0
562.65786,iucD,NADPH-dependent L-lysine N(6)-monooxygenase IucD,VIRULENCE,VIRULENCE,nan,nan,BLASTX,97.65,95.51
562.65786,iutA,ferric aerobactin receptor IutA,VIRULENCE,VIRULENCE,nan,nan,BLASTX,89.85,99.73
562.65786,tet(B),tetracycline efflux MFS transporter Tet(B),AMR,AMR,TETRACYCLINE,TETRACYCLINE,EXACTX,100.0,100.0
562.65786,traT,conjugal transfer complement resistance protein TraT,VIRULENCE,VIRULENCE,nan,nan,BLASTX,91.56,97.53
562.65787,ariR,biofilm/acid-resistance regulator AriR,STRESS,ACID,nan,nan,EXACTX,100.0,100.0
562.65787,ompF_N274TfsTer7,Escherichia carbapenem resistant OmpF,AMR,POINT_DISRUPT,BETA-LACTAM,CARBAPENEM,POINTX,100.0,100.0
562.65787,dfrA1,trimethoprim-resistant dihydrofolate reductase DfrA1,AMR,AMR,TRIMETHOPRIM,TRIMETHOPRIM,EXACTX,100.0,100.0
562.65787,sat2,streptothricin N-acetyltransferase Sat2,AMR,AMR,STREPTOTHRICIN,STREPTOTHRICIN,EXACTX,100.0,100.0
562.65787,aadA1,ANT(3'')-Ia family aminoglycoside nucleotidyltransferase AadA1,AMR,AMR,AMINOGLYCOSIDE,STREPTOMYCIN,EXACTX,100.0,100.0
562.65787,blaTEMp_C32T,Escherichia amoxicillin-clavulanic acid/piperacillin-tazobactam/ticarcillin-clavulanic acid resistant blaTEM promoter,AMR,POINT,BETA-LACTAM,AMOXICILLIN-CLAVULANIC_ACID/PIPERACILLIN-TAZOBACTAM/TICARCILLIN-CLAVULANIC_ACID,POINTN,99.83,100.0
562.65787,blaTEM-30,inhibitor-resistant broad-spectrum class A beta-lactamase TEM-30,AMR,AMR,BETA-LACTAM,BETA-LACTAM,ALLELEX,100.0,100.0
562.65787,parC_S80I,Escherichia quinolone resistant ParC,AMR,POINT,QUINOLONE,QUINOLONE,POINTX,99.87,100.0
562.65787,gyrA_D87N,Escherichia quinolone resistant GyrA,AMR,POINT,QUINOLONE,QUINOLONE,POINTX,98.97,99.66
562.65787,gyrA_S83L,Escherichia quinolone resistant GyrA,AMR,POINT,QUINOLONE,QUINOLONE,POINTX,98.97,99.66
562.65787,fdeC,inverse autotransporter adhesin FdeC,VIRULENCE,VIRULENCE,nan,nan,BLASTX,94.07,100.0
562.65787,blaEC,BlaEC family class C beta-lactamase,AMR,AMR,BETA-LACTAM,BETA-LACTAM,EXACTX,100.0,100.0
562.65787,mdtM,multidrug efflux MFS transporter MdtM,AMR,AMR,EFFLUX,EFFLUX,PARTIALX,95.97,60.49
562.65787,mchB,microcin H47,VIRULENCE,VIRULENCE,nan,nan,EXACTX,100.0,100.0
562.65787,mchF,microcin H47 export transporter peptidase/ATP-binding subunit MchF,VIRULENCE,VIRULENCE,nan,nan,BLASTX,99.43,100.0
562.65787,bmaE,M agglutinin-type afimbrial adhesin BmaE/AfaE-8,VIRULENCE,VIRULENCE,nan,nan,BLASTX,97.65,100.0
562.65787,espX1,type III secretion system effector EspX1,VIRULENCE,VIRULENCE,nan,nan,PARTIALX,88.07,60.25
562.65787,iucA,aerobactin synthase IucA,VIRULENCE,VIRULENCE,nan,nan,BLASTX,95.31,100.0
562.65787,iucB,N(6)-hydroxylysine O-acetyltransferase IucB,VIRULENCE,VIRULENCE,nan,nan,BLASTX,96.19,100.0
562.65787,iucC,NIS family aerobactin synthetase IucC,VIRULENCE,VIRULENCE,nan,nan,BLASTX,97.59,100.0
562.65787,iucD,NADPH-dependent L-lysine N(6)-monooxygenase IucD,VIRULENCE,VIRULENCE,nan,nan,BLASTX,97.65,95.51
562.65787,iutA,ferric aerobactin receptor IutA,VIRULENCE,VIRULENCE,nan,nan,BLASTX,89.85,99.73
562.65787,acrF,multidrug efflux RND transporter permease subunit AcrF,AMR,AMR,EFFLUX,EFFLUX,EXACTX,100.0,100.0
562.65787,tet(B),tetracycline efflux MFS transporter Tet(B),AMR,AMR,TETRACYCLINE,TETRACYCLINE,EXACTX,100.0,100.0
562.65788,acrF,multidrug efflux RND transporter permease subunit AcrF,AMR,AMR,EFFLUX,EFFLUX,EXACTX,100.0,100.0
562.65788,parC_A56T,Escherichia quinolone resistant ParC,AMR,POINT,QUINOLONE,QUINOLONE,POINTX,99.6,100.0
562.65788,parC_S80I,Escherichia quinolone resistant ParC,AMR,POINT,QUINOLONE,QUINOLONE,POINTX,99.6,100.0
562.65788,espX1,type III secretion system effector EspX1,VIRULENCE,VIRULENCE,nan,nan,BLASTX,89.22,100.0
562.65788,blaEC,BlaEC family class C beta-lactamase,AMR,AMR,BETA-LACTAM,BETA-LACTAM,EXACTX,100.0,100.0
562.65788,ariR,biofilm/acid-resistance regulator AriR,STRESS,ACID,nan,nan,EXACTX,100.0,100.0
562.65788,fdeC,inverse autotransporter adhesin FdeC,VIRULENCE,VIRULENCE,nan,nan,BLASTX,94.07,100.0
562.65788,gyrA_D87N,Escherichia quinolone resistant GyrA,AMR,POINT,QUINOLONE,QUINOLONE,POINTX,98.97,99.66
562.65788,gyrA_S83L,Escherichia quinolone resistant GyrA,AMR,POINT,QUINOLONE,QUINOLONE,POINTX,98.97,99.66
562.65788,mdtM,multidrug efflux MFS transporter MdtM,AMR,AMR,EFFLUX,EFFLUX,BLASTX,97.27,98.29
562.65788,traT,conjugal transfer complement resistance protein TraT,VIRULENCE,VIRULENCE,nan,nan,BLASTX,91.36,100.0
562.65788,cvaC,colicin V,VIRULENCE,VIRULENCE,nan,nan,EXACTX,100.0,100.0
562.65788,cvaB,colicin V export peptidase/ABC transporter CvaB,VIRULENCE,VIRULENCE,nan,nan,EXACTX,100.0,100.0
562.65788,iroN,siderophore salmochelin receptor IroN,VIRULENCE,VIRULENCE,nan,nan,EXACTX,100.0,100.0
562.65788,iroE,catecholate siderophore esterase IroE,VIRULENCE,VIRULENCE,nan,nan,BLASTX,99.06,100.0
562.65788,iroD,catecholate siderophore esterase IroD,VIRULENCE,VIRULENCE,nan,nan,BLASTX,99.51,100.0
562.65788,iroC,salmochelin/enterobactin export ABC transporter IroC,VIRULENCE,VIRULENCE,nan,nan,BLASTX,99.59,100.0
562.65788,iroB,salmochelin biosynthesis C-glycosyltransferase IroB,VIRULENCE,VIRULENCE,nan,nan,BLASTX,99.73,100.0
562.65788,iss,increased serum survival lipoprotein Iss,VIRULENCE,VIRULENCE,nan,nan,EXACTX,100.0,100.0
562.65788,iutA,ferric aerobactin receptor IutA,VIRULENCE,VIRULENCE,nan,nan,BLASTX,89.71,99.73
562.65788,iucD,NADPH-dependent L-lysine N(6)-monooxygenase IucD,VIRULENCE,VIRULENCE,nan,nan,BLASTX,97.65,95.51
562.65788,iucC,NIS family aerobactin synthetase IucC,VIRULENCE,VIRULENCE,nan,nan,BLASTX,97.59,100.0
562.65788,iucB,N(6)-hydroxylysine O-acetyltransferase IucB,VIRULENCE,VIRULENCE,nan,nan,BLASTX,95.87,100.0
562.65788,iucA,aerobactin synthase IucA,VIRULENCE,VIRULENCE,nan,nan,BLASTX,95.31,100.0
562.65788,catA1,type A-1 chloramphenicol O-acetyltransferase,AMR,AMR,PHENICOL,CHLORAMPHENICOL,EXACTX,100.0,100.0
562.65788,dfrA17,trimethoprim-resistant dihydrofolate reductase DfrA17,AMR,AMR,TRIMETHOPRIM,TRIMETHOPRIM,EXACTX,100.0,100.0
562.65788,aadA5,ANT(3'')-Ia family aminoglycoside nucleotidyltransferase AadA5,AMR,AMR,AMINOGLYCOSIDE,STREPTOMYCIN,EXACTX,100.0,100.0
562.65788,qacEdelta1,quaternary ammonium compound efflux SMR transporter QacE delta 1,STRESS,BIOCIDE,QUATERNARY AMMONIUM,QUATERNARY AMMONIUM,ALLELEX,100.0,100.0
562.65788,sul1,sulfonamide-resistant dihydropteroate synthase Sul1,AMR,AMR,SULFONAMIDE,SULFONAMIDE,EXACTX,100.0,100.0
562.65788,mrx(A),phosphorylated macrolide efflux MFS transporter Mrx(A),AMR,AMR,MACROLIDE,AZITHROMYCIN/ERYTHROMYCIN/SPIRAMYCIN/TELITHROMYCIN,PARTIAL_CONTIG_ENDX,100.0,53.64
562.65788,tet(B),tetracycline efflux MFS transporter Tet(B),AMR,AMR,TETRACYCLINE,TETRACYCLINE,EXACTX,100.0,100.0
562.65788,sul2,sulfonamide-resistant dihydropteroate synthase Sul2,AMR,AMR,SULFONAMIDE,SULFONAMIDE,EXACTX,100.0,100.0
562.65788,merR,mercury resistance transcriptional regulator MerR,STRESS,METAL,MERCURY,MERCURY,BLASTX,93.75,100.0
562.65788,merT,mercuric transport protein MerT,STRESS,METAL,MERCURY,MERCURY,EXACTX,100.0,100.0
562.65788,merP,mercury resistance system periplasmic binding protein MerP,STRESS,METAL,MERCURY,MERCURY,BLASTX,90.11,100.0
562.65788,merC,organomercurial transporter MerC,STRESS,METAL,MERCURY,ORGANOMERCURY,EXACTX,100.0,100.0
562.65788,merD,mercury resistance co-regulator MerD,STRESS,METAL,MERCURY,MERCURY,PARTIAL_CONTIG_ENDX,90.32,51.24
562.65788,tet(A),tetracycline efflux MFS transporter Tet(A),AMR,AMR,TETRACYCLINE,TETRACYCLINE,EXACTX,100.0,100.0
562.65788,blaTEM-1,broad-spectrum class A beta-lactamase TEM-1,AMR,AMR,BETA-LACTAM,BETA-LACTAM,ALLELEX,100.0,100.0
562.65788,aph(6)-Id,aminoglycoside O-phosphotransferase APH(6)-Id,AMR,AMR,AMINOGLYCOSIDE,STREPTOMYCIN,EXACTX,100.0,100.0
562.65788,aph(3'')-Ib,aminoglycoside O-phosphotransferase APH(3'')-Ib,AMR,AMR,AMINOGLYCOSIDE,STREPTOMYCIN,EXACTX,100.0,100.0
562.65788,aph(3')-Ia,aminoglycoside O-phosphotransferase APH(3')-Ia,AMR,AMR,AMINOGLYCOSIDE,KANAMYCIN,EXACTX,100.0,100.0
562.65789,gyrA_D87N,Escherichia quinolone resistant GyrA,AMR,POINT,QUINOLONE,QUINOLONE,POINTX,98.97,99.66
562.65789,gyrA_S83L,Escherichia quinolone resistant GyrA,AMR,POINT,QUINOLONE,QUINOLONE,POINTX,98.97,99.66
562.65789,acrF,multidrug efflux RND transporter permease subunit AcrF,AMR,AMR,EFFLUX,EFFLUX,BLASTX,99.52,100.0
562.65789,parE_L416F,Escherichia quinolone resistant ParE,AMR,POINT,QUINOLONE,QUINOLONE,POINTX,99.68,100.0
562.65789,parC_S80I,Escherichia quinolone resistant ParC,AMR,POINT,QUINOLONE,QUINOLONE,POINTX,99.87,100.0
562.65789,espX1,type III secretion system effector EspX1,VIRULENCE,VIRULENCE,nan,nan,PARTIALX,94.76,52.43
562.65789,dfrA36,trimethoprim-resistant dihydrofolate reductase DfrA36,AMR,AMR,TRIMETHOPRIM,TRIMETHOPRIM,EXACTX,100.0,100.0
562.65789,blaEC,BlaEC family class C beta-lactamase,AMR,AMR,BETA-LACTAM,BETA-LACTAM,BLASTX,98.41,100.0
562.65789,merC,organomercurial transporter MerC,STRESS,METAL,MERCURY,ORGANOMERCURY,EXACTX,100.0,100.0
562.65789,merP,mercury resistance system periplasmic binding protein MerP,STRESS,METAL,MERCURY,MERCURY,BLASTX,90.11,100.0
562.65789,merT,mercuric transport protein MerT,STRESS,METAL,MERCURY,MERCURY,EXACTX,100.0,100.0
562.65789,merR,mercury resistance transcriptional regulator MerR,STRESS,METAL,MERCURY,MERCURY,BLASTX,93.75,100.0
562.65789,aph(4)-Ia,aminoglycoside O-phosphotransferase APH(4)-Ia,AMR,AMR,AMINOGLYCOSIDE,HYGROMYCIN,BLASTX,99.71,100.0
562.65789,aac(3)-IVa,aminoglycoside N-acetyltransferase AAC(3)-IVa,AMR,AMR,AMINOGLYCOSIDE,APRAMYCIN/GENTAMICIN/TOBRAMYCIN,EXACTX,100.0,100.0
562.65789,aph(3'')-Ib,aminoglycoside O-phosphotransferase APH(3'')-Ib,AMR,AMR,AMINOGLYCOSIDE,STREPTOMYCIN,EXACTX,100.0,100.0
562.65789,aph(6)-Id,aminoglycoside O-phosphotransferase APH(6)-Id,AMR,AMR,AMINOGLYCOSIDE,STREPTOMYCIN,EXACTX,100.0,100.0
562.65789,terD,tellurium resistance membrane protein TerD,STRESS,METAL,TELLURIUM,TELLURIUM,BLASTX,95.83,100.0
562.65789,terZ,tellurium resistance-associated protein TerZ,STRESS,METAL,TELLURIUM,TELLURIUM,BLASTX,99.48,100.0
562.65789,terW,tellurium resistance protein TerW,STRESS,METAL,TELLURIUM,TELLURIUM,BLASTX,99.35,100.0
562.65789,aadA1,ANT(3'')-Ia family aminoglycoside nucleotidyltransferase AadA1,AMR,AMR,AMINOGLYCOSIDE,STREPTOMYCIN,EXACTX,100.0,100.0
562.65789,sat2,streptothricin N-acetyltransferase Sat2,AMR,AMR,STREPTOTHRICIN,STREPTOTHRICIN,EXACTX,100.0,100.0
562.65789,dfrA1,trimethoprim-resistant dihydrofolate reductase DfrA1,AMR,AMR,TRIMETHOPRIM,TRIMETHOPRIM,EXACTX,100.0,100.0
562.65789,silE,silver-binding protein SilE,STRESS,METAL,SILVER,SILVER,EXACTX,100.0,100.0
562.65789,silS,copper/silver sensor histidine kinase SilS,STRESS,METAL,COPPER/SILVER,COPPER/SILVER,BLASTX,98.57,100.0
562.65789,silR,copper/silver response regulator transcription factor SilR,STRESS,METAL,COPPER/SILVER,COPPER/SILVER,BLASTX,97.79,100.0
562.65789,silC,Cu(+)/Ag(+) efflux RND transporter outer membrane channel SilC,STRESS,METAL,COPPER/SILVER,COPPER/SILVER,BLASTX,97.83,100.0
562.65789,silF,Cu(+)/Ag(+) efflux RND transporter periplasmic metallochaperone SilF,STRESS,METAL,COPPER/SILVER,COPPER/SILVER,BLASTX,97.44,100.0
562.65789,silB,Cu(+)/Ag(+) efflux RND transporter periplasmic adaptor subunit SilB,STRESS,METAL,COPPER/SILVER,COPPER/SILVER,BLASTX,96.74,100.0
562.65789,silA,Cu(+)/Ag(+) efflux RND transporter permease subunit SilA,STRESS,METAL,COPPER/SILVER,COPPER/SILVER,BLASTX,98.47,100.0
562.65789,silP,Ag(+)-translocating P-type ATPase SilP,STRESS,METAL,SILVER,SILVER,BLASTX,94.19,100.0
562.65789,pcoA,multicopper oxidase PcoA,STRESS,METAL,COPPER,COPPER,BLASTX,99.67,100.0
562.65789,pcoB,copper-binding protein PcoB,STRESS,METAL,COPPER,COPPER,EXACTX,100.0,100.0
562.65789,pcoC,copper resistance system metallochaperone PcoC,STRESS,METAL,COPPER,COPPER,BLASTX,99.21,100.0
562.65789,pcoD,copper resistance inner membrane protein PcoD,STRESS,METAL,COPPER,COPPER,EXACTX,100.0,100.0
562.65789,pcoR,copper response regulator transcription factor PcoR,STRESS,METAL,COPPER,COPPER,EXACTX,100.0,100.0
562.65789,pcoS,copper resistance membrane spanning protein PcoS,STRESS,METAL,COPPER,COPPER,BLASTX,99.57,100.0
562.65789,pcoE,copper resistance system metallochaperone PcoE,STRESS,METAL,COPPER,COPPER,BLASTX,92.36,100.0
562.65789,fdeC,inverse autotransporter adhesin FdeC,VIRULENCE,VIRULENCE,nan,nan,BLASTX,94.21,100.0
562.65789,traT,conjugal transfer complement resistance protein TraT,VIRULENCE,VIRULENCE,nan,nan,BLASTX,91.36,100.0
562.65789,iroB,salmochelin biosynthesis C-glycosyltransferase IroB,VIRULENCE,VIRULENCE,nan,nan,BLASTX,99.73,100.0
562.65789,iroC,salmochelin/enterobactin export ABC transporter IroC,VIRULENCE,VIRULENCE,nan,nan,BLASTX,99.59,100.0
562.65789,iroD,catecholate siderophore esterase IroD,VIRULENCE,VIRULENCE,nan,nan,BLASTX,99.76,100.0
562.65789,iroE,catecholate siderophore esterase IroE,VIRULENCE,VIRULENCE,nan,nan,BLASTX,99.06,100.0
562.65789,iroN,siderophore salmochelin receptor IroN,VIRULENCE,VIRULENCE,nan,nan,EXACTX,100.0,100.0
562.65789,cvaB,colicin V export peptidase/ABC transporter CvaB,VIRULENCE,VIRULENCE,nan,nan,EXACTX,100.0,100.0
562.65789,cvaC,colicin V,VIRULENCE,VIRULENCE,nan,nan,EXACTX,100.0,100.0
562.65789,tsh,temperature-sensitive protease autotransporter hemagglutinin Tsh,VIRULENCE,VIRULENCE,nan,nan,BLASTX,99.93,100.0
562.65789,blaTEM-1,broad-spectrum class A beta-lactamase TEM-1,AMR,AMR,BETA-LACTAM,BETA-LACTAM,ALLELEX,100.0,100.0
562.65789,iss,increased serum survival lipoprotein Iss,VIRULENCE,VIRULENCE,nan,nan,EXACTX,100.0,100.0
562.65789,mdtM,multidrug efflux MFS transporter MdtM,AMR,AMR,EFFLUX,EFFLUX,BLASTX,93.6,99.02
562.65789,dfrA12,trimethoprim-resistant dihydrofolate reductase DfrA12,AMR,AMR,TRIMETHOPRIM,TRIMETHOPRIM,EXACTX,100.0,100.0
562.65789,aadA2,ANT(3'')-Ia family aminoglycoside nucleotidyltransferase AadA2,AMR,AMR,AMINOGLYCOSIDE,STREPTOMYCIN,EXACTX,100.0,100.0
562.65789,qacEdelta1,quaternary ammonium compound efflux SMR transporter QacE delta 1,STRESS,BIOCIDE,QUATERNARY AMMONIUM,QUATERNARY AMMONIUM,ALLELEX,100.0,100.0
562.65789,sul1,sulfonamide-resistant dihydropteroate synthase Sul1,AMR,AMR,SULFONAMIDE,SULFONAMIDE,EXACTX,100.0,100.0
562.65789,dfrA10,trimethoprim-resistant dihydrofolate reductase DfrA10,AMR,AMR,TRIMETHOPRIM,TRIMETHOPRIM,EXACTX,100.0,100.0
562.65789,qacEdelta1,quaternary ammonium compound efflux SMR transporter QacE delta 1,STRESS,BIOCIDE,QUATERNARY AMMONIUM,QUATERNARY AMMONIUM,ALLELEX,100.0,100.0
562.65789,sul1,sulfonamide-resistant dihydropteroate synthase Sul1,AMR,AMR,SULFONAMIDE,SULFONAMIDE,EXACTX,100.0,100.0
562.65789,rdmCL,spiramycin modification protein RdmCL,AMR,AMR,MACROLIDE,TYLOSIN,EXACTX,100.0,100.0
562.65789,mph(B),Mph(B) family macrolide 2'-phosphotransferase,AMR,AMR,MACROLIDE,ERYTHROMYCIN/SPIRAMYCIN/TELITHROMYCIN,EXACTX,100.0,100.0
562.65789,iutA,ferric aerobactin receptor IutA,VIRULENCE,VIRULENCE,nan,nan,BLASTX,89.85,99.73
562.65789,iucD,NADPH-dependent L-lysine N(6)-monooxygenase IucD,VIRULENCE,VIRULENCE,nan,nan,BLASTX,97.65,95.51
562.65789,iucC,NIS family aerobactin synthetase IucC,VIRULENCE,VIRULENCE,nan,nan,BLASTX,97.59,100.0
562.65789,iucB,N(6)-hydroxylysine O-acetyltransferase IucB,VIRULENCE,VIRULENCE,nan,nan,BLASTX,96.19,100.0
562.65789,iucA,aerobactin synthase IucA,VIRULENCE,VIRULENCE,nan,nan,BLASTX,95.31,100.0
562.65789,tet(B),tetracycline efflux MFS transporter Tet(B),AMR,AMR,TETRACYCLINE,TETRACYCLINE,EXACTX,100.0,100.0
562.65789,ariR,biofilm/acid-resistance regulator AriR,STRESS,ACID,nan,nan,EXACTX,100.0,100.0
562.65789,emrE,multidrug efflux SMR transporter EmrE,STRESS,BIOCIDE,EFFLUX,EFFLUX,BLASTX,97.27,100.0
562.65789,iss,increased serum survival lipoprotein Iss,VIRULENCE,VIRULENCE,nan,nan,EXACTX,100.0,100.0
562.65789,sul2,sulfonamide-resistant dihydropteroate synthase Sul2,AMR,AMR,SULFONAMIDE,SULFONAMIDE,PARTIAL_CONTIG_ENDX,100.0,70.48
562.65791,parC_A56T,Escherichia quinolone resistant ParC,AMR,POINT,QUINOLONE,QUINOLONE,POINTX,99.6,100.0
562.65791,parC_S80I,Escherichia quinolone resistant ParC,AMR,POINT,QUINOLONE,QUINOLONE,POINTX,99.6,100.0
562.65791,espX1,type III secretion system effector EspX1,VIRULENCE,VIRULENCE,nan,nan,BLASTX,89.22,100.0
562.65791,blaEC,BlaEC family class C beta-lactamase,AMR,AMR,BETA-LACTAM,BETA-LACTAM,EXACTX,100.0,100.0
562.65791,ariR,biofilm/acid-resistance regulator AriR,STRESS,ACID,nan,nan,EXACTX,100.0,100.0
562.65791,gyrA_D87N,Escherichia quinolone resistant GyrA,AMR,POINT,QUINOLONE,QUINOLONE,POINTX,98.97,99.66
562.65791,gyrA_S83L,Escherichia quinolone resistant GyrA,AMR,POINT,QUINOLONE,QUINOLONE,POINTX,98.97,99.66
562.65791,acrF,multidrug efflux RND transporter permease subunit AcrF,AMR,AMR,EFFLUX,EFFLUX,EXACTX,100.0,100.0
562.65791,fdeC,inverse autotransporter adhesin FdeC,VIRULENCE,VIRULENCE,nan,nan,BLASTX,94.07,100.0
562.65791,traT,conjugal transfer complement resistance protein TraT,VIRULENCE,VIRULENCE,nan,nan,BLASTX,91.36,100.0
562.65791,cvaC,colicin V,VIRULENCE,VIRULENCE,nan,nan,EXACTX,100.0,100.0
562.65791,cvaB,colicin V export peptidase/ABC transporter CvaB,VIRULENCE,VIRULENCE,nan,nan,EXACTX,100.0,100.0
562.65791,iroN,siderophore salmochelin receptor IroN,VIRULENCE,VIRULENCE,nan,nan,EXACTX,100.0,100.0
562.65791,iroE,catecholate siderophore esterase IroE,VIRULENCE,VIRULENCE,nan,nan,BLASTX,99.06,100.0
562.65791,iroD,catecholate siderophore esterase IroD,VIRULENCE,VIRULENCE,nan,nan,BLASTX,99.51,100.0
562.65791,iroC,salmochelin/enterobactin export ABC transporter IroC,VIRULENCE,VIRULENCE,nan,nan,BLASTX,99.59,100.0
562.65791,iroB,salmochelin biosynthesis C-glycosyltransferase IroB,VIRULENCE,VIRULENCE,nan,nan,BLASTX,99.73,100.0
562.65791,iss,increased serum survival lipoprotein Iss,VIRULENCE,VIRULENCE,nan,nan,EXACTX,100.0,100.0
562.65791,iucA,aerobactin synthase IucA,VIRULENCE,VIRULENCE,nan,nan,BLASTX,95.31,100.0
562.65791,iucB,N(6)-hydroxylysine O-acetyltransferase IucB,VIRULENCE,VIRULENCE,nan,nan,BLASTX,95.87,100.0
562.65791,iucC,NIS family aerobactin synthetase IucC,VIRULENCE,VIRULENCE,nan,nan,BLASTX,97.59,100.0
562.65791,iucD,NADPH-dependent L-lysine N(6)-monooxygenase IucD,VIRULENCE,VIRULENCE,nan,nan,BLASTX,97.65,95.51
562.65791,iutA,ferric aerobactin receptor IutA,VIRULENCE,VIRULENCE,nan,nan,BLASTX,89.71,99.73
562.65791,mdtM,multidrug efflux MFS transporter MdtM,AMR,AMR,EFFLUX,EFFLUX,BLASTX,97.27,98.29
562.65791,tet(B),tetracycline efflux MFS transporter Tet(B),AMR,AMR,TETRACYCLINE,TETRACYCLINE,EXACTX,100.0,100.0
562.65791,sul2,sulfonamide-resistant dihydropteroate synthase Sul2,AMR,AMR,SULFONAMIDE,SULFONAMIDE,BLASTX,100.0,97.05
562.65791,dfrA17,trimethoprim-resistant dihydrofolate reductase DfrA17,AMR,AMR,TRIMETHOPRIM,TRIMETHOPRIM,EXACTX,100.0,100.0
562.65791,aadA5,ANT(3'')-Ia family aminoglycoside nucleotidyltransferase AadA5,AMR,AMR,AMINOGLYCOSIDE,STREPTOMYCIN,EXACTX,100.0,100.0
562.65791,qacEdelta1,quaternary ammonium compound efflux SMR transporter QacE delta 1,STRESS,BIOCIDE,QUATERNARY AMMONIUM,QUATERNARY AMMONIUM,ALLELEX,100.0,100.0
562.65791,sul1,sulfonamide-resistant dihydropteroate synthase Sul1,AMR,AMR,SULFONAMIDE,SULFONAMIDE,BLASTX,100.0,97.13
562.65791,catA1,type A-1 chloramphenicol O-acetyltransferase,AMR,AMR,PHENICOL,CHLORAMPHENICOL,EXACTX,100.0,100.0
562.65791,aph(6)-Id,aminoglycoside O-phosphotransferase APH(6)-Id,AMR,AMR,AMINOGLYCOSIDE,STREPTOMYCIN,EXACTX,100.0,100.0
562.65791,aph(3'')-Ib,aminoglycoside O-phosphotransferase APH(3'')-Ib,AMR,AMR,AMINOGLYCOSIDE,STREPTOMYCIN,EXACTX,100.0,100.0
562.65791,blaTEM-1,broad-spectrum class A beta-lactamase TEM-1,AMR,AMR,BETA-LACTAM,BETA-LACTAM,ALLELEX,100.0,100.0
562.65791,aph(3')-Ia,aminoglycoside O-phosphotransferase APH(3')-Ia,AMR,AMR,AMINOGLYCOSIDE,KANAMYCIN,EXACTX,100.0,100.0
562.65796,blaEC,BlaEC family class C beta-lactamase,AMR,AMR,BETA-LACTAM,BETA-LACTAM,BLASTX,98.41,100.0
562.65796,espX1,type III secretion system effector EspX1,VIRULENCE,VIRULENCE,nan,nan,PARTIALX,89.66,75.69
562.65796,mdtM,multidrug efflux MFS transporter MdtM,AMR,AMR,EFFLUX,EFFLUX,BLASTX,97.8,100.0
562.65796,gyrA_D87N,Escherichia quinolone resistant GyrA,AMR,POINT,QUINOLONE,QUINOLONE,POINTX,98.97,99.66
562.65796,gyrA_S83L,Escherichia quinolone resistant GyrA,AMR,POINT,QUINOLONE,QUINOLONE,POINTX,98.97,99.66
562.65796,silE,silver-binding protein SilE,STRESS,METAL,SILVER,SILVER,EXACTX,100.0,100.0
562.65796,silS,copper/silver sensor histidine kinase SilS,STRESS,METAL,COPPER/SILVER,COPPER/SILVER,BLASTX,98.37,100.0
562.65796,silR,copper/silver response regulator transcription factor SilR,STRESS,METAL,COPPER/SILVER,COPPER/SILVER,BLASTX,97.79,100.0
562.65796,silC,Cu(+)/Ag(+) efflux RND transporter outer membrane channel SilC,STRESS,METAL,COPPER/SILVER,COPPER/SILVER,BLASTX,98.05,100.0
562.65796,silF,Cu(+)/Ag(+) efflux RND transporter periplasmic metallochaperone SilF,STRESS,METAL,COPPER/SILVER,COPPER/SILVER,BLASTX,97.44,100.0
562.65796,silB,Cu(+)/Ag(+) efflux RND transporter periplasmic adaptor subunit SilB,STRESS,METAL,COPPER/SILVER,COPPER/SILVER,BLASTX,96.28,100.0
562.65796,silA,Cu(+)/Ag(+) efflux RND transporter permease subunit SilA,STRESS,METAL,COPPER/SILVER,COPPER/SILVER,BLASTX,98.66,100.0
562.65796,silP,Ag(+)-translocating P-type ATPase SilP,STRESS,METAL,SILVER,SILVER,BLASTX,95.14,99.64
562.65796,pcoA,multicopper oxidase PcoA,STRESS,METAL,COPPER,COPPER,BLASTX,99.5,100.0
562.65796,pcoB,copper-binding protein PcoB,STRESS,METAL,COPPER,COPPER,EXACTX,100.0,100.0
562.65796,pcoC,copper resistance system metallochaperone PcoC,STRESS,METAL,COPPER,COPPER,EXACTX,100.0,100.0
562.65796,pcoD,copper resistance inner membrane protein PcoD,STRESS,METAL,COPPER,COPPER,EXACTX,100.0,100.0
562.65796,pcoR,copper response regulator transcription factor PcoR,STRESS,METAL,COPPER,COPPER,EXACTX,100.0,100.0
562.65796,pcoS,copper resistance membrane spanning protein PcoS,STRESS,METAL,COPPER,COPPER,BLASTX,99.57,100.0
562.65796,pcoE,copper resistance system metallochaperone PcoE,STRESS,METAL,COPPER,COPPER,BLASTX,92.36,100.0
562.65796,parE_S458A,Escherichia quinolone resistant ParE,AMR,POINT,QUINOLONE,QUINOLONE,POINTX,99.68,100.0
562.65796,parC_S80I,Escherichia quinolone resistant ParC,AMR,POINT,QUINOLONE,QUINOLONE,POINTX,99.87,100.0
562.65796,sul2,sulfonamide-resistant dihydropteroate synthase Sul2,AMR,AMR,SULFONAMIDE,SULFONAMIDE,EXACTX,100.0,100.0
562.65796,dfrA36,trimethoprim-resistant dihydrofolate reductase DfrA36,AMR,AMR,TRIMETHOPRIM,TRIMETHOPRIM,EXACTX,100.0,100.0
562.65796,lpfA-O113,long polar fimbria major subunit LpfA-O113,VIRULENCE,VIRULENCE,nan,nan,EXACTX,100.0,100.0
562.65796,acrF,multidrug efflux RND transporter permease subunit AcrF,AMR,AMR,EFFLUX,EFFLUX,BLASTX,99.61,100.0
562.65796,fdeC,inverse autotransporter adhesin FdeC,VIRULENCE,VIRULENCE,nan,nan,BLASTX,94.21,100.0
562.65796,ariR,biofilm/acid-resistance regulator AriR,STRESS,ACID,nan,nan,EXACTX,100.0,100.0
562.65796,blaCTX-M-15,extended-spectrum class A beta-lactamase CTX-M-15,AMR,AMR,BETA-LACTAM,CEPHALOSPORIN,ALLELEX,100.0,100.0
562.65796,iucA,aerobactin synthase IucA,VIRULENCE,VIRULENCE,nan,nan,BLASTX,95.31,100.0
562.65796,iucB,N(6)-hydroxylysine O-acetyltransferase IucB,VIRULENCE,VIRULENCE,nan,nan,BLASTX,96.19,100.0
562.65796,iucC,NIS family aerobactin synthetase IucC,VIRULENCE,VIRULENCE,nan,nan,BLASTX,97.59,100.0
562.65796,iucD,NADPH-dependent L-lysine N(6)-monooxygenase IucD,VIRULENCE,VIRULENCE,nan,nan,BLASTX,97.65,95.51
562.65796,iutA,ferric aerobactin receptor IutA,VIRULENCE,VIRULENCE,nan,nan,BLASTX,89.85,99.73
562.65796,mph(A),Mph(A) family macrolide 2'-phosphotransferase,AMR,AMR,MACROLIDE,AZITHROMYCIN/ERYTHROMYCIN/SPIRAMYCIN/TELITHROMYCIN,EXACTX,100.0,100.0
562.65796,mrx(A),phosphorylated macrolide efflux MFS transporter Mrx(A),AMR,AMR,MACROLIDE,AZITHROMYCIN/ERYTHROMYCIN/SPIRAMYCIN/TELITHROMYCIN,EXACTX,100.0,100.0
562.65796,emrE,multidrug efflux SMR transporter EmrE,STRESS,BIOCIDE,EFFLUX,EFFLUX,BLASTX,98.18,100.0
562.65796,aadA1,ANT(3'')-Ia family aminoglycoside nucleotidyltransferase AadA1,AMR,AMR,AMINOGLYCOSIDE,STREPTOMYCIN,EXACTX,100.0,100.0
562.65796,ant(2'')-Ia,aminoglycoside nucleotidyltransferase ANT(2'')-Ia,AMR,AMR,AMINOGLYCOSIDE,GENTAMICIN/KANAMYCIN/TOBRAMYCIN,EXACTX,100.0,100.0
562.65796,floR,chloramphenicol/florfenicol efflux MFS transporter FloR,AMR,AMR,PHENICOL,CHLORAMPHENICOL/FLORFENICOL,BLASTX,99.75,100.0
562.65796,aadA5,ANT(3'')-Ia family aminoglycoside nucleotidyltransferase AadA5,AMR,AMR,AMINOGLYCOSIDE,STREPTOMYCIN,EXACTX,100.0,100.0
562.65796,dfrA17,trimethoprim-resistant dihydrofolate reductase DfrA17,AMR,AMR,TRIMETHOPRIM,TRIMETHOPRIM,EXACTX,100.0,100.0
562.65796,qacEdelta1,quaternary ammonium compound efflux SMR transporter QacE delta 1,STRESS,BIOCIDE,QUATERNARY AMMONIUM,QUATERNARY AMMONIUM,ALLELEX,100.0,100.0
562.65796,sul1,sulfonamide-resistant dihydropteroate synthase Sul1,AMR,AMR,SULFONAMIDE,SULFONAMIDE,EXACTX,100.0,100.0
562.65799,parE_S458A,Escherichia quinolone resistant ParE,AMR,POINT,QUINOLONE,QUINOLONE,POINTX,99.68,100.0
562.65799,parC_S80I,Escherichia quinolone resistant ParC,AMR,POINT,QUINOLONE,QUINOLONE,POINTX,99.87,100.0
562.65799,mdtM,multidrug efflux MFS transporter MdtM,AMR,AMR,EFFLUX,EFFLUX,BLASTX,97.8,100.0
562.65799,espX1,type III secretion system effector EspX1,VIRULENCE,VIRULENCE,nan,nan,PARTIALX,89.66,75.69
562.65799,blaEC,BlaEC family class C beta-lactamase,AMR,AMR,BETA-LACTAM,BETA-LACTAM,BLASTX,98.41,100.0
562.65799,emrE,multidrug efflux SMR transporter EmrE,STRESS,BIOCIDE,EFFLUX,EFFLUX,INTERNAL_STOP,96.36,100.0
562.65799,pcoE,copper resistance system metallochaperone PcoE,STRESS,METAL,COPPER,COPPER,BLASTX,92.36,100.0
562.65799,pcoS,copper resistance membrane spanning protein PcoS,STRESS,METAL,COPPER,COPPER,BLASTX,99.57,100.0
562.65799,pcoR,copper response regulator transcription factor PcoR,STRESS,METAL,COPPER,COPPER,EXACTX,100.0,100.0
562.65799,pcoD,copper resistance inner membrane protein PcoD,STRESS,METAL,COPPER,COPPER,EXACTX,100.0,100.0
562.65799,pcoC,copper resistance system metallochaperone PcoC,STRESS,METAL,COPPER,COPPER,EXACTX,100.0,100.0
562.65799,pcoB,copper-binding protein PcoB,STRESS,METAL,COPPER,COPPER,EXACTX,100.0,100.0
562.65799,pcoA,multicopper oxidase PcoA,STRESS,METAL,COPPER,COPPER,BLASTX,99.5,100.0
562.65799,ariR,biofilm/acid-resistance regulator AriR,STRESS,ACID,nan,nan,EXACTX,100.0,100.0
562.65799,gyrA_D87N,Escherichia quinolone resistant GyrA,AMR,POINT,QUINOLONE,QUINOLONE,POINTX,98.97,99.66
562.65799,gyrA_S83L,Escherichia quinolone resistant GyrA,AMR,POINT,QUINOLONE,QUINOLONE,POINTX,98.97,99.66
562.65799,acrF,multidrug efflux RND transporter permease subunit AcrF,AMR,AMR,EFFLUX,EFFLUX,BLASTX,99.61,100.0
562.65799,fdeC,inverse autotransporter adhesin FdeC,VIRULENCE,VIRULENCE,nan,nan,BLASTX,94.21,100.0
562.65799,lpfA-O113,long polar fimbria major subunit LpfA-O113,VIRULENCE,VIRULENCE,nan,nan,EXACTX,100.0,100.0
562.65799,blaCTX-M-15,extended-spectrum class A beta-lactamase CTX-M-15,AMR,AMR,BETA-LACTAM,CEPHALOSPORIN,ALLELEX,100.0,100.0
562.65799,iroN,siderophore salmochelin receptor IroN,VIRULENCE,VIRULENCE,nan,nan,BLASTX,99.86,100.0
562.65799,iroE,catecholate siderophore esterase IroE,VIRULENCE,VIRULENCE,nan,nan,EXACTX,100.0,100.0
562.65799,iroD,catecholate siderophore esterase IroD,VIRULENCE,VIRULENCE,nan,nan,BLASTX,99.76,100.0
562.65799,iroC,salmochelin/enterobactin export ABC transporter IroC,VIRULENCE,VIRULENCE,nan,nan,BLASTX,99.34,100.0
562.65799,iroB,salmochelin biosynthesis C-glycosyltransferase IroB,VIRULENCE,VIRULENCE,nan,nan,BLASTX,99.73,100.0
562.65799,iss,increased serum survival lipoprotein Iss,VIRULENCE,VIRULENCE,nan,nan,EXACTX,100.0,100.0
562.65799,silP,Ag(+)-translocating P-type ATPase SilP,STRESS,METAL,SILVER,SILVER,BLASTX,95.14,99.64
562.65799,silA,Cu(+)/Ag(+) efflux RND transporter permease subunit SilA,STRESS,METAL,COPPER/SILVER,COPPER/SILVER,BLASTX,98.66,100.0
562.65799,silB,Cu(+)/Ag(+) efflux RND transporter periplasmic adaptor subunit SilB,STRESS,METAL,COPPER/SILVER,COPPER/SILVER,BLASTX,96.28,100.0
562.65799,silF,Cu(+)/Ag(+) efflux RND transporter periplasmic metallochaperone SilF,STRESS,METAL,COPPER/SILVER,COPPER/SILVER,BLASTX,97.44,100.0
562.65799,silC,Cu(+)/Ag(+) efflux RND transporter outer membrane channel SilC,STRESS,METAL,COPPER/SILVER,COPPER/SILVER,BLASTX,98.05,100.0
562.65799,silR,copper/silver response regulator transcription factor SilR,STRESS,METAL,COPPER/SILVER,COPPER/SILVER,BLASTX,97.79,100.0
562.65799,silS,copper/silver sensor histidine kinase SilS,STRESS,METAL,COPPER/SILVER,COPPER/SILVER,PARTIAL_CONTIG_ENDX,98.54,83.71
562.65799,tet(A),tetracycline efflux MFS transporter Tet(A),AMR,AMR,TETRACYCLINE,TETRACYCLINE,EXACTX,100.0,100.0
562.65799,merR,mercury resistance transcriptional regulator MerR,STRESS,METAL,MERCURY,MERCURY,BLASTX,93.75,100.0
562.65799,merT,mercuric transport protein MerT,STRESS,METAL,MERCURY,MERCURY,EXACTX,100.0,100.0
562.65799,merP,mercury resistance system periplasmic binding protein MerP,STRESS,METAL,MERCURY,MERCURY,BLASTX,90.11,100.0
562.65799,merC,organomercurial transporter MerC,STRESS,METAL,MERCURY,ORGANOMERCURY,EXACTX,100.0,100.0
562.65799,silE,silver-binding protein SilE,STRESS,METAL,SILVER,SILVER,EXACTX,100.0,100.0
562.65799,mrx(A),phosphorylated macrolide efflux MFS transporter Mrx(A),AMR,AMR,MACROLIDE,AZITHROMYCIN/ERYTHROMYCIN/SPIRAMYCIN/TELITHROMYCIN,EXACTX,100.0,100.0
562.65799,mph(A),Mph(A) family macrolide 2'-phosphotransferase,AMR,AMR,MACROLIDE,AZITHROMYCIN/ERYTHROMYCIN/SPIRAMYCIN/TELITHROMYCIN,EXACTX,100.0,100.0
562.65799,blaTEM-1,broad-spectrum class A beta-lactamase TEM-1,AMR,AMR,BETA-LACTAM,BETA-LACTAM,ALLELEX,100.0,100.0
562.65799,qacEdelta1,quaternary ammonium compound efflux SMR transporter QacE delta 1,STRESS,BIOCIDE,QUATERNARY AMMONIUM,QUATERNARY AMMONIUM,ALLELEX,100.0,100.0
562.65799,sul1,sulfonamide-resistant dihydropteroate synthase Sul1,AMR,AMR,SULFONAMIDE,SULFONAMIDE,EXACTX,100.0,100.0
562.65799,lnu(F),lincosamide nucleotidyltransferase Lnu(F),AMR,AMR,LINCOSAMIDE,LINCOSAMIDE,EXACTX,100.0,100.0
562.65799,dfrA12,trimethoprim-resistant dihydrofolate reductase DfrA12,AMR,AMR,TRIMETHOPRIM,TRIMETHOPRIM,EXACTX,100.0,100.0
562.65799,dfrA1,trimethoprim-resistant dihydrofolate reductase DfrA1,AMR,AMR,TRIMETHOPRIM,TRIMETHOPRIM,EXACTX,100.0,100.0
562.65799,aadA1,ANT(3'')-Ia family aminoglycoside nucleotidyltransferase AadA1,AMR,AMR,AMINOGLYCOSIDE,STREPTOMYCIN,PARTIAL_CONTIG_ENDX,100.0,54.75
562.65799,aadA2,ANT(3'')-Ia family aminoglycoside nucleotidyltransferase AadA2,AMR,AMR,AMINOGLYCOSIDE,STREPTOMYCIN,PARTIAL_CONTIG_ENDX,100.0,54.75
562.65801,parC_S80I,Escherichia quinolone resistant ParC,AMR,POINT,QUINOLONE,QUINOLONE,POINTX,99.87,100.0
562.65801,parE_S458A,Escherichia quinolone resistant ParE,AMR,POINT,QUINOLONE,QUINOLONE,POINTX,99.68,100.0
562.65801,ariR,biofilm/acid-resistance regulator AriR,STRESS,ACID,nan,nan,EXACTX,100.0,100.0
562.65801,espX1,type III secretion system effector EspX1,VIRULENCE,VIRULENCE,nan,nan,PARTIALX,89.66,75.69
562.65801,mdtM,multidrug efflux MFS transporter MdtM,AMR,AMR,EFFLUX,EFFLUX,BLASTX,97.8,100.0
562.65801,blaEC,BlaEC family class C beta-lactamase,AMR,AMR,BETA-LACTAM,BETA-LACTAM,BLASTX,98.41,100.0
562.65801,pcoE,copper resistance system metallochaperone PcoE,STRESS,METAL,COPPER,COPPER,BLASTX,92.36,100.0
562.65801,pcoS,copper resistance membrane spanning protein PcoS,STRESS,METAL,COPPER,COPPER,BLASTX,99.57,100.0
562.65801,pcoR,copper response regulator transcription factor PcoR,STRESS,METAL,COPPER,COPPER,EXACTX,100.0,100.0
562.65801,pcoD,copper resistance inner membrane protein PcoD,STRESS,METAL,COPPER,COPPER,EXACTX,100.0,100.0
562.65801,pcoC,copper resistance system metallochaperone PcoC,STRESS,METAL,COPPER,COPPER,EXACTX,100.0,100.0
562.65801,pcoB,copper-binding protein PcoB,STRESS,METAL,COPPER,COPPER,EXACTX,100.0,100.0
562.65801,pcoA,multicopper oxidase PcoA,STRESS,METAL,COPPER,COPPER,BLASTX,99.5,100.0
562.65801,silP,Ag(+)-translocating P-type ATPase SilP,STRESS,METAL,SILVER,SILVER,BLASTX,95.14,99.64
562.65801,silA,Cu(+)/Ag(+) efflux RND transporter permease subunit SilA,STRESS,METAL,COPPER/SILVER,COPPER/SILVER,BLASTX,98.66,100.0
562.65801,silB,Cu(+)/Ag(+) efflux RND transporter periplasmic adaptor subunit SilB,STRESS,METAL,COPPER/SILVER,COPPER/SILVER,BLASTX,96.28,100.0
562.65801,silF,Cu(+)/Ag(+) efflux RND transporter periplasmic metallochaperone SilF,STRESS,METAL,COPPER/SILVER,COPPER/SILVER,BLASTX,97.44,100.0
562.65801,silC,Cu(+)/Ag(+) efflux RND transporter outer membrane channel SilC,STRESS,METAL,COPPER/SILVER,COPPER/SILVER,BLASTX,98.05,100.0
562.65801,silR,copper/silver response regulator transcription factor SilR,STRESS,METAL,COPPER/SILVER,COPPER/SILVER,BLASTX,97.79,100.0
562.65801,silS,copper/silver sensor histidine kinase SilS,STRESS,METAL,COPPER/SILVER,COPPER/SILVER,BLASTX,98.37,100.0
562.65801,silE,silver-binding protein SilE,STRESS,METAL,SILVER,SILVER,EXACTX,100.0,100.0
562.65801,acrF,multidrug efflux RND transporter permease subunit AcrF,AMR,AMR,EFFLUX,EFFLUX,BLASTX,99.61,100.0
562.65801,fdeC,inverse autotransporter adhesin FdeC,VIRULENCE,VIRULENCE,nan,nan,BLASTX,94.21,100.0
562.65801,lpfA-O113,long polar fimbria major subunit LpfA-O113,VIRULENCE,VIRULENCE,nan,nan,EXACTX,100.0,100.0
562.65801,gyrA_D87N,Escherichia quinolone resistant GyrA,AMR,POINT,QUINOLONE,QUINOLONE,POINTX,98.97,99.66
562.65801,gyrA_S83L,Escherichia quinolone resistant GyrA,AMR,POINT,QUINOLONE,QUINOLONE,POINTX,98.97,99.66
562.65801,ybtQ,yersiniabactin ABC transporter ATP-binding/permease protein YbtQ,VIRULENCE,VIRULENCE,nan,nan,BLASTX,99.5,100.0
562.65801,ybtP,yersiniabactin ABC transporter ATP-binding/permease protein YbtP,VIRULENCE,VIRULENCE,nan,nan,BLASTX,99.5,100.0
562.65801,bfpA,type IV pilus major subunit protein BfpA,VIRULENCE,VIRULENCE,nan,nan,BLASTX,97.3,100.0
562.65801,emrE,multidrug efflux SMR transporter EmrE,STRESS,BIOCIDE,EFFLUX,EFFLUX,INTERNAL_STOP,96.36,100.0
562.65801,iutA,ferric aerobactin receptor IutA,VIRULENCE,VIRULENCE,nan,nan,BLASTX,89.85,99.73
562.65801,iucD,NADPH-dependent L-lysine N(6)-monooxygenase IucD,VIRULENCE,VIRULENCE,nan,nan,BLASTX,97.65,95.51
562.65801,iucC,NIS family aerobactin synthetase IucC,VIRULENCE,VIRULENCE,nan,nan,BLASTX,97.59,100.0
562.65801,iucB,N(6)-hydroxylysine O-acetyltransferase IucB,VIRULENCE,VIRULENCE,nan,nan,BLASTX,96.19,100.0
562.65801,iucA,aerobactin synthase IucA,VIRULENCE,VIRULENCE,nan,nan,BLASTX,95.31,100.0
562.65801,mph(A),Mph(A) family macrolide 2'-phosphotransferase,AMR,AMR,MACROLIDE,AZITHROMYCIN/ERYTHROMYCIN/SPIRAMYCIN/TELITHROMYCIN,EXACTX,100.0,100.0
562.65801,mrx(A),phosphorylated macrolide efflux MFS transporter Mrx(A),AMR,AMR,MACROLIDE,AZITHROMYCIN/ERYTHROMYCIN/SPIRAMYCIN/TELITHROMYCIN,EXACTX,100.0,100.0
562.65801,sul1,sulfonamide-resistant dihydropteroate synthase Sul1,AMR,AMR,SULFONAMIDE,SULFONAMIDE,EXACTX,100.0,100.0
562.65801,qacEdelta1,quaternary ammonium compound efflux SMR transporter QacE delta 1,STRESS,BIOCIDE,QUATERNARY AMMONIUM,QUATERNARY AMMONIUM,ALLELEX,100.0,100.0
562.65801,aadA5,ANT(3'')-Ia family aminoglycoside nucleotidyltransferase AadA5,AMR,AMR,AMINOGLYCOSIDE,STREPTOMYCIN,EXACTX,100.0,100.0
562.65801,dfrA17,trimethoprim-resistant dihydrofolate reductase DfrA17,AMR,AMR,TRIMETHOPRIM,TRIMETHOPRIM,EXACTX,100.0,100.0
562.65801,senB,enterotoxin production-related protein TieB,VIRULENCE,VIRULENCE,nan,nan,EXACTX,100.0,100.0
562.65801,sul2,sulfonamide-resistant dihydropteroate synthase Sul2,AMR,AMR,SULFONAMIDE,SULFONAMIDE,EXACTX,100.0,100.0
562.65801,aph(3'')-Ib,aminoglycoside O-phosphotransferase APH(3'')-Ib,AMR,AMR,AMINOGLYCOSIDE,STREPTOMYCIN,EXACTX,100.0,100.0
562.65801,aph(6)-Id,aminoglycoside O-phosphotransferase APH(6)-Id,AMR,AMR,AMINOGLYCOSIDE,STREPTOMYCIN,PARTIAL_CONTIG_ENDX,100.0,86.33
562.65801,blaCTX-M-15,extended-spectrum class A beta-lactamase CTX-M-15,AMR,AMR,BETA-LACTAM,CEPHALOSPORIN,ALLELEX,100.0,100.0
562.65802,parE_S458A,Escherichia quinolone resistant ParE,AMR,POINT,QUINOLONE,QUINOLONE,POINTX,99.68,100.0
562.65802,parC_S80I,Escherichia quinolone resistant ParC,AMR,POINT,QUINOLONE,QUINOLONE,POINTX,99.87,100.0
562.65802,ariR,biofilm/acid-resistance regulator AriR,STRESS,ACID,nan,nan,EXACTX,100.0,100.0
562.65802,mdtM,multidrug efflux MFS transporter MdtM,AMR,AMR,EFFLUX,EFFLUX,BLASTX,97.8,100.0
562.65802,espX1,type III secretion system effector EspX1,VIRULENCE,VIRULENCE,nan,nan,PARTIALX,89.66,75.69
562.65802,gyrA_D87N,Escherichia quinolone resistant GyrA,AMR,POINT,QUINOLONE,QUINOLONE,POINTX,98.97,99.66
562.65802,gyrA_S83L,Escherichia quinolone resistant GyrA,AMR,POINT,QUINOLONE,QUINOLONE,POINTX,98.97,99.66
562.65802,pcoE,copper resistance system metallochaperone PcoE,STRESS,METAL,COPPER,COPPER,BLASTX,92.36,100.0
562.65802,pcoS,copper resistance membrane spanning protein PcoS,STRESS,METAL,COPPER,COPPER,BLASTX,99.57,100.0
562.65802,pcoR,copper response regulator transcription factor PcoR,STRESS,METAL,COPPER,COPPER,EXACTX,100.0,100.0
562.65802,pcoD,copper resistance inner membrane protein PcoD,STRESS,METAL,COPPER,COPPER,EXACTX,100.0,100.0
562.65802,pcoC,copper resistance system metallochaperone PcoC,STRESS,METAL,COPPER,COPPER,EXACTX,100.0,100.0
562.65802,pcoB,copper-binding protein PcoB,STRESS,METAL,COPPER,COPPER,EXACTX,100.0,100.0
562.65802,pcoA,multicopper oxidase PcoA,STRESS,METAL,COPPER,COPPER,BLASTX,99.5,100.0
562.65802,silP,Ag(+)-translocating P-type ATPase SilP,STRESS,METAL,SILVER,SILVER,BLASTX,95.14,99.64
562.65802,silA,Cu(+)/Ag(+) efflux RND transporter permease subunit SilA,STRESS,METAL,COPPER/SILVER,COPPER/SILVER,BLASTX,98.66,100.0
562.65802,silB,Cu(+)/Ag(+) efflux RND transporter periplasmic adaptor subunit SilB,STRESS,METAL,COPPER/SILVER,COPPER/SILVER,BLASTX,96.28,100.0
562.65802,silF,Cu(+)/Ag(+) efflux RND transporter periplasmic metallochaperone SilF,STRESS,METAL,COPPER/SILVER,COPPER/SILVER,BLASTX,97.44,100.0
562.65802,silC,Cu(+)/Ag(+) efflux RND transporter outer membrane channel SilC,STRESS,METAL,COPPER/SILVER,COPPER/SILVER,BLASTX,98.05,100.0
562.65802,silR,copper/silver response regulator transcription factor SilR,STRESS,METAL,COPPER/SILVER,COPPER/SILVER,BLASTX,97.79,100.0
562.65802,silS,copper/silver sensor histidine kinase SilS,STRESS,METAL,COPPER/SILVER,COPPER/SILVER,PARTIAL_CONTIG_ENDX,98.43,77.6
562.65802,blaEC,BlaEC family class C beta-lactamase,AMR,AMR,BETA-LACTAM,BETA-LACTAM,BLASTX,98.41,100.0
562.65802,lpfA-O113,long polar fimbria major subunit LpfA-O113,VIRULENCE,VIRULENCE,nan,nan,EXACTX,100.0,100.0
562.65802,acrF,multidrug efflux RND transporter permease subunit AcrF,AMR,AMR,EFFLUX,EFFLUX,BLASTX,99.61,100.0
562.65802,fdeC,inverse autotransporter adhesin FdeC,VIRULENCE,VIRULENCE,nan,nan,BLASTX,94.21,100.0
562.65802,catA1,type A-1 chloramphenicol O-acetyltransferase,AMR,AMR,PHENICOL,CHLORAMPHENICOL,BLASTX,97.69,98.63
562.65802,f17g,F17G fimbrial adhesin,VIRULENCE,VIRULENCE,nan,nan,EXACTX,100.0,100.0
562.65802,f17a,F17A fimbrial adhesin,VIRULENCE,VIRULENCE,nan,nan,BLASTX,99.45,100.0
562.65802,blaCTX-M-15,extended-spectrum class A beta-lactamase CTX-M-15,AMR,AMR,BETA-LACTAM,CEPHALOSPORIN,ALLELEX,100.0,100.0
562.65802,iucA,aerobactin synthase IucA,VIRULENCE,VIRULENCE,nan,nan,BLASTX,95.31,100.0
562.65802,iucB,N(6)-hydroxylysine O-acetyltransferase IucB,VIRULENCE,VIRULENCE,nan,nan,BLASTX,96.19,100.0
562.65802,iucC,NIS family aerobactin synthetase IucC,VIRULENCE,VIRULENCE,nan,nan,BLASTX,97.59,100.0
562.65802,iucD,NADPH-dependent L-lysine N(6)-monooxygenase IucD,VIRULENCE,VIRULENCE,nan,nan,BLASTX,97.65,95.51
562.65802,iutA,ferric aerobactin receptor IutA,VIRULENCE,VIRULENCE,nan,nan,BLASTX,89.85,99.73
562.65802,silE,silver-binding protein SilE,STRESS,METAL,SILVER,SILVER,EXACTX,100.0,100.0
562.65802,merC,organomercurial transporter MerC,STRESS,METAL,MERCURY,ORGANOMERCURY,EXACTX,100.0,100.0
562.65802,merP,mercury resistance system periplasmic binding protein MerP,STRESS,METAL,MERCURY,MERCURY,BLASTX,90.11,100.0
562.65802,merT,mercuric transport protein MerT,STRESS,METAL,MERCURY,MERCURY,EXACTX,100.0,100.0
562.65802,merR,mercury resistance transcriptional regulator MerR,STRESS,METAL,MERCURY,MERCURY,BLASTX,93.75,100.0
562.65802,tet(A),tetracycline efflux MFS transporter Tet(A),AMR,AMR,TETRACYCLINE,TETRACYCLINE,EXACTX,100.0,100.0
562.65802,floR,chloramphenicol/florfenicol efflux MFS transporter FloR,AMR,AMR,PHENICOL,CHLORAMPHENICOL/FLORFENICOL,BLASTX,99.75,100.0
562.65802,mph(A),Mph(A) family macrolide 2'-phosphotransferase,AMR,AMR,MACROLIDE,AZITHROMYCIN/ERYTHROMYCIN/SPIRAMYCIN/TELITHROMYCIN,EXACTX,100.0,100.0
562.65802,mrx(A),phosphorylated macrolide efflux MFS transporter Mrx(A),AMR,AMR,MACROLIDE,AZITHROMYCIN/ERYTHROMYCIN/SPIRAMYCIN/TELITHROMYCIN,EXACTX,100.0,100.0
562.65802,emrE,multidrug efflux SMR transporter EmrE,STRESS,BIOCIDE,EFFLUX,EFFLUX,BLASTX,98.18,100.0
562.65802,ant(2'')-Ia,aminoglycoside nucleotidyltransferase ANT(2'')-Ia,AMR,AMR,AMINOGLYCOSIDE,GENTAMICIN/KANAMYCIN/TOBRAMYCIN,EXACTX,100.0,100.0
562.65802,aadA1,ANT(3'')-Ia family aminoglycoside nucleotidyltransferase AadA1,AMR,AMR,AMINOGLYCOSIDE,STREPTOMYCIN,EXACTX,100.0,100.0
562.65802,aac(3)-IIe,aminoglycoside N-acetyltransferase AAC(3)-IIe,AMR,AMR,AMINOGLYCOSIDE,GENTAMICIN,EXACTX,100.0,100.0
562.65802,dfrA17,trimethoprim-resistant dihydrofolate reductase DfrA17,AMR,AMR,TRIMETHOPRIM,TRIMETHOPRIM,EXACTX,100.0,100.0
562.65802,aadA5,ANT(3'')-Ia family aminoglycoside nucleotidyltransferase AadA5,AMR,AMR,AMINOGLYCOSIDE,STREPTOMYCIN,EXACTX,100.0,100.0
562.65802,qacEdelta1,quaternary ammonium compound efflux SMR transporter QacE delta 1,STRESS,BIOCIDE,QUATERNARY AMMONIUM,QUATERNARY AMMONIUM,ALLELEX,100.0,100.0
562.65802,sul1,sulfonamide-resistant dihydropteroate synthase Sul1,AMR,AMR,SULFONAMIDE,SULFONAMIDE,EXACTX,100.0,100.0
562.65803,emrE,multidrug efflux SMR transporter EmrE,STRESS,BIOCIDE,EFFLUX,EFFLUX,INTERNAL_STOP,96.36,100.0
562.65803,gyrA_D87N,Escherichia quinolone resistant GyrA,AMR,POINT,QUINOLONE,QUINOLONE,POINTX,98.97,99.66
562.65803,gyrA_S83L,Escherichia quinolone resistant GyrA,AMR,POINT,QUINOLONE,QUINOLONE,POINTX,98.97,99.66
562.65803,parE_S458A,Escherichia quinolone resistant ParE,AMR,POINT,QUINOLONE,QUINOLONE,POINTX,99.68,100.0
562.65803,parC_S80I,Escherichia quinolone resistant ParC,AMR,POINT,QUINOLONE,QUINOLONE,POINTX,99.87,100.0
562.65803,mdtM,multidrug efflux MFS transporter MdtM,AMR,AMR,EFFLUX,EFFLUX,BLASTX,97.8,100.0
562.65803,espX1,type III secretion system effector EspX1,VIRULENCE,VIRULENCE,nan,nan,PARTIALX,89.66,75.69
562.65803,pcoA,multicopper oxidase PcoA,STRESS,METAL,COPPER,COPPER,BLASTX,99.5,100.0
562.65803,pcoB,copper-binding protein PcoB,STRESS,METAL,COPPER,COPPER,EXACTX,100.0,100.0
562.65803,pcoC,copper resistance system metallochaperone PcoC,STRESS,METAL,COPPER,COPPER,EXACTX,100.0,100.0
562.65803,pcoD,copper resistance inner membrane protein PcoD,STRESS,METAL,COPPER,COPPER,EXACTX,100.0,100.0
562.65803,pcoR,copper response regulator transcription factor PcoR,STRESS,METAL,COPPER,COPPER,EXACTX,100.0,100.0
562.65803,pcoS,copper resistance membrane spanning protein PcoS,STRESS,METAL,COPPER,COPPER,BLASTX,99.57,100.0
562.65803,pcoE,copper resistance system metallochaperone PcoE,STRESS,METAL,COPPER,COPPER,BLASTX,92.36,100.0
562.65803,ariR,biofilm/acid-resistance regulator AriR,STRESS,ACID,nan,nan,EXACTX,100.0,100.0
562.65803,acrF,multidrug efflux RND transporter permease subunit AcrF,AMR,AMR,EFFLUX,EFFLUX,BLASTX,99.61,100.0
562.65803,blaEC,BlaEC family class C beta-lactamase,AMR,AMR,BETA-LACTAM,BETA-LACTAM,BLASTX,98.41,100.0
562.65803,fdeC,inverse autotransporter adhesin FdeC,VIRULENCE,VIRULENCE,nan,nan,BLASTX,94.21,100.0
562.65803,lpfA-O113,long polar fimbria major subunit LpfA-O113,VIRULENCE,VIRULENCE,nan,nan,EXACTX,100.0,100.0
562.65803,iss,increased serum survival lipoprotein Iss,VIRULENCE,VIRULENCE,nan,nan,EXACTX,100.0,100.0
562.65803,iroB,salmochelin biosynthesis C-glycosyltransferase IroB,VIRULENCE,VIRULENCE,nan,nan,BLASTX,99.73,100.0
562.65803,iroC,salmochelin/enterobactin export ABC transporter IroC,VIRULENCE,VIRULENCE,nan,nan,BLASTX,99.34,100.0
562.65803,iroD,catecholate siderophore esterase IroD,VIRULENCE,VIRULENCE,nan,nan,BLASTX,99.76,100.0
562.65803,iroE,catecholate siderophore esterase IroE,VIRULENCE,VIRULENCE,nan,nan,EXACTX,100.0,100.0
562.65803,iroN,siderophore salmochelin receptor IroN,VIRULENCE,VIRULENCE,nan,nan,BLASTX,99.86,100.0
562.65803,tet(A),tetracycline efflux MFS transporter Tet(A),AMR,AMR,TETRACYCLINE,TETRACYCLINE,EXACTX,100.0,100.0
562.65803,blaCTX-M-15,extended-spectrum class A beta-lactamase CTX-M-15,AMR,AMR,BETA-LACTAM,CEPHALOSPORIN,ALLELEX,100.0,100.0
562.65803,silP,Ag(+)-translocating P-type ATPase SilP,STRESS,METAL,SILVER,SILVER,BLASTX,95.14,99.64
562.65803,silA,Cu(+)/Ag(+) efflux RND transporter permease subunit SilA,STRESS,METAL,COPPER/SILVER,COPPER/SILVER,BLASTX,98.66,100.0
562.65803,silB,Cu(+)/Ag(+) efflux RND transporter periplasmic adaptor subunit SilB,STRESS,METAL,COPPER/SILVER,COPPER/SILVER,BLASTX,96.28,100.0
562.65803,silF,Cu(+)/Ag(+) efflux RND transporter periplasmic metallochaperone SilF,STRESS,METAL,COPPER/SILVER,COPPER/SILVER,BLASTX,97.44,100.0
562.65803,silC,Cu(+)/Ag(+) efflux RND transporter outer membrane channel SilC,STRESS,METAL,COPPER/SILVER,COPPER/SILVER,BLASTX,98.05,100.0
562.65803,silR,copper/silver response regulator transcription factor SilR,STRESS,METAL,COPPER/SILVER,COPPER/SILVER,BLASTX,97.79,100.0
562.65803,silS,copper/silver sensor histidine kinase SilS,STRESS,METAL,COPPER/SILVER,COPPER/SILVER,PARTIAL_CONTIG_ENDX,98.54,83.71
562.65803,silE,silver-binding protein SilE,STRESS,METAL,SILVER,SILVER,EXACTX,100.0,100.0
562.65803,dfrA12,trimethoprim-resistant dihydrofolate reductase DfrA12,AMR,AMR,TRIMETHOPRIM,TRIMETHOPRIM,EXACTX,100.0,100.0
562.65803,aadA2,ANT(3'')-Ia family aminoglycoside nucleotidyltransferase AadA2,AMR,AMR,AMINOGLYCOSIDE,STREPTOMYCIN,EXACTX,100.0,100.0
562.65803,qacEdelta1,quaternary ammonium compound efflux SMR transporter QacE delta 1,STRESS,BIOCIDE,QUATERNARY AMMONIUM,QUATERNARY AMMONIUM,ALLELEX,100.0,100.0
562.65803,sul1,sulfonamide-resistant dihydropteroate synthase Sul1,AMR,AMR,SULFONAMIDE,SULFONAMIDE,EXACTX,100.0,100.0
562.65804,emrE,multidrug efflux SMR transporter EmrE,STRESS,BIOCIDE,EFFLUX,EFFLUX,INTERNAL_STOP,96.36,100.0
562.65804,gyrA_D87N,Escherichia quinolone resistant GyrA,AMR,POINT,QUINOLONE,QUINOLONE,POINTX,98.97,99.66
562.65804,gyrA_S83L,Escherichia quinolone resistant GyrA,AMR,POINT,QUINOLONE,QUINOLONE,POINTX,98.97,99.66
562.65804,espX1,type III secretion system effector EspX1,VIRULENCE,VIRULENCE,nan,nan,PARTIALX,89.66,75.69
562.65804,mdtM,multidrug efflux MFS transporter MdtM,AMR,AMR,EFFLUX,EFFLUX,BLASTX,97.8,100.0
562.65804,blaEC,BlaEC family class C beta-lactamase,AMR,AMR,BETA-LACTAM,BETA-LACTAM,BLASTX,98.41,100.0
562.65804,parE_S458A,Escherichia quinolone resistant ParE,AMR,POINT,QUINOLONE,QUINOLONE,POINTX,99.68,100.0
562.65804,parC_S80I,Escherichia quinolone resistant ParC,AMR,POINT,QUINOLONE,QUINOLONE,POINTX,99.87,100.0
562.65804,pcoE,copper resistance system metallochaperone PcoE,STRESS,METAL,COPPER,COPPER,BLASTX,92.36,100.0
562.65804,pcoS,copper resistance membrane spanning protein PcoS,STRESS,METAL,COPPER,COPPER,BLASTX,99.57,100.0
562.65804,pcoR,copper response regulator transcription factor PcoR,STRESS,METAL,COPPER,COPPER,EXACTX,100.0,100.0
562.65804,pcoD,copper resistance inner membrane protein PcoD,STRESS,METAL,COPPER,COPPER,EXACTX,100.0,100.0
562.65804,pcoC,copper resistance system metallochaperone PcoC,STRESS,METAL,COPPER,COPPER,EXACTX,100.0,100.0
562.65804,pcoB,copper-binding protein PcoB,STRESS,METAL,COPPER,COPPER,EXACTX,100.0,100.0
562.65804,pcoA,multicopper oxidase PcoA,STRESS,METAL,COPPER,COPPER,BLASTX,99.5,100.0
562.65804,ariR,biofilm/acid-resistance regulator AriR,STRESS,ACID,nan,nan,EXACTX,100.0,100.0
562.65804,acrF,multidrug efflux RND transporter permease subunit AcrF,AMR,AMR,EFFLUX,EFFLUX,BLASTX,99.61,100.0
562.65804,fdeC,inverse autotransporter adhesin FdeC,VIRULENCE,VIRULENCE,nan,nan,BLASTX,94.21,100.0
562.65804,lpfA-O113,long polar fimbria major subunit LpfA-O113,VIRULENCE,VIRULENCE,nan,nan,EXACTX,100.0,100.0
562.65804,iss,increased serum survival lipoprotein Iss,VIRULENCE,VIRULENCE,nan,nan,EXACTX,100.0,100.0
562.65804,iroB,salmochelin biosynthesis C-glycosyltransferase IroB,VIRULENCE,VIRULENCE,nan,nan,BLASTX,99.73,100.0
562.65804,iroC,salmochelin/enterobactin export ABC transporter IroC,VIRULENCE,VIRULENCE,nan,nan,BLASTX,99.34,100.0
562.65804,iroD,catecholate siderophore esterase IroD,VIRULENCE,VIRULENCE,nan,nan,BLASTX,99.76,100.0
562.65804,iroE,catecholate siderophore esterase IroE,VIRULENCE,VIRULENCE,nan,nan,EXACTX,100.0,100.0
562.65804,iroN,siderophore salmochelin receptor IroN,VIRULENCE,VIRULENCE,nan,nan,BLASTX,99.86,100.0
562.65804,tet(A),tetracycline efflux MFS transporter Tet(A),AMR,AMR,TETRACYCLINE,TETRACYCLINE,EXACTX,100.0,100.0
562.65804,blaCTX-M-15,extended-spectrum class A beta-lactamase CTX-M-15,AMR,AMR,BETA-LACTAM,CEPHALOSPORIN,ALLELEX,100.0,100.0
562.65804,silS,copper/silver sensor histidine kinase SilS,STRESS,METAL,COPPER/SILVER,COPPER/SILVER,PARTIAL_CONTIG_ENDX,98.54,83.71
562.65804,silR,copper/silver response regulator transcription factor SilR,STRESS,METAL,COPPER/SILVER,COPPER/SILVER,BLASTX,97.79,100.0
562.65804,silC,Cu(+)/Ag(+) efflux RND transporter outer membrane channel SilC,STRESS,METAL,COPPER/SILVER,COPPER/SILVER,BLASTX,98.05,100.0
562.65804,silF,Cu(+)/Ag(+) efflux RND transporter periplasmic metallochaperone SilF,STRESS,METAL,COPPER/SILVER,COPPER/SILVER,BLASTX,97.44,100.0
562.65804,silB,Cu(+)/Ag(+) efflux RND transporter periplasmic adaptor subunit SilB,STRESS,METAL,COPPER/SILVER,COPPER/SILVER,BLASTX,96.28,100.0
562.65804,silA,Cu(+)/Ag(+) efflux RND transporter permease subunit SilA,STRESS,METAL,COPPER/SILVER,COPPER/SILVER,BLASTX,98.66,100.0
562.65804,silP,Ag(+)-translocating P-type ATPase SilP,STRESS,METAL,SILVER,SILVER,BLASTX,95.14,99.64
562.65804,silE,silver-binding protein SilE,STRESS,METAL,SILVER,SILVER,EXACTX,100.0,100.0
562.65805,parC_S80I,Escherichia quinolone resistant ParC,AMR,POINT,QUINOLONE,QUINOLONE,POINTX,99.87,100.0
562.65805,parE_S458A,Escherichia quinolone resistant ParE,AMR,POINT,QUINOLONE,QUINOLONE,POINTX,99.68,100.0
562.65805,ariR,biofilm/acid-resistance regulator AriR,STRESS,ACID,nan,nan,EXACTX,100.0,100.0
562.65805,espX1,type III secretion system effector EspX1,VIRULENCE,VIRULENCE,nan,nan,PARTIALX,89.66,75.69
562.65805,mdtM,multidrug efflux MFS transporter MdtM,AMR,AMR,EFFLUX,EFFLUX,BLASTX,97.8,100.0
562.65805,gyrA_D87N,Escherichia quinolone resistant GyrA,AMR,POINT,QUINOLONE,QUINOLONE,POINTX,98.97,99.66
562.65805,gyrA_S83L,Escherichia quinolone resistant GyrA,AMR,POINT,QUINOLONE,QUINOLONE,POINTX,98.97,99.66
562.65805,silS,copper/silver sensor histidine kinase SilS,STRESS,METAL,COPPER/SILVER,COPPER/SILVER,PARTIAL_CONTIG_ENDX,98.43,77.6
562.65805,silR,copper/silver response regulator transcription factor SilR,STRESS,METAL,COPPER/SILVER,COPPER/SILVER,BLASTX,97.79,100.0
562.65805,silC,Cu(+)/Ag(+) efflux RND transporter outer membrane channel SilC,STRESS,METAL,COPPER/SILVER,COPPER/SILVER,BLASTX,98.05,100.0
562.65805,silF,Cu(+)/Ag(+) efflux RND transporter periplasmic metallochaperone SilF,STRESS,METAL,COPPER/SILVER,COPPER/SILVER,BLASTX,97.44,100.0
562.65805,silB,Cu(+)/Ag(+) efflux RND transporter periplasmic adaptor subunit SilB,STRESS,METAL,COPPER/SILVER,COPPER/SILVER,BLASTX,96.28,100.0
562.65805,silA,Cu(+)/Ag(+) efflux RND transporter permease subunit SilA,STRESS,METAL,COPPER/SILVER,COPPER/SILVER,BLASTX,98.66,100.0
562.65805,silP,Ag(+)-translocating P-type ATPase SilP,STRESS,METAL,SILVER,SILVER,BLASTX,95.14,99.64
562.65805,pcoA,multicopper oxidase PcoA,STRESS,METAL,COPPER,COPPER,BLASTX,99.5,100.0
562.65805,pcoB,copper-binding protein PcoB,STRESS,METAL,COPPER,COPPER,EXACTX,100.0,100.0
562.65805,pcoC,copper resistance system metallochaperone PcoC,STRESS,METAL,COPPER,COPPER,EXACTX,100.0,100.0
562.65805,pcoD,copper resistance inner membrane protein PcoD,STRESS,METAL,COPPER,COPPER,EXACTX,100.0,100.0
562.65805,pcoR,copper response regulator transcription factor PcoR,STRESS,METAL,COPPER,COPPER,EXACTX,100.0,100.0
562.65805,pcoS,copper resistance membrane spanning protein PcoS,STRESS,METAL,COPPER,COPPER,BLASTX,99.57,100.0
562.65805,pcoE,copper resistance system metallochaperone PcoE,STRESS,METAL,COPPER,COPPER,BLASTX,92.36,100.0
562.65805,blaEC,BlaEC family class C beta-lactamase,AMR,AMR,BETA-LACTAM,BETA-LACTAM,BLASTX,98.41,100.0
562.65805,acrF,multidrug efflux RND transporter permease subunit AcrF,AMR,AMR,EFFLUX,EFFLUX,BLASTX,99.61,100.0
562.65805,fdeC,inverse autotransporter adhesin FdeC,VIRULENCE,VIRULENCE,nan,nan,BLASTX,94.21,100.0
562.65805,lpfA-O113,long polar fimbria major subunit LpfA-O113,VIRULENCE,VIRULENCE,nan,nan,EXACTX,100.0,100.0
562.65805,f17g,F17G fimbrial adhesin,VIRULENCE,VIRULENCE,nan,nan,EXACTX,100.0,100.0
562.65805,f17a,F17A fimbrial adhesin,VIRULENCE,VIRULENCE,nan,nan,BLASTX,99.45,100.0
562.65805,blaCTX-M-15,extended-spectrum class A beta-lactamase CTX-M-15,AMR,AMR,BETA-LACTAM,CEPHALOSPORIN,ALLELEX,100.0,100.0
562.65805,iutA,ferric aerobactin receptor IutA,VIRULENCE,VIRULENCE,nan,nan,BLASTX,89.85,99.73
562.65805,iucD,NADPH-dependent L-lysine N(6)-monooxygenase IucD,VIRULENCE,VIRULENCE,nan,nan,BLASTX,97.65,95.51
562.65805,iucC,NIS family aerobactin synthetase IucC,VIRULENCE,VIRULENCE,nan,nan,BLASTX,97.59,100.0
562.65805,iucB,N(6)-hydroxylysine O-acetyltransferase IucB,VIRULENCE,VIRULENCE,nan,nan,BLASTX,96.19,100.0
562.65805,iucA,aerobactin synthase IucA,VIRULENCE,VIRULENCE,nan,nan,BLASTX,95.31,100.0
562.65805,silE,silver-binding protein SilE,STRESS,METAL,SILVER,SILVER,EXACTX,100.0,100.0
562.65805,merC,organomercurial transporter MerC,STRESS,METAL,MERCURY,ORGANOMERCURY,EXACTX,100.0,100.0
562.65805,merP,mercury resistance system periplasmic binding protein MerP,STRESS,METAL,MERCURY,MERCURY,BLASTX,90.11,100.0
562.65805,merT,mercuric transport protein MerT,STRESS,METAL,MERCURY,MERCURY,EXACTX,100.0,100.0
562.65805,merR,mercury resistance transcriptional regulator MerR,STRESS,METAL,MERCURY,MERCURY,BLASTX,93.75,100.0
562.65805,tet(A),tetracycline efflux MFS transporter Tet(A),AMR,AMR,TETRACYCLINE,TETRACYCLINE,EXACTX,100.0,100.0
562.65805,floR,chloramphenicol/florfenicol efflux MFS transporter FloR,AMR,AMR,PHENICOL,CHLORAMPHENICOL/FLORFENICOL,BLASTX,99.75,100.0
562.65805,mph(A),Mph(A) family macrolide 2'-phosphotransferase,AMR,AMR,MACROLIDE,AZITHROMYCIN/ERYTHROMYCIN/SPIRAMYCIN/TELITHROMYCIN,EXACTX,100.0,100.0
562.65805,mrx(A),phosphorylated macrolide efflux MFS transporter Mrx(A),AMR,AMR,MACROLIDE,AZITHROMYCIN/ERYTHROMYCIN/SPIRAMYCIN/TELITHROMYCIN,EXACTX,100.0,100.0
562.65805,emrE,multidrug efflux SMR transporter EmrE,STRESS,BIOCIDE,EFFLUX,EFFLUX,BLASTX,98.18,100.0
562.65805,ant(2'')-Ia,aminoglycoside nucleotidyltransferase ANT(2'')-Ia,AMR,AMR,AMINOGLYCOSIDE,GENTAMICIN/KANAMYCIN/TOBRAMYCIN,EXACTX,100.0,100.0
562.65805,aadA1,ANT(3'')-Ia family aminoglycoside nucleotidyltransferase AadA1,AMR,AMR,AMINOGLYCOSIDE,STREPTOMYCIN,EXACTX,100.0,100.0
562.65805,dfrA17,trimethoprim-resistant dihydrofolate reductase DfrA17,AMR,AMR,TRIMETHOPRIM,TRIMETHOPRIM,EXACTX,100.0,100.0
562.65805,aadA5,ANT(3'')-Ia family aminoglycoside nucleotidyltransferase AadA5,AMR,AMR,AMINOGLYCOSIDE,STREPTOMYCIN,EXACTX,100.0,100.0
562.65805,sul1,sulfonamide-resistant dihydropteroate synthase Sul1,AMR,AMR,SULFONAMIDE,SULFONAMIDE,EXACTX,100.0,100.0
562.65805,qacEdelta1,quaternary ammonium compound efflux SMR transporter QacE delta 1,STRESS,BIOCIDE,QUATERNARY AMMONIUM,QUATERNARY AMMONIUM,ALLELEX,100.0,100.0
562.65805,catA1,type A-1 chloramphenicol O-acetyltransferase,AMR,AMR,PHENICOL,CHLORAMPHENICOL,BLASTX,100.0,95.89
562.65806,blaEC,BlaEC family class C beta-lactamase,AMR,AMR,BETA-LACTAM,BETA-LACTAM,BLASTX,98.41,100.0
562.65806,mdtM,multidrug efflux MFS transporter MdtM,AMR,AMR,EFFLUX,EFFLUX,BLASTX,97.8,100.0
562.65806,espX1,type III secretion system effector EspX1,VIRULENCE,VIRULENCE,nan,nan,PARTIALX,89.66,75.69
562.65806,dfrA36,trimethoprim-resistant dihydrofolate reductase DfrA36,AMR,AMR,TRIMETHOPRIM,TRIMETHOPRIM,EXACTX,100.0,100.0
562.65806,sul2,sulfonamide-resistant dihydropteroate synthase Sul2,AMR,AMR,SULFONAMIDE,SULFONAMIDE,EXACTX,100.0,100.0
562.65806,parC_S80I,Escherichia quinolone resistant ParC,AMR,POINT,QUINOLONE,QUINOLONE,POINTX,99.87,100.0
562.65806,parE_S458A,Escherichia quinolone resistant ParE,AMR,POINT,QUINOLONE,QUINOLONE,POINTX,99.68,100.0
562.65806,gyrA_D87N,Escherichia quinolone resistant GyrA,AMR,POINT,QUINOLONE,QUINOLONE,POINTX,98.97,99.66
562.65806,gyrA_S83L,Escherichia quinolone resistant GyrA,AMR,POINT,QUINOLONE,QUINOLONE,POINTX,98.97,99.66
562.65806,silE,silver-binding protein SilE,STRESS,METAL,SILVER,SILVER,EXACTX,100.0,100.0
562.65806,silS,copper/silver sensor histidine kinase SilS,STRESS,METAL,COPPER/SILVER,COPPER/SILVER,BLASTX,98.37,100.0
562.65806,silR,copper/silver response regulator transcription factor SilR,STRESS,METAL,COPPER/SILVER,COPPER/SILVER,BLASTX,97.79,100.0
562.65806,silC,Cu(+)/Ag(+) efflux RND transporter outer membrane channel SilC,STRESS,METAL,COPPER/SILVER,COPPER/SILVER,BLASTX,98.05,100.0
562.65806,silF,Cu(+)/Ag(+) efflux RND transporter periplasmic metallochaperone SilF,STRESS,METAL,COPPER/SILVER,COPPER/SILVER,BLASTX,97.44,100.0
562.65806,silB,Cu(+)/Ag(+) efflux RND transporter periplasmic adaptor subunit SilB,STRESS,METAL,COPPER/SILVER,COPPER/SILVER,BLASTX,96.28,100.0
562.65806,silA,Cu(+)/Ag(+) efflux RND transporter permease subunit SilA,STRESS,METAL,COPPER/SILVER,COPPER/SILVER,BLASTX,98.66,100.0
562.65806,silP,Ag(+)-translocating P-type ATPase SilP,STRESS,METAL,SILVER,SILVER,BLASTX,95.14,99.64
562.65806,pcoA,multicopper oxidase PcoA,STRESS,METAL,COPPER,COPPER,BLASTX,99.5,100.0
562.65806,pcoB,copper-binding protein PcoB,STRESS,METAL,COPPER,COPPER,EXACTX,100.0,100.0
562.65806,pcoC,copper resistance system metallochaperone PcoC,STRESS,METAL,COPPER,COPPER,EXACTX,100.0,100.0
562.65806,pcoD,copper resistance inner membrane protein PcoD,STRESS,METAL,COPPER,COPPER,EXACTX,100.0,100.0
562.65806,pcoR,copper response regulator transcription factor PcoR,STRESS,METAL,COPPER,COPPER,EXACTX,100.0,100.0
562.65806,pcoS,copper resistance membrane spanning protein PcoS,STRESS,METAL,COPPER,COPPER,BLASTX,99.57,100.0
562.65806,pcoE,copper resistance system metallochaperone PcoE,STRESS,METAL,COPPER,COPPER,BLASTX,92.36,100.0
562.65806,lpfA-O113,long polar fimbria major subunit LpfA-O113,VIRULENCE,VIRULENCE,nan,nan,EXACTX,100.0,100.0
562.65806,acrF,multidrug efflux RND transporter permease subunit AcrF,AMR,AMR,EFFLUX,EFFLUX,BLASTX,99.61,100.0
562.65806,fdeC,inverse autotransporter adhesin FdeC,VIRULENCE,VIRULENCE,nan,nan,BLASTX,94.21,100.0
562.65806,ariR,biofilm/acid-resistance regulator AriR,STRESS,ACID,nan,nan,EXACTX,100.0,100.0
562.65806,blaCTX-M-15,extended-spectrum class A beta-lactamase CTX-M-15,AMR,AMR,BETA-LACTAM,CEPHALOSPORIN,ALLELEX,100.0,100.0
562.65806,iucA,aerobactin synthase IucA,VIRULENCE,VIRULENCE,nan,nan,BLASTX,95.31,100.0
562.65806,iucB,N(6)-hydroxylysine O-acetyltransferase IucB,VIRULENCE,VIRULENCE,nan,nan,BLASTX,96.19,100.0
562.65806,iucC,NIS family aerobactin synthetase IucC,VIRULENCE,VIRULENCE,nan,nan,BLASTX,97.59,100.0
562.65806,iucD,NADPH-dependent L-lysine N(6)-monooxygenase IucD,VIRULENCE,VIRULENCE,nan,nan,BLASTX,97.65,95.51
562.65806,iutA,ferric aerobactin receptor IutA,VIRULENCE,VIRULENCE,nan,nan,BLASTX,89.85,99.73
562.65806,tet(A),tetracycline efflux MFS transporter Tet(A),AMR,AMR,TETRACYCLINE,TETRACYCLINE,EXACTX,100.0,100.0
562.65806,mrx(A),phosphorylated macrolide efflux MFS transporter Mrx(A),AMR,AMR,MACROLIDE,AZITHROMYCIN/ERYTHROMYCIN/SPIRAMYCIN/TELITHROMYCIN,EXACTX,100.0,100.0
562.65806,mph(A),Mph(A) family macrolide 2'-phosphotransferase,AMR,AMR,MACROLIDE,AZITHROMYCIN/ERYTHROMYCIN/SPIRAMYCIN/TELITHROMYCIN,EXACTX,100.0,100.0
562.65806,emrE,multidrug efflux SMR transporter EmrE,STRESS,BIOCIDE,EFFLUX,EFFLUX,BLASTX,98.18,100.0
562.65806,ant(2'')-Ia,aminoglycoside nucleotidyltransferase ANT(2'')-Ia,AMR,AMR,AMINOGLYCOSIDE,GENTAMICIN/KANAMYCIN/TOBRAMYCIN,EXACTX,100.0,100.0
562.65806,aadA1,ANT(3'')-Ia family aminoglycoside nucleotidyltransferase AadA1,AMR,AMR,AMINOGLYCOSIDE,STREPTOMYCIN,EXACTX,100.0,100.0
562.65806,floR,chloramphenicol/florfenicol efflux MFS transporter FloR,AMR,AMR,PHENICOL,CHLORAMPHENICOL/FLORFENICOL,BLASTX,99.75,100.0
562.65806,aadA5,ANT(3'')-Ia family aminoglycoside nucleotidyltransferase AadA5,AMR,AMR,AMINOGLYCOSIDE,STREPTOMYCIN,EXACTX,100.0,100.0
562.65806,dfrA17,trimethoprim-resistant dihydrofolate reductase DfrA17,AMR,AMR,TRIMETHOPRIM,TRIMETHOPRIM,EXACTX,100.0,100.0
562.65806,sul1,sulfonamide-resistant dihydropteroate synthase Sul1,AMR,AMR,SULFONAMIDE,SULFONAMIDE,EXACTX,100.0,100.0
562.65806,qacEdelta1,quaternary ammonium compound efflux SMR transporter QacE delta 1,STRESS,BIOCIDE,QUATERNARY AMMONIUM,QUATERNARY AMMONIUM,ALLELEX,100.0,100.0
562.65807,blaEC,BlaEC family class C beta-lactamase,AMR,AMR,BETA-LACTAM,BETA-LACTAM,BLASTX,98.41,100.0
562.65807,ariR,biofilm/acid-resistance regulator AriR,STRESS,ACID,nan,nan,EXACTX,100.0,100.0
562.65807,espX1,type III secretion system effector EspX1,VIRULENCE,VIRULENCE,nan,nan,PARTIALX,89.66,75.69
562.65807,mdtM,multidrug efflux MFS transporter MdtM,AMR,AMR,EFFLUX,EFFLUX,BLASTX,97.8,100.0
562.65807,pcoE,copper resistance system metallochaperone PcoE,STRESS,METAL,COPPER,COPPER,BLASTX,92.36,100.0
562.65807,pcoS,copper resistance membrane spanning protein PcoS,STRESS,METAL,COPPER,COPPER,BLASTX,99.57,100.0
562.65807,pcoR,copper response regulator transcription factor PcoR,STRESS,METAL,COPPER,COPPER,EXACTX,100.0,100.0
562.65807,pcoD,copper resistance inner membrane protein PcoD,STRESS,METAL,COPPER,COPPER,EXACTX,100.0,100.0
562.65807,pcoC,copper resistance system metallochaperone PcoC,STRESS,METAL,COPPER,COPPER,EXACTX,100.0,100.0
562.65807,pcoB,copper-binding protein PcoB,STRESS,METAL,COPPER,COPPER,EXACTX,100.0,100.0
562.65807,pcoA,multicopper oxidase PcoA,STRESS,METAL,COPPER,COPPER,BLASTX,99.5,100.0
562.65807,silP,Ag(+)-translocating P-type ATPase SilP,STRESS,METAL,SILVER,SILVER,BLASTX,95.14,99.64
562.65807,silA,Cu(+)/Ag(+) efflux RND transporter permease subunit SilA,STRESS,METAL,COPPER/SILVER,COPPER/SILVER,BLASTX,98.66,100.0
562.65807,silB,Cu(+)/Ag(+) efflux RND transporter periplasmic adaptor subunit SilB,STRESS,METAL,COPPER/SILVER,COPPER/SILVER,BLASTX,96.28,100.0
562.65807,silF,Cu(+)/Ag(+) efflux RND transporter periplasmic metallochaperone SilF,STRESS,METAL,COPPER/SILVER,COPPER/SILVER,BLASTX,97.44,100.0
562.65807,silC,Cu(+)/Ag(+) efflux RND transporter outer membrane channel SilC,STRESS,METAL,COPPER/SILVER,COPPER/SILVER,BLASTX,98.05,100.0
562.65807,silR,copper/silver response regulator transcription factor SilR,STRESS,METAL,COPPER/SILVER,COPPER/SILVER,BLASTX,97.79,100.0
562.65807,silS,copper/silver sensor histidine kinase SilS,STRESS,METAL,COPPER/SILVER,COPPER/SILVER,BLASTX,98.37,100.0
562.65807,silE,silver-binding protein SilE,STRESS,METAL,SILVER,SILVER,EXACTX,100.0,100.0
562.65807,parE_S458A,Escherichia quinolone resistant ParE,AMR,POINT,QUINOLONE,QUINOLONE,POINTX,99.68,100.0
562.65807,parC_S80I,Escherichia quinolone resistant ParC,AMR,POINT,QUINOLONE,QUINOLONE,POINTX,99.87,100.0
562.65807,sul2,sulfonamide-resistant dihydropteroate synthase Sul2,AMR,AMR,SULFONAMIDE,SULFONAMIDE,EXACTX,100.0,100.0
562.65807,dfrA36,trimethoprim-resistant dihydrofolate reductase DfrA36,AMR,AMR,TRIMETHOPRIM,TRIMETHOPRIM,EXACTX,100.0,100.0
562.65807,lpfA-O113,long polar fimbria major subunit LpfA-O113,VIRULENCE,VIRULENCE,nan,nan,EXACTX,100.0,100.0
562.65807,acrF,multidrug efflux RND transporter permease subunit AcrF,AMR,AMR,EFFLUX,EFFLUX,BLASTX,99.61,100.0
562.65807,fdeC,inverse autotransporter adhesin FdeC,VIRULENCE,VIRULENCE,nan,nan,BLASTX,94.21,100.0
562.65807,gyrA_D87N,Escherichia quinolone resistant GyrA,AMR,POINT,QUINOLONE,QUINOLONE,POINTX,98.97,99.66
562.65807,gyrA_S83L,Escherichia quinolone resistant GyrA,AMR,POINT,QUINOLONE,QUINOLONE,POINTX,98.97,99.66
562.65807,blaCTX-M-15,extended-spectrum class A beta-lactamase CTX-M-15,AMR,AMR,BETA-LACTAM,CEPHALOSPORIN,ALLELEX,100.0,100.0
562.65807,iucA,aerobactin synthase IucA,VIRULENCE,VIRULENCE,nan,nan,BLASTX,95.14,100.0
562.65807,iucB,N(6)-hydroxylysine O-acetyltransferase IucB,VIRULENCE,VIRULENCE,nan,nan,BLASTX,96.19,100.0
562.65807,iucC,NIS family aerobactin synthetase IucC,VIRULENCE,VIRULENCE,nan,nan,BLASTX,97.59,100.0
562.65807,iucD,NADPH-dependent L-lysine N(6)-monooxygenase IucD,VIRULENCE,VIRULENCE,nan,nan,BLASTX,97.65,95.51
562.65807,iutA,ferric aerobactin receptor IutA,VIRULENCE,VIRULENCE,nan,nan,BLASTX,89.85,99.73
562.65807,sul1,sulfonamide-resistant dihydropteroate synthase Sul1,AMR,AMR,SULFONAMIDE,SULFONAMIDE,EXACTX,100.0,100.0
562.65807,qacEdelta1,quaternary ammonium compound efflux SMR transporter QacE delta 1,STRESS,BIOCIDE,QUATERNARY AMMONIUM,QUATERNARY AMMONIUM,ALLELEX,100.0,100.0
562.65807,aadA1,ANT(3'')-Ia family aminoglycoside nucleotidyltransferase AadA1,AMR,AMR,AMINOGLYCOSIDE,STREPTOMYCIN,EXACTX,100.0,100.0
562.65807,ant(2'')-Ia,aminoglycoside nucleotidyltransferase ANT(2'')-Ia,AMR,AMR,AMINOGLYCOSIDE,GENTAMICIN/KANAMYCIN/TOBRAMYCIN,EXACTX,100.0,100.0
562.65807,emrE,multidrug efflux SMR transporter EmrE,STRESS,BIOCIDE,EFFLUX,EFFLUX,BLASTX,98.18,100.0
562.65807,floR,chloramphenicol/florfenicol efflux MFS transporter FloR,AMR,AMR,PHENICOL,CHLORAMPHENICOL/FLORFENICOL,BLASTX,99.75,100.0
562.65808,ariR,biofilm/acid-resistance regulator AriR,STRESS,ACID,nan,nan,EXACTX,100.0,100.0
562.65808,blaEC,BlaEC family class C beta-lactamase,AMR,AMR,BETA-LACTAM,BETA-LACTAM,BLASTX,98.41,100.0
562.65808,mdtM,multidrug efflux MFS transporter MdtM,AMR,AMR,EFFLUX,EFFLUX,BLASTX,97.8,100.0
562.65808,espX1,type III secretion system effector EspX1,VIRULENCE,VIRULENCE,nan,nan,PARTIALX,89.66,75.69
562.65808,gyrA_D87N,Escherichia quinolone resistant GyrA,AMR,POINT,QUINOLONE,QUINOLONE,POINTX,98.97,99.66
562.65808,gyrA_S83L,Escherichia quinolone resistant GyrA,AMR,POINT,QUINOLONE,QUINOLONE,POINTX,98.97,99.66
562.65808,pcoE,copper resistance system metallochaperone PcoE,STRESS,METAL,COPPER,COPPER,BLASTX,92.36,100.0
562.65808,pcoS,copper resistance membrane spanning protein PcoS,STRESS,METAL,COPPER,COPPER,BLASTX,99.57,100.0
562.65808,pcoR,copper response regulator transcription factor PcoR,STRESS,METAL,COPPER,COPPER,EXACTX,100.0,100.0
562.65808,pcoD,copper resistance inner membrane protein PcoD,STRESS,METAL,COPPER,COPPER,EXACTX,100.0,100.0
562.65808,pcoC,copper resistance system metallochaperone PcoC,STRESS,METAL,COPPER,COPPER,EXACTX,100.0,100.0
562.65808,pcoB,copper-binding protein PcoB,STRESS,METAL,COPPER,COPPER,EXACTX,100.0,100.0
562.65808,pcoA,multicopper oxidase PcoA,STRESS,METAL,COPPER,COPPER,BLASTX,99.5,100.0
562.65808,silP,Ag(+)-translocating P-type ATPase SilP,STRESS,METAL,SILVER,SILVER,BLASTX,95.14,99.64
562.65808,silA,Cu(+)/Ag(+) efflux RND transporter permease subunit SilA,STRESS,METAL,COPPER/SILVER,COPPER/SILVER,BLASTX,98.66,100.0
562.65808,silB,Cu(+)/Ag(+) efflux RND transporter periplasmic adaptor subunit SilB,STRESS,METAL,COPPER/SILVER,COPPER/SILVER,BLASTX,96.28,100.0
562.65808,silF,Cu(+)/Ag(+) efflux RND transporter periplasmic metallochaperone SilF,STRESS,METAL,COPPER/SILVER,COPPER/SILVER,BLASTX,97.44,100.0
562.65808,silC,Cu(+)/Ag(+) efflux RND transporter outer membrane channel SilC,STRESS,METAL,COPPER/SILVER,COPPER/SILVER,BLASTX,98.05,100.0
562.65808,silR,copper/silver response regulator transcription factor SilR,STRESS,METAL,COPPER/SILVER,COPPER/SILVER,BLASTX,97.79,100.0
562.65808,silS,copper/silver sensor histidine kinase SilS,STRESS,METAL,COPPER/SILVER,COPPER/SILVER,BLASTX,98.37,100.0
562.65808,silE,silver-binding protein SilE,STRESS,METAL,SILVER,SILVER,EXACTX,100.0,100.0
562.65808,lpfA-O113,long polar fimbria major subunit LpfA-O113,VIRULENCE,VIRULENCE,nan,nan,EXACTX,100.0,100.0
562.65808,dfrA36,trimethoprim-resistant dihydrofolate reductase DfrA36,AMR,AMR,TRIMETHOPRIM,TRIMETHOPRIM,EXACTX,100.0,100.0
562.65808,sul2,sulfonamide-resistant dihydropteroate synthase Sul2,AMR,AMR,SULFONAMIDE,SULFONAMIDE,EXACTX,100.0,100.0
562.65808,parC_S80I,Escherichia quinolone resistant ParC,AMR,POINT,QUINOLONE,QUINOLONE,POINTX,99.87,100.0
562.65808,parE_S458A,Escherichia quinolone resistant ParE,AMR,POINT,QUINOLONE,QUINOLONE,POINTX,99.68,100.0
562.65808,acrF,multidrug efflux RND transporter permease subunit AcrF,AMR,AMR,EFFLUX,EFFLUX,BLASTX,99.61,100.0
562.65808,fdeC,inverse autotransporter adhesin FdeC,VIRULENCE,VIRULENCE,nan,nan,BLASTX,94.21,100.0
562.65808,blaCTX-M-15,extended-spectrum class A beta-lactamase CTX-M-15,AMR,AMR,BETA-LACTAM,CEPHALOSPORIN,ALLELEX,100.0,100.0
562.65808,ant(2'')-Ia,aminoglycoside nucleotidyltransferase ANT(2'')-Ia,AMR,AMR,AMINOGLYCOSIDE,GENTAMICIN/KANAMYCIN/TOBRAMYCIN,EXACTX,100.0,100.0
562.65808,aadA1,ANT(3'')-Ia family aminoglycoside nucleotidyltransferase AadA1,AMR,AMR,AMINOGLYCOSIDE,STREPTOMYCIN,EXACTX,100.0,100.0
562.65808,qacEdelta1,quaternary ammonium compound efflux SMR transporter QacE delta 1,STRESS,BIOCIDE,QUATERNARY AMMONIUM,QUATERNARY AMMONIUM,ALLELEX,100.0,100.0
562.65808,sul1,sulfonamide-resistant dihydropteroate synthase Sul1,AMR,AMR,SULFONAMIDE,SULFONAMIDE,EXACTX,100.0,100.0
562.65808,iutA,ferric aerobactin receptor IutA,VIRULENCE,VIRULENCE,nan,nan,PARTIAL_CONTIG_ENDX,90.98,54.58
562.65808,iucD,NADPH-dependent L-lysine N(6)-monooxygenase IucD,VIRULENCE,VIRULENCE,nan,nan,BLASTX,97.65,95.51
562.65808,iucC,NIS family aerobactin synthetase IucC,VIRULENCE,VIRULENCE,nan,nan,BLASTX,97.59,100.0
562.65808,iucB,N(6)-hydroxylysine O-acetyltransferase IucB,VIRULENCE,VIRULENCE,nan,nan,BLASTX,96.19,100.0
562.65808,iucA,aerobactin synthase IucA,VIRULENCE,VIRULENCE,nan,nan,BLASTX,95.14,100.0
562.65808,emrE,multidrug efflux SMR transporter EmrE,STRESS,BIOCIDE,EFFLUX,EFFLUX,BLASTX,98.18,100.0
562.65808,floR,chloramphenicol/florfenicol efflux MFS transporter FloR,AMR,AMR,PHENICOL,CHLORAMPHENICOL/FLORFENICOL,BLASTX,99.75,100.0
562.65809,espX1,type III secretion system effector EspX1,VIRULENCE,VIRULENCE,nan,nan,PARTIALX,89.66,75.69
562.65809,mdtM,multidrug efflux MFS transporter MdtM,AMR,AMR,EFFLUX,EFFLUX,BLASTX,97.8,100.0
562.65809,blaEC,BlaEC family class C beta-lactamase,AMR,AMR,BETA-LACTAM,BETA-LACTAM,BLASTX,98.41,100.0
562.65809,gyrA_D87N,Escherichia quinolone resistant GyrA,AMR,POINT,QUINOLONE,QUINOLONE,POINTX,98.97,99.66
562.65809,gyrA_S83L,Escherichia quinolone resistant GyrA,AMR,POINT,QUINOLONE,QUINOLONE,POINTX,98.97,99.66
562.65809,pcoE,copper resistance system metallochaperone PcoE,STRESS,METAL,COPPER,COPPER,BLASTX,92.36,100.0
562.65809,pcoS,copper resistance membrane spanning protein PcoS,STRESS,METAL,COPPER,COPPER,BLASTX,99.57,100.0
562.65809,pcoR,copper response regulator transcription factor PcoR,STRESS,METAL,COPPER,COPPER,EXACTX,100.0,100.0
562.65809,pcoD,copper resistance inner membrane protein PcoD,STRESS,METAL,COPPER,COPPER,EXACTX,100.0,100.0
562.65809,pcoC,copper resistance system metallochaperone PcoC,STRESS,METAL,COPPER,COPPER,EXACTX,100.0,100.0
562.65809,pcoB,copper-binding protein PcoB,STRESS,METAL,COPPER,COPPER,EXACTX,100.0,100.0
562.65809,pcoA,multicopper oxidase PcoA,STRESS,METAL,COPPER,COPPER,BLASTX,99.5,100.0
562.65809,silP,Ag(+)-translocating P-type ATPase SilP,STRESS,METAL,SILVER,SILVER,BLASTX,95.14,99.64
562.65809,silA,Cu(+)/Ag(+) efflux RND transporter permease subunit SilA,STRESS,METAL,COPPER/SILVER,COPPER/SILVER,BLASTX,98.66,100.0
562.65809,silB,Cu(+)/Ag(+) efflux RND transporter periplasmic adaptor subunit SilB,STRESS,METAL,COPPER/SILVER,COPPER/SILVER,BLASTX,96.28,100.0
562.65809,silF,Cu(+)/Ag(+) efflux RND transporter periplasmic metallochaperone SilF,STRESS,METAL,COPPER/SILVER,COPPER/SILVER,BLASTX,97.44,100.0
562.65809,silC,Cu(+)/Ag(+) efflux RND transporter outer membrane channel SilC,STRESS,METAL,COPPER/SILVER,COPPER/SILVER,BLASTX,98.05,100.0
562.65809,silR,copper/silver response regulator transcription factor SilR,STRESS,METAL,COPPER/SILVER,COPPER/SILVER,BLASTX,97.79,100.0
562.65809,silS,copper/silver sensor histidine kinase SilS,STRESS,METAL,COPPER/SILVER,COPPER/SILVER,BLASTX,98.37,100.0
562.65809,silE,silver-binding protein SilE,STRESS,METAL,SILVER,SILVER,EXACTX,100.0,100.0
562.65809,parE_S458A,Escherichia quinolone resistant ParE,AMR,POINT,QUINOLONE,QUINOLONE,POINTX,99.68,100.0
562.65809,parC_S80I,Escherichia quinolone resistant ParC,AMR,POINT,QUINOLONE,QUINOLONE,POINTX,99.87,100.0
562.65809,sul2,sulfonamide-resistant dihydropteroate synthase Sul2,AMR,AMR,SULFONAMIDE,SULFONAMIDE,EXACTX,100.0,100.0
562.65809,dfrA36,trimethoprim-resistant dihydrofolate reductase DfrA36,AMR,AMR,TRIMETHOPRIM,TRIMETHOPRIM,EXACTX,100.0,100.0
562.65809,lpfA-O113,long polar fimbria major subunit LpfA-O113,VIRULENCE,VIRULENCE,nan,nan,EXACTX,100.0,100.0
562.65809,ariR,biofilm/acid-resistance regulator AriR,STRESS,ACID,nan,nan,EXACTX,100.0,100.0
562.65809,acrF,multidrug efflux RND transporter permease subunit AcrF,AMR,AMR,EFFLUX,EFFLUX,BLASTX,99.61,100.0
562.65809,fdeC,inverse autotransporter adhesin FdeC,VIRULENCE,VIRULENCE,nan,nan,BLASTX,94.21,100.0
562.65809,blaCTX-M-15,extended-spectrum class A beta-lactamase CTX-M-15,AMR,AMR,BETA-LACTAM,CEPHALOSPORIN,ALLELEX,100.0,100.0
562.65809,iucA,aerobactin synthase IucA,VIRULENCE,VIRULENCE,nan,nan,BLASTX,95.31,100.0
562.65809,iucB,N(6)-hydroxylysine O-acetyltransferase IucB,VIRULENCE,VIRULENCE,nan,nan,BLASTX,96.19,100.0
562.65809,iucC,NIS family aerobactin synthetase IucC,VIRULENCE,VIRULENCE,nan,nan,BLASTX,97.59,100.0
562.65809,iucD,NADPH-dependent L-lysine N(6)-monooxygenase IucD,VIRULENCE,VIRULENCE,nan,nan,BLASTX,97.65,95.51
562.65809,iutA,ferric aerobactin receptor IutA,VIRULENCE,VIRULENCE,nan,nan,BLASTX,89.85,99.73
562.65809,tet(A),tetracycline efflux MFS transporter Tet(A),AMR,AMR,TETRACYCLINE,TETRACYCLINE,EXACTX,100.0,100.0
562.65809,ant(2'')-Ia,aminoglycoside nucleotidyltransferase ANT(2'')-Ia,AMR,AMR,AMINOGLYCOSIDE,GENTAMICIN/KANAMYCIN/TOBRAMYCIN,EXACTX,100.0,100.0
562.65809,aadA1,ANT(3'')-Ia family aminoglycoside nucleotidyltransferase AadA1,AMR,AMR,AMINOGLYCOSIDE,STREPTOMYCIN,EXACTX,100.0,100.0
562.65809,mrx(A),phosphorylated macrolide efflux MFS transporter Mrx(A),AMR,AMR,MACROLIDE,AZITHROMYCIN/ERYTHROMYCIN/SPIRAMYCIN/TELITHROMYCIN,EXACTX,100.0,100.0
562.65809,mph(A),Mph(A) family macrolide 2'-phosphotransferase,AMR,AMR,MACROLIDE,AZITHROMYCIN/ERYTHROMYCIN/SPIRAMYCIN/TELITHROMYCIN,EXACTX,100.0,100.0
562.65809,emrE,multidrug efflux SMR transporter EmrE,STRESS,BIOCIDE,EFFLUX,EFFLUX,BLASTX,98.18,100.0
562.65809,floR,chloramphenicol/florfenicol efflux MFS transporter FloR,AMR,AMR,PHENICOL,CHLORAMPHENICOL/FLORFENICOL,BLASTX,99.75,100.0
562.65809,aadA5,ANT(3'')-Ia family aminoglycoside nucleotidyltransferase AadA5,AMR,AMR,AMINOGLYCOSIDE,STREPTOMYCIN,EXACTX,100.0,100.0
562.65809,dfrA17,trimethoprim-resistant dihydrofolate reductase DfrA17,AMR,AMR,TRIMETHOPRIM,TRIMETHOPRIM,EXACTX,100.0,100.0
562.65809,qacEdelta1,quaternary ammonium compound efflux SMR transporter QacE delta 1,STRESS,BIOCIDE,QUATERNARY AMMONIUM,QUATERNARY AMMONIUM,ALLELEX,100.0,100.0
562.65809,sul1,sulfonamide-resistant dihydropteroate synthase Sul1,AMR,AMR,SULFONAMIDE,SULFONAMIDE,EXACTX,100.0,100.0
562.65811,gyrA_D87N,Escherichia quinolone resistant GyrA,AMR,POINT,QUINOLONE,QUINOLONE,POINTX,98.97,99.66
562.65811,gyrA_S83L,Escherichia quinolone resistant GyrA,AMR,POINT,QUINOLONE,QUINOLONE,POINTX,98.97,99.66
562.65811,ariR,biofilm/acid-resistance regulator AriR,STRESS,ACID,nan,nan,EXACTX,100.0,100.0
562.65811,blaEC,BlaEC family class C beta-lactamase,AMR,AMR,BETA-LACTAM,BETA-LACTAM,BLASTX,98.41,100.0
562.65811,espX1,type III secretion system effector EspX1,VIRULENCE,VIRULENCE,nan,nan,PARTIALX,89.66,75.69
562.65811,silE,silver-binding protein SilE,STRESS,METAL,SILVER,SILVER,EXACTX,100.0,100.0
562.65811,silS,copper/silver sensor histidine kinase SilS,STRESS,METAL,COPPER/SILVER,COPPER/SILVER,BLASTX,98.37,100.0
562.65811,silR,copper/silver response regulator transcription factor SilR,STRESS,METAL,COPPER/SILVER,COPPER/SILVER,BLASTX,97.79,100.0
562.65811,silC,Cu(+)/Ag(+) efflux RND transporter outer membrane channel SilC,STRESS,METAL,COPPER/SILVER,COPPER/SILVER,BLASTX,98.05,100.0
562.65811,silF,Cu(+)/Ag(+) efflux RND transporter periplasmic metallochaperone SilF,STRESS,METAL,COPPER/SILVER,COPPER/SILVER,BLASTX,97.44,100.0
562.65811,silB,Cu(+)/Ag(+) efflux RND transporter periplasmic adaptor subunit SilB,STRESS,METAL,COPPER/SILVER,COPPER/SILVER,BLASTX,96.28,100.0
562.65811,silA,Cu(+)/Ag(+) efflux RND transporter permease subunit SilA,STRESS,METAL,COPPER/SILVER,COPPER/SILVER,BLASTX,98.66,100.0
562.65811,silP,Ag(+)-translocating P-type ATPase SilP,STRESS,METAL,SILVER,SILVER,BLASTX,95.14,99.64
562.65811,pcoA,multicopper oxidase PcoA,STRESS,METAL,COPPER,COPPER,BLASTX,99.5,100.0
562.65811,pcoB,copper-binding protein PcoB,STRESS,METAL,COPPER,COPPER,EXACTX,100.0,100.0
562.65811,pcoC,copper resistance system metallochaperone PcoC,STRESS,METAL,COPPER,COPPER,EXACTX,100.0,100.0
562.65811,pcoD,copper resistance inner membrane protein PcoD,STRESS,METAL,COPPER,COPPER,EXACTX,100.0,100.0
562.65811,pcoR,copper response regulator transcription factor PcoR,STRESS,METAL,COPPER,COPPER,EXACTX,100.0,100.0
562.65811,pcoS,copper resistance membrane spanning protein PcoS,STRESS,METAL,COPPER,COPPER,BLASTX,99.57,100.0
562.65811,pcoE,copper resistance system metallochaperone PcoE,STRESS,METAL,COPPER,COPPER,BLASTX,92.36,100.0
562.65811,parE_S458A,Escherichia quinolone resistant ParE,AMR,POINT,QUINOLONE,QUINOLONE,POINTX,99.68,100.0
562.65811,parC_S80I,Escherichia quinolone resistant ParC,AMR,POINT,QUINOLONE,QUINOLONE,POINTX,99.87,100.0
562.65811,acrF,multidrug efflux RND transporter permease subunit AcrF,AMR,AMR,EFFLUX,EFFLUX,BLASTX,99.61,100.0
562.65811,fdeC,inverse autotransporter adhesin FdeC,VIRULENCE,VIRULENCE,nan,nan,BLASTX,94.21,100.0
562.65811,lpfA-O113,long polar fimbria major subunit LpfA-O113,VIRULENCE,VIRULENCE,nan,nan,EXACTX,100.0,100.0
562.65811,ybtP,yersiniabactin ABC transporter ATP-binding/permease protein YbtP,VIRULENCE,VIRULENCE,nan,nan,BLASTX,99.5,100.0
562.65811,ybtQ,yersiniabactin ABC transporter ATP-binding/permease protein YbtQ,VIRULENCE,VIRULENCE,nan,nan,BLASTX,99.5,100.0
562.65811,bfpA,type IV pilus major subunit protein BfpA,VIRULENCE,VIRULENCE,nan,nan,BLASTX,97.3,100.0
562.65811,emrE,multidrug efflux SMR transporter EmrE,STRESS,BIOCIDE,EFFLUX,EFFLUX,INTERNAL_STOP,96.36,100.0
562.65811,mdtM,multidrug efflux MFS transporter MdtM,AMR,AMR,EFFLUX,EFFLUX,BLASTX,97.8,100.0
562.65811,iutA,ferric aerobactin receptor IutA,VIRULENCE,VIRULENCE,nan,nan,BLASTX,89.85,99.73
562.65811,iucD,NADPH-dependent L-lysine N(6)-monooxygenase IucD,VIRULENCE,VIRULENCE,nan,nan,BLASTX,97.65,95.51
562.65811,iucC,NIS family aerobactin synthetase IucC,VIRULENCE,VIRULENCE,nan,nan,BLASTX,97.59,100.0
562.65811,iucB,N(6)-hydroxylysine O-acetyltransferase IucB,VIRULENCE,VIRULENCE,nan,nan,BLASTX,96.19,100.0
562.65811,iucA,aerobactin synthase IucA,VIRULENCE,VIRULENCE,nan,nan,BLASTX,95.31,100.0
562.65811,tet(B),tetracycline efflux MFS transporter Tet(B),AMR,AMR,TETRACYCLINE,TETRACYCLINE,EXACTX,100.0,100.0
562.65811,blaCTX-M-15,extended-spectrum class A beta-lactamase CTX-M-15,AMR,AMR,BETA-LACTAM,CEPHALOSPORIN,ALLELEX,100.0,100.0
562.65811,dfrA17,trimethoprim-resistant dihydrofolate reductase DfrA17,AMR,AMR,TRIMETHOPRIM,TRIMETHOPRIM,EXACTX,100.0,100.0
562.65811,aadA5,ANT(3'')-Ia family aminoglycoside nucleotidyltransferase AadA5,AMR,AMR,AMINOGLYCOSIDE,STREPTOMYCIN,EXACTX,100.0,100.0
562.65811,qacEdelta1,quaternary ammonium compound efflux SMR transporter QacE delta 1,STRESS,BIOCIDE,QUATERNARY AMMONIUM,QUATERNARY AMMONIUM,ALLELEX,100.0,100.0
562.65811,sul1,sulfonamide-resistant dihydropteroate synthase Sul1,AMR,AMR,SULFONAMIDE,SULFONAMIDE,EXACTX,100.0,100.0
562.65811,mph(A),Mph(A) family macrolide 2'-phosphotransferase,AMR,AMR,MACROLIDE,AZITHROMYCIN/ERYTHROMYCIN/SPIRAMYCIN/TELITHROMYCIN,EXACTX,100.0,100.0
562.65811,mrx(A),phosphorylated macrolide efflux MFS transporter Mrx(A),AMR,AMR,MACROLIDE,AZITHROMYCIN/ERYTHROMYCIN/SPIRAMYCIN/TELITHROMYCIN,EXACTX,100.0,100.0
562.65811,aac(3)-IIe,aminoglycoside N-acetyltransferase AAC(3)-IIe,AMR,AMR,AMINOGLYCOSIDE,GENTAMICIN,EXACTX,100.0,100.0
562.65811,catB3,type B-3 chloramphenicol O-acetyltransferase CatB3,AMR,AMR,PHENICOL,CHLORAMPHENICOL,PARTIAL_CONTIG_ENDX,100.0,70.0
562.65811,blaOXA-1,oxacillin-hydrolyzing class D beta-lactamase OXA-1,AMR,AMR,BETA-LACTAM,CEPHALOSPORIN,ALLELEX,100.0,100.0
562.65811,aac(6')-Ib-cr5,fluoroquinolone-acetylating aminoglycoside 6'-N-acetyltransferase AAC(6')-Ib-cr5,AMR,AMR,AMINOGLYCOSIDE/QUINOLONE,AMIKACIN/KANAMYCIN/QUINOLONE/TOBRAMYCIN,ALLELEX,100.0,100.0
562.65812,ariR,biofilm/acid-resistance regulator AriR,STRESS,ACID,nan,nan,EXACTX,100.0,100.0
562.65812,espX1,type III secretion system effector EspX1,VIRULENCE,VIRULENCE,nan,nan,PARTIALX,89.66,75.69
562.65812,pcoE,copper resistance system metallochaperone PcoE,STRESS,METAL,COPPER,COPPER,BLASTX,92.36,100.0
562.65812,pcoS,copper resistance membrane spanning protein PcoS,STRESS,METAL,COPPER,COPPER,BLASTX,99.57,100.0
562.65812,pcoR,copper response regulator transcription factor PcoR,STRESS,METAL,COPPER,COPPER,EXACTX,100.0,100.0
562.65812,pcoD,copper resistance inner membrane protein PcoD,STRESS,METAL,COPPER,COPPER,EXACTX,100.0,100.0
562.65812,pcoC,copper resistance system metallochaperone PcoC,STRESS,METAL,COPPER,COPPER,EXACTX,100.0,100.0
562.65812,pcoB,copper-binding protein PcoB,STRESS,METAL,COPPER,COPPER,EXACTX,100.0,100.0
562.65812,pcoA,multicopper oxidase PcoA,STRESS,METAL,COPPER,COPPER,BLASTX,99.5,100.0
562.65812,silP,Ag(+)-translocating P-type ATPase SilP,STRESS,METAL,SILVER,SILVER,BLASTX,95.14,99.64
562.65812,silA,Cu(+)/Ag(+) efflux RND transporter permease subunit SilA,STRESS,METAL,COPPER/SILVER,COPPER/SILVER,BLASTX,98.66,100.0
562.65812,silB,Cu(+)/Ag(+) efflux RND transporter periplasmic adaptor subunit SilB,STRESS,METAL,COPPER/SILVER,COPPER/SILVER,BLASTX,96.28,100.0
562.65812,silF,Cu(+)/Ag(+) efflux RND transporter periplasmic metallochaperone SilF,STRESS,METAL,COPPER/SILVER,COPPER/SILVER,BLASTX,97.44,100.0
562.65812,silC,Cu(+)/Ag(+) efflux RND transporter outer membrane channel SilC,STRESS,METAL,COPPER/SILVER,COPPER/SILVER,BLASTX,98.05,100.0
562.65812,silR,copper/silver response regulator transcription factor SilR,STRESS,METAL,COPPER/SILVER,COPPER/SILVER,BLASTX,97.79,100.0
562.65812,silS,copper/silver sensor histidine kinase SilS,STRESS,METAL,COPPER/SILVER,COPPER/SILVER,BLASTX,98.37,100.0
562.65812,silE,silver-binding protein SilE,STRESS,METAL,SILVER,SILVER,EXACTX,100.0,100.0
562.65812,parE_S458A,Escherichia quinolone resistant ParE,AMR,POINT,QUINOLONE,QUINOLONE,POINTX,99.68,100.0
562.65812,parC_S80I,Escherichia quinolone resistant ParC,AMR,POINT,QUINOLONE,QUINOLONE,POINTX,99.87,100.0
562.65812,blaEC,BlaEC family class C beta-lactamase,AMR,AMR,BETA-LACTAM,BETA-LACTAM,BLASTX,98.41,100.0
562.65812,acrF,multidrug efflux RND transporter permease subunit AcrF,AMR,AMR,EFFLUX,EFFLUX,BLASTX,99.61,100.0
562.65812,lpfA-O113,long polar fimbria major subunit LpfA-O113,VIRULENCE,VIRULENCE,nan,nan,EXACTX,100.0,100.0
562.65812,fdeC,inverse autotransporter adhesin FdeC,VIRULENCE,VIRULENCE,nan,nan,BLASTX,94.21,100.0
562.65812,mdtM,multidrug efflux MFS transporter MdtM,AMR,AMR,EFFLUX,EFFLUX,BLASTX,97.8,100.0
562.65812,gyrA_D87N,Escherichia quinolone resistant GyrA,AMR,POINT,QUINOLONE,QUINOLONE,POINTX,98.97,99.66
562.65812,gyrA_S83L,Escherichia quinolone resistant GyrA,AMR,POINT,QUINOLONE,QUINOLONE,POINTX,98.97,99.66
562.65812,ybtP,yersiniabactin ABC transporter ATP-binding/permease protein YbtP,VIRULENCE,VIRULENCE,nan,nan,BLASTX,99.5,100.0
562.65812,ybtQ,yersiniabactin ABC transporter ATP-binding/permease protein YbtQ,VIRULENCE,VIRULENCE,nan,nan,BLASTX,99.5,100.0
562.65812,bfpA,type IV pilus major subunit protein BfpA,VIRULENCE,VIRULENCE,nan,nan,BLASTX,97.3,100.0
562.65812,emrE,multidrug efflux SMR transporter EmrE,STRESS,BIOCIDE,EFFLUX,EFFLUX,INTERNAL_STOP,96.36,100.0
562.65812,iutA,ferric aerobactin receptor IutA,VIRULENCE,VIRULENCE,nan,nan,BLASTX,89.85,99.73
562.65812,iucD,NADPH-dependent L-lysine N(6)-monooxygenase IucD,VIRULENCE,VIRULENCE,nan,nan,BLASTX,97.65,95.51
562.65812,iucC,NIS family aerobactin synthetase IucC,VIRULENCE,VIRULENCE,nan,nan,BLASTX,97.59,100.0
562.65812,iucB,N(6)-hydroxylysine O-acetyltransferase IucB,VIRULENCE,VIRULENCE,nan,nan,BLASTX,96.19,100.0
562.65812,iucA,aerobactin synthase IucA,VIRULENCE,VIRULENCE,nan,nan,BLASTX,95.31,100.0
562.65812,sul2,sulfonamide-resistant dihydropteroate synthase Sul2,AMR,AMR,SULFONAMIDE,SULFONAMIDE,EXACTX,100.0,100.0
562.65812,dfrA36,trimethoprim-resistant dihydrofolate reductase DfrA36,AMR,AMR,TRIMETHOPRIM,TRIMETHOPRIM,EXACTX,100.0,100.0
562.65812,tet(A),tetracycline efflux MFS transporter Tet(A),AMR,AMR,TETRACYCLINE,TETRACYCLINE,EXACTX,100.0,100.0
562.65812,aph(3'')-Ib,aminoglycoside O-phosphotransferase APH(3'')-Ib,AMR,AMR,AMINOGLYCOSIDE,STREPTOMYCIN,EXACTX,100.0,100.0
562.65812,aph(6)-Id,aminoglycoside O-phosphotransferase APH(6)-Id,AMR,AMR,AMINOGLYCOSIDE,STREPTOMYCIN,EXACTX,100.0,100.0
562.65812,aph(3')-Ia,aminoglycoside O-phosphotransferase APH(3')-Ia,AMR,AMR,AMINOGLYCOSIDE,KANAMYCIN,BLASTX,99.63,100.0
562.65812,floR,chloramphenicol/florfenicol efflux MFS transporter FloR,AMR,AMR,PHENICOL,CHLORAMPHENICOL/FLORFENICOL,EXACTX,100.0,100.0
562.65812,tet(B),tetracycline efflux MFS transporter Tet(B),AMR,AMR,TETRACYCLINE,TETRACYCLINE,EXACTX,100.0,100.0
562.65812,mph(A),Mph(A) family macrolide 2'-phosphotransferase,AMR,AMR,MACROLIDE,AZITHROMYCIN/ERYTHROMYCIN/SPIRAMYCIN/TELITHROMYCIN,EXACTX,100.0,100.0
562.65812,mrx(A),phosphorylated macrolide efflux MFS transporter Mrx(A),AMR,AMR,MACROLIDE,AZITHROMYCIN/ERYTHROMYCIN/SPIRAMYCIN/TELITHROMYCIN,EXACTX,100.0,100.0
562.65812,blaCTX-M-15,extended-spectrum class A beta-lactamase CTX-M-15,AMR,AMR,BETA-LACTAM,CEPHALOSPORIN,ALLELEX,100.0,100.0
562.65812,papE,P fimbrial minor subunit PapE,VIRULENCE,VIRULENCE,nan,nan,EXACTX,100.0,100.0
562.65812,papF,P fimbrial tip protein PapF,VIRULENCE,VIRULENCE,nan,nan,BLASTX,91.62,100.0
562.65812,papG-II,P fimbria tip G-adhesin PapG-II,VIRULENCE,VIRULENCE,nan,nan,BLASTX,98.81,100.0
562.65812,papC,P fimbrial usher protein PapC,VIRULENCE,VIRULENCE,nan,nan,BLASTX,96.22,94.26
562.65812,papH,P fimbrial minor subunit PapH,VIRULENCE,VIRULENCE,nan,nan,BLASTX,93.05,95.9
562.65812,aadA5,ANT(3'')-Ia family aminoglycoside nucleotidyltransferase AadA5,AMR,AMR,AMINOGLYCOSIDE,STREPTOMYCIN,EXACTX,100.0,100.0
562.65812,dfrA17,trimethoprim-resistant dihydrofolate reductase DfrA17,AMR,AMR,TRIMETHOPRIM,TRIMETHOPRIM,EXACTX,100.0,100.0
562.65812,qacEdelta1,quaternary ammonium compound efflux SMR transporter QacE delta 1,STRESS,BIOCIDE,QUATERNARY AMMONIUM,QUATERNARY AMMONIUM,ALLELEX,100.0,100.0
562.65812,sul1,sulfonamide-resistant dihydropteroate synthase Sul1,AMR,AMR,SULFONAMIDE,SULFONAMIDE,EXACTX,100.0,100.0
562.65812,blaOXA-1,oxacillin-hydrolyzing class D beta-lactamase OXA-1,AMR,AMR,BETA-LACTAM,CEPHALOSPORIN,ALLELEX,100.0,100.0
562.65812,ant(2'')-Ia,aminoglycoside nucleotidyltransferase ANT(2'')-Ia,AMR,AMR,AMINOGLYCOSIDE,GENTAMICIN/KANAMYCIN/TOBRAMYCIN,EXACTX,100.0,100.0
562.65812,aadA1,ANT(3'')-Ia family aminoglycoside nucleotidyltransferase AadA1,AMR,AMR,AMINOGLYCOSIDE,STREPTOMYCIN,PARTIAL_CONTIG_ENDX,100.0,89.73
562.65812,aac(6')-Ib-cr5,fluoroquinolone-acetylating aminoglycoside 6'-N-acetyltransferase AAC(6')-Ib-cr5,AMR,AMR,AMINOGLYCOSIDE/QUINOLONE,AMIKACIN/KANAMYCIN/QUINOLONE/TOBRAMYCIN,ALLELEX,100.0,100.0
562.65812,catB3,type B-3 chloramphenicol O-acetyltransferase CatB3,AMR,AMR,PHENICOL,CHLORAMPHENICOL,PARTIAL_CONTIG_ENDX,100.0,70.0
562.65813,ariR,biofilm/acid-resistance regulator AriR,STRESS,ACID,nan,nan,EXACTX,100.0,100.0
562.65813,mdtM,multidrug efflux MFS transporter MdtM,AMR,AMR,EFFLUX,EFFLUX,BLASTX,97.8,100.0
562.65813,espX1,type III secretion system effector EspX1,VIRULENCE,VIRULENCE,nan,nan,PARTIALX,89.66,75.69
562.65813,gyrA_D87N,Escherichia quinolone resistant GyrA,AMR,POINT,QUINOLONE,QUINOLONE,POINTX,98.97,99.66
562.65813,gyrA_S83L,Escherichia quinolone resistant GyrA,AMR,POINT,QUINOLONE,QUINOLONE,POINTX,98.97,99.66
562.65813,pcoE,copper resistance system metallochaperone PcoE,STRESS,METAL,COPPER,COPPER,BLASTX,92.36,100.0
562.65813,pcoS,copper resistance membrane spanning protein PcoS,STRESS,METAL,COPPER,COPPER,BLASTX,99.57,100.0
562.65813,pcoR,copper response regulator transcription factor PcoR,STRESS,METAL,COPPER,COPPER,EXACTX,100.0,100.0
562.65813,pcoD,copper resistance inner membrane protein PcoD,STRESS,METAL,COPPER,COPPER,EXACTX,100.0,100.0
562.65813,pcoC,copper resistance system metallochaperone PcoC,STRESS,METAL,COPPER,COPPER,EXACTX,100.0,100.0
562.65813,pcoB,copper-binding protein PcoB,STRESS,METAL,COPPER,COPPER,EXACTX,100.0,100.0
562.65813,pcoA,multicopper oxidase PcoA,STRESS,METAL,COPPER,COPPER,BLASTX,99.5,100.0
562.65813,silP,Ag(+)-translocating P-type ATPase SilP,STRESS,METAL,SILVER,SILVER,BLASTX,95.14,99.64
562.65813,silA,Cu(+)/Ag(+) efflux RND transporter permease subunit SilA,STRESS,METAL,COPPER/SILVER,COPPER/SILVER,BLASTX,98.66,100.0
562.65813,silB,Cu(+)/Ag(+) efflux RND transporter periplasmic adaptor subunit SilB,STRESS,METAL,COPPER/SILVER,COPPER/SILVER,BLASTX,96.28,100.0
562.65813,silF,Cu(+)/Ag(+) efflux RND transporter periplasmic metallochaperone SilF,STRESS,METAL,COPPER/SILVER,COPPER/SILVER,BLASTX,97.44,100.0
562.65813,silC,Cu(+)/Ag(+) efflux RND transporter outer membrane channel SilC,STRESS,METAL,COPPER/SILVER,COPPER/SILVER,BLASTX,98.05,100.0
562.65813,silR,copper/silver response regulator transcription factor SilR,STRESS,METAL,COPPER/SILVER,COPPER/SILVER,BLASTX,97.79,100.0
562.65813,silS,copper/silver sensor histidine kinase SilS,STRESS,METAL,COPPER/SILVER,COPPER/SILVER,BLASTX,98.37,100.0
562.65813,silE,silver-binding protein SilE,STRESS,METAL,SILVER,SILVER,EXACTX,100.0,100.0
562.65813,lpfA-O113,long polar fimbria major subunit LpfA-O113,VIRULENCE,VIRULENCE,nan,nan,EXACTX,100.0,100.0
562.65813,parE_S458A,Escherichia quinolone resistant ParE,AMR,POINT,QUINOLONE,QUINOLONE,POINTX,99.68,100.0
562.65813,parC_S80I,Escherichia quinolone resistant ParC,AMR,POINT,QUINOLONE,QUINOLONE,POINTX,99.87,100.0
562.65813,blaEC,BlaEC family class C beta-lactamase,AMR,AMR,BETA-LACTAM,BETA-LACTAM,BLASTX,98.41,100.0
562.65813,acrF,multidrug efflux RND transporter permease subunit AcrF,AMR,AMR,EFFLUX,EFFLUX,BLASTX,99.61,100.0
562.65813,fdeC,inverse autotransporter adhesin FdeC,VIRULENCE,VIRULENCE,nan,nan,BLASTX,94.21,100.0
562.65813,blaCTX-M-15,extended-spectrum class A beta-lactamase CTX-M-15,AMR,AMR,BETA-LACTAM,CEPHALOSPORIN,ALLELEX,100.0,100.0
562.65813,dfrA36,trimethoprim-resistant dihydrofolate reductase DfrA36,AMR,AMR,TRIMETHOPRIM,TRIMETHOPRIM,EXACTX,100.0,100.0
562.65813,sul2,sulfonamide-resistant dihydropteroate synthase Sul2,AMR,AMR,SULFONAMIDE,SULFONAMIDE,EXACTX,100.0,100.0
562.65813,iutA,ferric aerobactin receptor IutA,VIRULENCE,VIRULENCE,nan,nan,BLASTX,89.85,99.73
562.65813,iucD,NADPH-dependent L-lysine N(6)-monooxygenase IucD,VIRULENCE,VIRULENCE,nan,nan,BLASTX,97.65,95.51
562.65813,iucC,NIS family aerobactin synthetase IucC,VIRULENCE,VIRULENCE,nan,nan,BLASTX,97.59,100.0
562.65813,iucB,N(6)-hydroxylysine O-acetyltransferase IucB,VIRULENCE,VIRULENCE,nan,nan,BLASTX,96.19,100.0
562.65813,iucA,aerobactin synthase IucA,VIRULENCE,VIRULENCE,nan,nan,BLASTX,95.31,100.0
562.65813,tet(A),tetracycline efflux MFS transporter Tet(A),AMR,AMR,TETRACYCLINE,TETRACYCLINE,EXACTX,100.0,100.0
562.65813,mrx(A),phosphorylated macrolide efflux MFS transporter Mrx(A),AMR,AMR,MACROLIDE,AZITHROMYCIN/ERYTHROMYCIN/SPIRAMYCIN/TELITHROMYCIN,EXACTX,100.0,100.0
562.65813,mph(A),Mph(A) family macrolide 2'-phosphotransferase,AMR,AMR,MACROLIDE,AZITHROMYCIN/ERYTHROMYCIN/SPIRAMYCIN/TELITHROMYCIN,EXACTX,100.0,100.0
562.65813,emrE,multidrug efflux SMR transporter EmrE,STRESS,BIOCIDE,EFFLUX,EFFLUX,BLASTX,98.18,100.0
562.65813,aadA1,ANT(3'')-Ia family aminoglycoside nucleotidyltransferase AadA1,AMR,AMR,AMINOGLYCOSIDE,STREPTOMYCIN,EXACTX,100.0,100.0
562.65813,ant(2'')-Ia,aminoglycoside nucleotidyltransferase ANT(2'')-Ia,AMR,AMR,AMINOGLYCOSIDE,GENTAMICIN/KANAMYCIN/TOBRAMYCIN,EXACTX,100.0,100.0
562.65813,floR,chloramphenicol/florfenicol efflux MFS transporter FloR,AMR,AMR,PHENICOL,CHLORAMPHENICOL/FLORFENICOL,BLASTX,99.75,100.0
562.65813,dfrA17,trimethoprim-resistant dihydrofolate reductase DfrA17,AMR,AMR,TRIMETHOPRIM,TRIMETHOPRIM,EXACTX,100.0,100.0
562.65813,aadA5,ANT(3'')-Ia family aminoglycoside nucleotidyltransferase AadA5,AMR,AMR,AMINOGLYCOSIDE,STREPTOMYCIN,EXACTX,100.0,100.0
562.65813,sul1,sulfonamide-resistant dihydropteroate synthase Sul1,AMR,AMR,SULFONAMIDE,SULFONAMIDE,EXACTX,100.0,100.0
562.65813,qacEdelta1,quaternary ammonium compound efflux SMR transporter QacE delta 1,STRESS,BIOCIDE,QUATERNARY AMMONIUM,QUATERNARY AMMONIUM,ALLELEX,100.0,100.0
562.65814,parE_S458A,Escherichia quinolone resistant ParE,AMR,POINT,QUINOLONE,QUINOLONE,POINTX,99.68,100.0
562.65814,parC_S80I,Escherichia quinolone resistant ParC,AMR,POINT,QUINOLONE,QUINOLONE,POINTX,99.87,100.0
562.65814,ariR,biofilm/acid-resistance regulator AriR,STRESS,ACID,nan,nan,EXACTX,100.0,100.0
562.65814,mdtM,multidrug efflux MFS transporter MdtM,AMR,AMR,EFFLUX,EFFLUX,BLASTX,97.8,100.0
562.65814,espX1,type III secretion system effector EspX1,VIRULENCE,VIRULENCE,nan,nan,PARTIALX,89.66,75.69
562.65814,blaEC,BlaEC family class C beta-lactamase,AMR,AMR,BETA-LACTAM,BETA-LACTAM,BLASTX,98.41,100.0
562.65814,gyrA_D87N,Escherichia quinolone resistant GyrA,AMR,POINT,QUINOLONE,QUINOLONE,POINTX,98.97,99.66
562.65814,gyrA_S83L,Escherichia quinolone resistant GyrA,AMR,POINT,QUINOLONE,QUINOLONE,POINTX,98.97,99.66
562.65814,pcoE,copper resistance system metallochaperone PcoE,STRESS,METAL,COPPER,COPPER,BLASTX,92.36,100.0
562.65814,pcoS,copper resistance membrane spanning protein PcoS,STRESS,METAL,COPPER,COPPER,BLASTX,99.57,100.0
562.65814,pcoR,copper response regulator transcription factor PcoR,STRESS,METAL,COPPER,COPPER,EXACTX,100.0,100.0
562.65814,pcoD,copper resistance inner membrane protein PcoD,STRESS,METAL,COPPER,COPPER,EXACTX,100.0,100.0
562.65814,pcoC,copper resistance system metallochaperone PcoC,STRESS,METAL,COPPER,COPPER,EXACTX,100.0,100.0
562.65814,pcoB,copper-binding protein PcoB,STRESS,METAL,COPPER,COPPER,EXACTX,100.0,100.0
562.65814,pcoA,multicopper oxidase PcoA,STRESS,METAL,COPPER,COPPER,BLASTX,99.5,100.0
562.65814,silP,Ag(+)-translocating P-type ATPase SilP,STRESS,METAL,SILVER,SILVER,BLASTX,95.14,99.64
562.65814,silA,Cu(+)/Ag(+) efflux RND transporter permease subunit SilA,STRESS,METAL,COPPER/SILVER,COPPER/SILVER,BLASTX,98.66,100.0
562.65814,silB,Cu(+)/Ag(+) efflux RND transporter periplasmic adaptor subunit SilB,STRESS,METAL,COPPER/SILVER,COPPER/SILVER,BLASTX,96.28,100.0
562.65814,silF,Cu(+)/Ag(+) efflux RND transporter periplasmic metallochaperone SilF,STRESS,METAL,COPPER/SILVER,COPPER/SILVER,BLASTX,97.44,100.0
562.65814,silC,Cu(+)/Ag(+) efflux RND transporter outer membrane channel SilC,STRESS,METAL,COPPER/SILVER,COPPER/SILVER,BLASTX,98.05,100.0
562.65814,silR,copper/silver response regulator transcription factor SilR,STRESS,METAL,COPPER/SILVER,COPPER/SILVER,BLASTX,97.79,100.0
562.65814,silS,copper/silver sensor histidine kinase SilS,STRESS,METAL,COPPER/SILVER,COPPER/SILVER,BLASTX,98.37,100.0
562.65814,silE,silver-binding protein SilE,STRESS,METAL,SILVER,SILVER,EXACTX,100.0,100.0
562.65814,lpfA-O113,long polar fimbria major subunit LpfA-O113,VIRULENCE,VIRULENCE,nan,nan,EXACTX,100.0,100.0
562.65814,acrF,multidrug efflux RND transporter permease subunit AcrF,AMR,AMR,EFFLUX,EFFLUX,BLASTX,99.61,100.0
562.65814,fdeC,inverse autotransporter adhesin FdeC,VIRULENCE,VIRULENCE,nan,nan,BLASTX,94.21,100.0
562.65814,blaCTX-M-15,extended-spectrum class A beta-lactamase CTX-M-15,AMR,AMR,BETA-LACTAM,CEPHALOSPORIN,ALLELEX,100.0,100.0
562.65814,iucA,aerobactin synthase IucA,VIRULENCE,VIRULENCE,nan,nan,BLASTX,95.31,100.0
562.65814,iucB,N(6)-hydroxylysine O-acetyltransferase IucB,VIRULENCE,VIRULENCE,nan,nan,BLASTX,96.19,100.0
562.65814,iucC,NIS family aerobactin synthetase IucC,VIRULENCE,VIRULENCE,nan,nan,BLASTX,97.59,100.0
562.65814,iucD,NADPH-dependent L-lysine N(6)-monooxygenase IucD,VIRULENCE,VIRULENCE,nan,nan,BLASTX,97.65,95.51
562.65814,iutA,ferric aerobactin receptor IutA,VIRULENCE,VIRULENCE,nan,nan,BLASTX,89.85,99.73
562.65814,dfrA17,trimethoprim-resistant dihydrofolate reductase DfrA17,AMR,AMR,TRIMETHOPRIM,TRIMETHOPRIM,EXACTX,100.0,100.0
562.65814,aadA5,ANT(3'')-Ia family aminoglycoside nucleotidyltransferase AadA5,AMR,AMR,AMINOGLYCOSIDE,STREPTOMYCIN,EXACTX,100.0,100.0
562.65814,qacEdelta1,quaternary ammonium compound efflux SMR transporter QacE delta 1,STRESS,BIOCIDE,QUATERNARY AMMONIUM,QUATERNARY AMMONIUM,ALLELEX,100.0,100.0
562.65814,sul1,sulfonamide-resistant dihydropteroate synthase Sul1,AMR,AMR,SULFONAMIDE,SULFONAMIDE,EXACTX,100.0,100.0
562.65814,mrx(A),phosphorylated macrolide efflux MFS transporter Mrx(A),AMR,AMR,MACROLIDE,AZITHROMYCIN/ERYTHROMYCIN/SPIRAMYCIN/TELITHROMYCIN,EXACTX,100.0,100.0
562.65814,mph(A),Mph(A) family macrolide 2'-phosphotransferase,AMR,AMR,MACROLIDE,AZITHROMYCIN/ERYTHROMYCIN/SPIRAMYCIN/TELITHROMYCIN,EXACTX,100.0,100.0
562.65814,tet(A),tetracycline efflux MFS transporter Tet(A),AMR,AMR,TETRACYCLINE,TETRACYCLINE,EXACTX,100.0,100.0
562.65814,emrE,multidrug efflux SMR transporter EmrE,STRESS,BIOCIDE,EFFLUX,EFFLUX,BLASTX,98.18,100.0
562.65815,ariR,biofilm/acid-resistance regulator AriR,STRESS,ACID,nan,nan,EXACTX,100.0,100.0
562.65815,mdtM,multidrug efflux MFS transporter MdtM,AMR,AMR,EFFLUX,EFFLUX,BLASTX,97.8,100.0
562.65815,espX1,type III secretion system effector EspX1,VIRULENCE,VIRULENCE,nan,nan,PARTIALX,89.66,75.69
562.65815,gyrA_D87N,Escherichia quinolone resistant GyrA,AMR,POINT,QUINOLONE,QUINOLONE,POINTX,98.97,99.66
562.65815,gyrA_S83L,Escherichia quinolone resistant GyrA,AMR,POINT,QUINOLONE,QUINOLONE,POINTX,98.97,99.66
562.65815,pcoE,copper resistance system metallochaperone PcoE,STRESS,METAL,COPPER,COPPER,BLASTX,92.36,100.0
562.65815,pcoS,copper resistance membrane spanning protein PcoS,STRESS,METAL,COPPER,COPPER,BLASTX,99.57,100.0
562.65815,pcoR,copper response regulator transcription factor PcoR,STRESS,METAL,COPPER,COPPER,EXACTX,100.0,100.0
562.65815,pcoD,copper resistance inner membrane protein PcoD,STRESS,METAL,COPPER,COPPER,EXACTX,100.0,100.0
562.65815,pcoC,copper resistance system metallochaperone PcoC,STRESS,METAL,COPPER,COPPER,EXACTX,100.0,100.0
562.65815,pcoB,copper-binding protein PcoB,STRESS,METAL,COPPER,COPPER,EXACTX,100.0,100.0
562.65815,pcoA,multicopper oxidase PcoA,STRESS,METAL,COPPER,COPPER,BLASTX,99.5,100.0
562.65815,silP,Ag(+)-translocating P-type ATPase SilP,STRESS,METAL,SILVER,SILVER,BLASTX,95.14,99.64
562.65815,silA,Cu(+)/Ag(+) efflux RND transporter permease subunit SilA,STRESS,METAL,COPPER/SILVER,COPPER/SILVER,BLASTX,98.66,100.0
562.65815,silB,Cu(+)/Ag(+) efflux RND transporter periplasmic adaptor subunit SilB,STRESS,METAL,COPPER/SILVER,COPPER/SILVER,BLASTX,96.28,100.0
562.65815,silF,Cu(+)/Ag(+) efflux RND transporter periplasmic metallochaperone SilF,STRESS,METAL,COPPER/SILVER,COPPER/SILVER,BLASTX,97.44,100.0
562.65815,silC,Cu(+)/Ag(+) efflux RND transporter outer membrane channel SilC,STRESS,METAL,COPPER/SILVER,COPPER/SILVER,BLASTX,98.05,100.0
562.65815,silR,copper/silver response regulator transcription factor SilR,STRESS,METAL,COPPER/SILVER,COPPER/SILVER,BLASTX,97.79,100.0
562.65815,silS,copper/silver sensor histidine kinase SilS,STRESS,METAL,COPPER/SILVER,COPPER/SILVER,BLASTX,98.37,100.0
562.65815,silE,silver-binding protein SilE,STRESS,METAL,SILVER,SILVER,EXACTX,100.0,100.0
562.65815,lpfA-O113,long polar fimbria major subunit LpfA-O113,VIRULENCE,VIRULENCE,nan,nan,EXACTX,100.0,100.0
562.65815,parC_S80I,Escherichia quinolone resistant ParC,AMR,POINT,QUINOLONE,QUINOLONE,POINTX,99.87,100.0
562.65815,parE_S458A,Escherichia quinolone resistant ParE,AMR,POINT,QUINOLONE,QUINOLONE,POINTX,99.68,100.0
562.65815,blaEC,BlaEC family class C beta-lactamase,AMR,AMR,BETA-LACTAM,BETA-LACTAM,BLASTX,98.41,100.0
562.65815,acrF,multidrug efflux RND transporter permease subunit AcrF,AMR,AMR,EFFLUX,EFFLUX,BLASTX,99.61,100.0
562.65815,fdeC,inverse autotransporter adhesin FdeC,VIRULENCE,VIRULENCE,nan,nan,BLASTX,94.21,100.0
562.65815,blaCTX-M-15,extended-spectrum class A beta-lactamase CTX-M-15,AMR,AMR,BETA-LACTAM,CEPHALOSPORIN,ALLELEX,100.0,100.0
562.65815,dfrA36,trimethoprim-resistant dihydrofolate reductase DfrA36,AMR,AMR,TRIMETHOPRIM,TRIMETHOPRIM,EXACTX,100.0,100.0
562.65815,sul2,sulfonamide-resistant dihydropteroate synthase Sul2,AMR,AMR,SULFONAMIDE,SULFONAMIDE,EXACTX,100.0,100.0
562.65815,iucA,aerobactin synthase IucA,VIRULENCE,VIRULENCE,nan,nan,BLASTX,95.31,100.0
562.65815,iucB,N(6)-hydroxylysine O-acetyltransferase IucB,VIRULENCE,VIRULENCE,nan,nan,BLASTX,96.19,100.0
562.65815,iucC,NIS family aerobactin synthetase IucC,VIRULENCE,VIRULENCE,nan,nan,BLASTX,97.59,100.0
562.65815,iucD,NADPH-dependent L-lysine N(6)-monooxygenase IucD,VIRULENCE,VIRULENCE,nan,nan,BLASTX,97.65,95.51
562.65815,iutA,ferric aerobactin receptor IutA,VIRULENCE,VIRULENCE,nan,nan,BLASTX,89.85,99.73
562.65815,tet(A),tetracycline efflux MFS transporter Tet(A),AMR,AMR,TETRACYCLINE,TETRACYCLINE,EXACTX,100.0,100.0
562.65815,mrx(A),phosphorylated macrolide efflux MFS transporter Mrx(A),AMR,AMR,MACROLIDE,AZITHROMYCIN/ERYTHROMYCIN/SPIRAMYCIN/TELITHROMYCIN,EXACTX,100.0,100.0
562.65815,mph(A),Mph(A) family macrolide 2'-phosphotransferase,AMR,AMR,MACROLIDE,AZITHROMYCIN/ERYTHROMYCIN/SPIRAMYCIN/TELITHROMYCIN,EXACTX,100.0,100.0
562.65815,emrE,multidrug efflux SMR transporter EmrE,STRESS,BIOCIDE,EFFLUX,EFFLUX,BLASTX,98.18,100.0
562.65815,ant(2'')-Ia,aminoglycoside nucleotidyltransferase ANT(2'')-Ia,AMR,AMR,AMINOGLYCOSIDE,GENTAMICIN/KANAMYCIN/TOBRAMYCIN,EXACTX,100.0,100.0
562.65815,aadA1,ANT(3'')-Ia family aminoglycoside nucleotidyltransferase AadA1,AMR,AMR,AMINOGLYCOSIDE,STREPTOMYCIN,EXACTX,100.0,100.0
562.65815,floR,chloramphenicol/florfenicol efflux MFS transporter FloR,AMR,AMR,PHENICOL,CHLORAMPHENICOL/FLORFENICOL,BLASTX,99.75,100.0
562.65815,dfrA17,trimethoprim-resistant dihydrofolate reductase DfrA17,AMR,AMR,TRIMETHOPRIM,TRIMETHOPRIM,EXACTX,100.0,100.0
562.65815,aadA5,ANT(3'')-Ia family aminoglycoside nucleotidyltransferase AadA5,AMR,AMR,AMINOGLYCOSIDE,STREPTOMYCIN,EXACTX,100.0,100.0
562.65815,qacEdelta1,quaternary ammonium compound efflux SMR transporter QacE delta 1,STRESS,BIOCIDE,QUATERNARY AMMONIUM,QUATERNARY AMMONIUM,ALLELEX,100.0,100.0
562.65815,sul1,sulfonamide-resistant dihydropteroate synthase Sul1,AMR,AMR,SULFONAMIDE,SULFONAMIDE,EXACTX,100.0,100.0
562.65816,parC_S80I,Escherichia quinolone resistant ParC,AMR,POINT,QUINOLONE,QUINOLONE,POINTX,99.87,100.0
562.65816,parE_S458A,Escherichia quinolone resistant ParE,AMR,POINT,QUINOLONE,QUINOLONE,POINTX,99.68,100.0
562.65816,ariR,biofilm/acid-resistance regulator AriR,STRESS,ACID,nan,nan,EXACTX,100.0,100.0
562.65816,espX1,type III secretion system effector EspX1,VIRULENCE,VIRULENCE,nan,nan,PARTIALX,89.66,75.69
562.65816,mdtM,multidrug efflux MFS transporter MdtM,AMR,AMR,EFFLUX,EFFLUX,BLASTX,97.8,100.0
562.65816,blaEC,BlaEC family class C beta-lactamase,AMR,AMR,BETA-LACTAM,BETA-LACTAM,BLASTX,98.41,100.0
562.65816,lpfA-O113,long polar fimbria major subunit LpfA-O113,VIRULENCE,VIRULENCE,nan,nan,EXACTX,100.0,100.0
562.65816,acrF,multidrug efflux RND transporter permease subunit AcrF,AMR,AMR,EFFLUX,EFFLUX,INTERNAL_STOP,99.52,100.0
562.65816,fdeC,inverse autotransporter adhesin FdeC,VIRULENCE,VIRULENCE,nan,nan,BLASTX,94.21,100.0
562.65816,gyrA_D87N,Escherichia quinolone resistant GyrA,AMR,POINT,QUINOLONE,QUINOLONE,POINTX,98.97,99.66
562.65816,gyrA_S83L,Escherichia quinolone resistant GyrA,AMR,POINT,QUINOLONE,QUINOLONE,POINTX,98.97,99.66
562.65816,merC,organomercurial transporter MerC,STRESS,METAL,MERCURY,ORGANOMERCURY,EXACTX,100.0,100.0
562.65816,merP,mercury resistance system periplasmic binding protein MerP,STRESS,METAL,MERCURY,MERCURY,BLASTX,90.11,100.0
562.65816,merT,mercuric transport protein MerT,STRESS,METAL,MERCURY,MERCURY,EXACTX,100.0,100.0
562.65816,merR,mercury resistance transcriptional regulator MerR,STRESS,METAL,MERCURY,MERCURY,BLASTX,93.75,100.0
562.65816,pcoE,copper resistance system metallochaperone PcoE,STRESS,METAL,COPPER,COPPER,BLASTX,92.36,100.0
562.65816,pcoS,copper resistance membrane spanning protein PcoS,STRESS,METAL,COPPER,COPPER,BLASTX,99.57,100.0
562.65816,pcoR,copper response regulator transcription factor PcoR,STRESS,METAL,COPPER,COPPER,EXACTX,100.0,100.0
562.65816,pcoD,copper resistance inner membrane protein PcoD,STRESS,METAL,COPPER,COPPER,EXACTX,100.0,100.0
562.65816,pcoC,copper resistance system metallochaperone PcoC,STRESS,METAL,COPPER,COPPER,EXACTX,100.0,100.0
562.65816,pcoB,copper-binding protein PcoB,STRESS,METAL,COPPER,COPPER,EXACTX,100.0,100.0
562.65816,pcoA,multicopper oxidase PcoA,STRESS,METAL,COPPER,COPPER,BLASTX,99.5,100.0
562.65816,silP,Ag(+)-translocating P-type ATPase SilP,STRESS,METAL,SILVER,SILVER,BLASTX,95.14,99.64
562.65816,silA,Cu(+)/Ag(+) efflux RND transporter permease subunit SilA,STRESS,METAL,COPPER/SILVER,COPPER/SILVER,BLASTX,98.66,100.0
562.65816,silB,Cu(+)/Ag(+) efflux RND transporter periplasmic adaptor subunit SilB,STRESS,METAL,COPPER/SILVER,COPPER/SILVER,BLASTX,96.28,100.0
562.65816,silF,Cu(+)/Ag(+) efflux RND transporter periplasmic metallochaperone SilF,STRESS,METAL,COPPER/SILVER,COPPER/SILVER,BLASTX,97.44,100.0
562.65816,silC,Cu(+)/Ag(+) efflux RND transporter outer membrane channel SilC,STRESS,METAL,COPPER/SILVER,COPPER/SILVER,BLASTX,98.05,100.0
562.65816,silR,copper/silver response regulator transcription factor SilR,STRESS,METAL,COPPER/SILVER,COPPER/SILVER,BLASTX,97.79,100.0
562.65816,silS,copper/silver sensor histidine kinase SilS,STRESS,METAL,COPPER/SILVER,COPPER/SILVER,BLASTX,98.37,100.0
562.65816,silE,silver-binding protein SilE,STRESS,METAL,SILVER,SILVER,EXACTX,100.0,100.0
562.65816,iucA,aerobactin synthase IucA,VIRULENCE,VIRULENCE,nan,nan,BLASTX,95.31,100.0
562.65816,iucB,N(6)-hydroxylysine O-acetyltransferase IucB,VIRULENCE,VIRULENCE,nan,nan,BLASTX,96.19,100.0
562.65816,iucC,NIS family aerobactin synthetase IucC,VIRULENCE,VIRULENCE,nan,nan,BLASTX,97.59,100.0
562.65816,iucD,NADPH-dependent L-lysine N(6)-monooxygenase IucD,VIRULENCE,VIRULENCE,nan,nan,BLASTX,97.65,95.51
562.65816,iutA,ferric aerobactin receptor IutA,VIRULENCE,VIRULENCE,nan,nan,BLASTX,89.85,99.73
562.65816,iss,increased serum survival lipoprotein Iss,VIRULENCE,VIRULENCE,nan,nan,EXACTX,100.0,100.0
562.65816,tet(A),tetracycline efflux MFS transporter Tet(A),AMR,AMR,TETRACYCLINE,TETRACYCLINE,EXACTX,100.0,100.0
562.65816,mph(A),Mph(A) family macrolide 2'-phosphotransferase,AMR,AMR,MACROLIDE,AZITHROMYCIN/ERYTHROMYCIN/SPIRAMYCIN/TELITHROMYCIN,BLASTX,99.67,100.0
562.65816,mrx(A),phosphorylated macrolide efflux MFS transporter Mrx(A),AMR,AMR,MACROLIDE,AZITHROMYCIN/ERYTHROMYCIN/SPIRAMYCIN/TELITHROMYCIN,EXACTX,100.0,100.0
562.65816,dfrA14,trimethoprim-resistant dihydrofolate reductase DfrA14,AMR,AMR,TRIMETHOPRIM,TRIMETHOPRIM,EXACTX,100.0,100.0
562.65816,sul2,sulfonamide-resistant dihydropteroate synthase Sul2,AMR,AMR,SULFONAMIDE,SULFONAMIDE,EXACTX,100.0,100.0
562.65816,aph(3'')-Ib,aminoglycoside O-phosphotransferase APH(3'')-Ib,AMR,AMR,AMINOGLYCOSIDE,STREPTOMYCIN,EXACTX,100.0,100.0
562.65816,aph(6)-Id,aminoglycoside O-phosphotransferase APH(6)-Id,AMR,AMR,AMINOGLYCOSIDE,STREPTOMYCIN,EXACTX,100.0,100.0
562.65816,blaCTX-M-15,extended-spectrum class A beta-lactamase CTX-M-15,AMR,AMR,BETA-LACTAM,CEPHALOSPORIN,ALLELEX,100.0,100.0
562.65816,emrE,multidrug efflux SMR transporter EmrE,STRESS,BIOCIDE,EFFLUX,EFFLUX,BLASTX,98.18,100.0
562.65816,aac(3)-IIe,aminoglycoside N-acetyltransferase AAC(3)-IIe,AMR,AMR,AMINOGLYCOSIDE,GENTAMICIN,EXACTX,100.0,100.0
562.65816,aac(6')-Ib-cr5,fluoroquinolone-acetylating aminoglycoside 6'-N-acetyltransferase AAC(6')-Ib-cr5,AMR,AMR,AMINOGLYCOSIDE/QUINOLONE,AMIKACIN/KANAMYCIN/QUINOLONE/TOBRAMYCIN,ALLELEX,100.0,100.0
562.65816,blaOXA-1,oxacillin-hydrolyzing class D beta-lactamase OXA-1,AMR,AMR,BETA-LACTAM,CEPHALOSPORIN,ALLELEX,100.0,100.0
562.65816,catB3,type B-3 chloramphenicol O-acetyltransferase CatB3,AMR,AMR,PHENICOL,CHLORAMPHENICOL,PARTIAL_CONTIG_ENDX,100.0,70.0
562.65816,blaTEMp_C32T,Escherichia amoxicillin-clavulanic acid/piperacillin-tazobactam/ticarcillin-clavulanic acid resistant blaTEM promoter,AMR,POINT,BETA-LACTAM,AMOXICILLIN-CLAVULANIC_ACID/PIPERACILLIN-TAZOBACTAM/TICARCILLIN-CLAVULANIC_ACID,POINTN,99.49,100.0
562.65816,blaTEM-30,inhibitor-resistant broad-spectrum class A beta-lactamase TEM-30,AMR,AMR,BETA-LACTAM,BETA-LACTAM,ALLELEX,100.0,100.0
562.65817,gyrA_D87N,Escherichia quinolone resistant GyrA,AMR,POINT,QUINOLONE,QUINOLONE,POINTX,98.97,99.66
562.65817,gyrA_S83L,Escherichia quinolone resistant GyrA,AMR,POINT,QUINOLONE,QUINOLONE,POINTX,98.97,99.66
562.65817,parE_S458A,Escherichia quinolone resistant ParE,AMR,POINT,QUINOLONE,QUINOLONE,POINTX,99.68,100.0
562.65817,parC_S80I,Escherichia quinolone resistant ParC,AMR,POINT,QUINOLONE,QUINOLONE,POINTX,99.87,100.0
562.65817,ariR,biofilm/acid-resistance regulator AriR,STRESS,ACID,nan,nan,EXACTX,100.0,100.0
562.65817,espX1,type III secretion system effector EspX1,VIRULENCE,VIRULENCE,nan,nan,PARTIALX,89.66,75.69
562.65817,mdtM,multidrug efflux MFS transporter MdtM,AMR,AMR,EFFLUX,EFFLUX,BLASTX,97.8,100.0
562.65817,blaEC,BlaEC family class C beta-lactamase,AMR,AMR,BETA-LACTAM,BETA-LACTAM,BLASTX,98.41,100.0
562.65817,emrE,multidrug efflux SMR transporter EmrE,STRESS,BIOCIDE,EFFLUX,EFFLUX,INTERNAL_STOP,96.36,100.0
562.65817,pcoE,copper resistance system metallochaperone PcoE,STRESS,METAL,COPPER,COPPER,BLASTX,92.36,100.0
562.65817,pcoS,copper resistance membrane spanning protein PcoS,STRESS,METAL,COPPER,COPPER,BLASTX,99.57,100.0
562.65817,pcoR,copper response regulator transcription factor PcoR,STRESS,METAL,COPPER,COPPER,EXACTX,100.0,100.0
562.65817,pcoD,copper resistance inner membrane protein PcoD,STRESS,METAL,COPPER,COPPER,EXACTX,100.0,100.0
562.65817,pcoC,copper resistance system metallochaperone PcoC,STRESS,METAL,COPPER,COPPER,EXACTX,100.0,100.0
562.65817,pcoB,copper-binding protein PcoB,STRESS,METAL,COPPER,COPPER,EXACTX,100.0,100.0
562.65817,pcoA,multicopper oxidase PcoA,STRESS,METAL,COPPER,COPPER,BLASTX,99.5,100.0
562.65817,acrF,multidrug efflux RND transporter permease subunit AcrF,AMR,AMR,EFFLUX,EFFLUX,BLASTX,99.61,100.0
562.65817,fdeC,inverse autotransporter adhesin FdeC,VIRULENCE,VIRULENCE,nan,nan,BLASTX,94.21,100.0
562.65817,tet(A),tetracycline efflux MFS transporter Tet(A),AMR,AMR,TETRACYCLINE,TETRACYCLINE,EXACTX,100.0,100.0
562.65817,mph(A),Mph(A) family macrolide 2'-phosphotransferase,AMR,AMR,MACROLIDE,AZITHROMYCIN/ERYTHROMYCIN/SPIRAMYCIN/TELITHROMYCIN,EXACTX,100.0,100.0
562.65817,mrx(A),phosphorylated macrolide efflux MFS transporter Mrx(A),AMR,AMR,MACROLIDE,AZITHROMYCIN/ERYTHROMYCIN/SPIRAMYCIN/TELITHROMYCIN,EXACTX,100.0,100.0
562.65817,sul1,sulfonamide-resistant dihydropteroate synthase Sul1,AMR,AMR,SULFONAMIDE,SULFONAMIDE,EXACTX,100.0,100.0
562.65817,qacEdelta1,quaternary ammonium compound efflux SMR transporter QacE delta 1,STRESS,BIOCIDE,QUATERNARY AMMONIUM,QUATERNARY AMMONIUM,ALLELEX,100.0,100.0
562.65817,aadA2,ANT(3'')-Ia family aminoglycoside nucleotidyltransferase AadA2,AMR,AMR,AMINOGLYCOSIDE,STREPTOMYCIN,EXACTX,100.0,100.0
562.65817,dfrA12,trimethoprim-resistant dihydrofolate reductase DfrA12,AMR,AMR,TRIMETHOPRIM,TRIMETHOPRIM,EXACTX,100.0,100.0
562.65817,lpfA-O113,long polar fimbria major subunit LpfA-O113,VIRULENCE,VIRULENCE,nan,nan,EXACTX,100.0,100.0
562.65817,blaCTX-M-15,extended-spectrum class A beta-lactamase CTX-M-15,AMR,AMR,BETA-LACTAM,CEPHALOSPORIN,ALLELEX,100.0,100.0
562.65817,iroN,siderophore salmochelin receptor IroN,VIRULENCE,VIRULENCE,nan,nan,BLASTX,99.86,100.0
562.65817,iroE,catecholate siderophore esterase IroE,VIRULENCE,VIRULENCE,nan,nan,EXACTX,100.0,100.0
562.65817,iroD,catecholate siderophore esterase IroD,VIRULENCE,VIRULENCE,nan,nan,BLASTX,99.76,100.0
562.65817,iroC,salmochelin/enterobactin export ABC transporter IroC,VIRULENCE,VIRULENCE,nan,nan,BLASTX,99.34,100.0
562.65817,iroB,salmochelin biosynthesis C-glycosyltransferase IroB,VIRULENCE,VIRULENCE,nan,nan,BLASTX,99.73,100.0
562.65817,iss,increased serum survival lipoprotein Iss,VIRULENCE,VIRULENCE,nan,nan,EXACTX,100.0,100.0
562.65817,silS,copper/silver sensor histidine kinase SilS,STRESS,METAL,COPPER/SILVER,COPPER/SILVER,PARTIAL_CONTIG_ENDX,98.54,83.71
562.65817,silR,copper/silver response regulator transcription factor SilR,STRESS,METAL,COPPER/SILVER,COPPER/SILVER,BLASTX,97.79,100.0
562.65817,silC,Cu(+)/Ag(+) efflux RND transporter outer membrane channel SilC,STRESS,METAL,COPPER/SILVER,COPPER/SILVER,BLASTX,98.05,100.0
562.65817,silF,Cu(+)/Ag(+) efflux RND transporter periplasmic metallochaperone SilF,STRESS,METAL,COPPER/SILVER,COPPER/SILVER,BLASTX,97.44,100.0
562.65817,silB,Cu(+)/Ag(+) efflux RND transporter periplasmic adaptor subunit SilB,STRESS,METAL,COPPER/SILVER,COPPER/SILVER,BLASTX,96.28,100.0
562.65817,silA,Cu(+)/Ag(+) efflux RND transporter permease subunit SilA,STRESS,METAL,COPPER/SILVER,COPPER/SILVER,BLASTX,98.66,100.0
562.65817,silP,Ag(+)-translocating P-type ATPase SilP,STRESS,METAL,SILVER,SILVER,BLASTX,95.14,99.64
562.65817,silE,silver-binding protein SilE,STRESS,METAL,SILVER,SILVER,EXACTX,100.0,100.0
562.65818,parC_S80I,Escherichia quinolone resistant ParC,AMR,POINT,QUINOLONE,QUINOLONE,POINTX,99.87,100.0
562.65818,parE_S458A,Escherichia quinolone resistant ParE,AMR,POINT,QUINOLONE,QUINOLONE,POINTX,99.68,100.0
562.65818,ariR,biofilm/acid-resistance regulator AriR,STRESS,ACID,nan,nan,EXACTX,100.0,100.0
562.65818,espX1,type III secretion system effector EspX1,VIRULENCE,VIRULENCE,nan,nan,PARTIALX,89.66,75.69
562.65818,mdtM,multidrug efflux MFS transporter MdtM,AMR,AMR,EFFLUX,EFFLUX,BLASTX,97.8,100.0
562.65818,gyrA_D87N,Escherichia quinolone resistant GyrA,AMR,POINT,QUINOLONE,QUINOLONE,POINTX,98.97,99.66
562.65818,gyrA_S83L,Escherichia quinolone resistant GyrA,AMR,POINT,QUINOLONE,QUINOLONE,POINTX,98.97,99.66
562.65818,blaEC,BlaEC family class C beta-lactamase,AMR,AMR,BETA-LACTAM,BETA-LACTAM,BLASTX,98.41,100.0
562.65818,acrF,multidrug efflux RND transporter permease subunit AcrF,AMR,AMR,EFFLUX,EFFLUX,BLASTX,99.61,100.0
562.65818,lpfA-O113,long polar fimbria major subunit LpfA-O113,VIRULENCE,VIRULENCE,nan,nan,EXACTX,100.0,100.0
562.65818,silE,silver-binding protein SilE,STRESS,METAL,SILVER,SILVER,EXACTX,100.0,100.0
562.65818,silS,copper/silver sensor histidine kinase SilS,STRESS,METAL,COPPER/SILVER,COPPER/SILVER,BLASTX,98.37,100.0
562.65818,silR,copper/silver response regulator transcription factor SilR,STRESS,METAL,COPPER/SILVER,COPPER/SILVER,BLASTX,97.79,100.0
562.65818,silC,Cu(+)/Ag(+) efflux RND transporter outer membrane channel SilC,STRESS,METAL,COPPER/SILVER,COPPER/SILVER,BLASTX,98.05,100.0
562.65818,silF,Cu(+)/Ag(+) efflux RND transporter periplasmic metallochaperone SilF,STRESS,METAL,COPPER/SILVER,COPPER/SILVER,BLASTX,97.44,100.0
562.65818,silB,Cu(+)/Ag(+) efflux RND transporter periplasmic adaptor subunit SilB,STRESS,METAL,COPPER/SILVER,COPPER/SILVER,BLASTX,96.28,100.0
562.65818,silA,Cu(+)/Ag(+) efflux RND transporter permease subunit SilA,STRESS,METAL,COPPER/SILVER,COPPER/SILVER,BLASTX,98.66,100.0
562.65818,silP,Ag(+)-translocating P-type ATPase SilP,STRESS,METAL,SILVER,SILVER,BLASTX,95.14,99.64
562.65818,pcoA,multicopper oxidase PcoA,STRESS,METAL,COPPER,COPPER,BLASTX,99.5,100.0
562.65818,pcoB,copper-binding protein PcoB,STRESS,METAL,COPPER,COPPER,EXACTX,100.0,100.0
562.65818,pcoC,copper resistance system metallochaperone PcoC,STRESS,METAL,COPPER,COPPER,EXACTX,100.0,100.0
562.65818,pcoD,copper resistance inner membrane protein PcoD,STRESS,METAL,COPPER,COPPER,EXACTX,100.0,100.0
562.65818,pcoR,copper response regulator transcription factor PcoR,STRESS,METAL,COPPER,COPPER,EXACTX,100.0,100.0
562.65818,pcoS,copper resistance membrane spanning protein PcoS,STRESS,METAL,COPPER,COPPER,BLASTX,99.57,100.0
562.65818,pcoE,copper resistance system metallochaperone PcoE,STRESS,METAL,COPPER,COPPER,BLASTX,92.36,100.0
562.65818,fdeC,inverse autotransporter adhesin FdeC,VIRULENCE,VIRULENCE,nan,nan,BLASTX,94.21,100.0
562.65818,ybtP,yersiniabactin ABC transporter ATP-binding/permease protein YbtP,VIRULENCE,VIRULENCE,nan,nan,BLASTX,99.5,100.0
562.65818,ybtQ,yersiniabactin ABC transporter ATP-binding/permease protein YbtQ,VIRULENCE,VIRULENCE,nan,nan,BLASTX,99.5,100.0
562.65818,emrE,multidrug efflux SMR transporter EmrE,STRESS,BIOCIDE,EFFLUX,EFFLUX,INTERNAL_STOP,96.36,100.0
562.65818,bfpA,type IV pilus major subunit protein BfpA,VIRULENCE,VIRULENCE,nan,nan,BLASTX,97.3,100.0
562.65818,iucA,aerobactin synthase IucA,VIRULENCE,VIRULENCE,nan,nan,BLASTX,95.31,100.0
562.65818,iucB,N(6)-hydroxylysine O-acetyltransferase IucB,VIRULENCE,VIRULENCE,nan,nan,BLASTX,96.19,100.0
562.65818,iucC,NIS family aerobactin synthetase IucC,VIRULENCE,VIRULENCE,nan,nan,BLASTX,97.59,100.0
562.65818,iucD,NADPH-dependent L-lysine N(6)-monooxygenase IucD,VIRULENCE,VIRULENCE,nan,nan,BLASTX,97.65,95.51
562.65818,iutA,ferric aerobactin receptor IutA,VIRULENCE,VIRULENCE,nan,nan,BLASTX,89.85,99.73
562.65818,tet(B),tetracycline efflux MFS transporter Tet(B),AMR,AMR,TETRACYCLINE,TETRACYCLINE,EXACTX,100.0,100.0
562.65818,sul1,sulfonamide-resistant dihydropteroate synthase Sul1,AMR,AMR,SULFONAMIDE,SULFONAMIDE,EXACTX,100.0,100.0
562.65818,qacEdelta1,quaternary ammonium compound efflux SMR transporter QacE delta 1,STRESS,BIOCIDE,QUATERNARY AMMONIUM,QUATERNARY AMMONIUM,ALLELEX,100.0,100.0
562.65818,aadA5,ANT(3'')-Ia family aminoglycoside nucleotidyltransferase AadA5,AMR,AMR,AMINOGLYCOSIDE,STREPTOMYCIN,EXACTX,100.0,100.0
562.65818,dfrA17,trimethoprim-resistant dihydrofolate reductase DfrA17,AMR,AMR,TRIMETHOPRIM,TRIMETHOPRIM,EXACTX,100.0,100.0
562.65818,mph(A),Mph(A) family macrolide 2'-phosphotransferase,AMR,AMR,MACROLIDE,AZITHROMYCIN/ERYTHROMYCIN/SPIRAMYCIN/TELITHROMYCIN,EXACTX,100.0,100.0
562.65818,mrx(A),phosphorylated macrolide efflux MFS transporter Mrx(A),AMR,AMR,MACROLIDE,AZITHROMYCIN/ERYTHROMYCIN/SPIRAMYCIN/TELITHROMYCIN,EXACTX,100.0,100.0
562.65818,blaCTX-M-15,extended-spectrum class A beta-lactamase CTX-M-15,AMR,AMR,BETA-LACTAM,CEPHALOSPORIN,ALLELEX,100.0,100.0
562.65818,aac(3)-IIe,aminoglycoside N-acetyltransferase AAC(3)-IIe,AMR,AMR,AMINOGLYCOSIDE,GENTAMICIN,EXACTX,100.0,100.0
562.65818,aac(6')-Ib-cr5,fluoroquinolone-acetylating aminoglycoside 6'-N-acetyltransferase AAC(6')-Ib-cr5,AMR,AMR,AMINOGLYCOSIDE/QUINOLONE,AMIKACIN/KANAMYCIN/QUINOLONE/TOBRAMYCIN,ALLELEX,100.0,100.0
562.65818,blaOXA-1,oxacillin-hydrolyzing class D beta-lactamase OXA-1,AMR,AMR,BETA-LACTAM,CEPHALOSPORIN,ALLELEX,100.0,100.0
562.65818,catB3,type B-3 chloramphenicol O-acetyltransferase CatB3,AMR,AMR,PHENICOL,CHLORAMPHENICOL,PARTIALX,100.0,70.0
562.65819,parC_S80I,Escherichia quinolone resistant ParC,AMR,POINT,QUINOLONE,QUINOLONE,POINTX,99.87,100.0
562.65819,parE_S458A,Escherichia quinolone resistant ParE,AMR,POINT,QUINOLONE,QUINOLONE,POINTX,99.68,100.0
562.65819,ariR,biofilm/acid-resistance regulator AriR,STRESS,ACID,nan,nan,EXACTX,100.0,100.0
562.65819,espX1,type III secretion system effector EspX1,VIRULENCE,VIRULENCE,nan,nan,PARTIALX,89.66,75.69
562.65819,mdtM,multidrug efflux MFS transporter MdtM,AMR,AMR,EFFLUX,EFFLUX,BLASTX,97.8,100.0
562.65819,blaEC,BlaEC family class C beta-lactamase,AMR,AMR,BETA-LACTAM,BETA-LACTAM,BLASTX,98.41,100.0
562.65819,lpfA-O113,long polar fimbria major subunit LpfA-O113,VIRULENCE,VIRULENCE,nan,nan,EXACTX,100.0,100.0
562.65819,acrF,multidrug efflux RND transporter permease subunit AcrF,AMR,AMR,EFFLUX,EFFLUX,INTERNAL_STOP,99.52,100.0
562.65819,merR,mercury resistance transcriptional regulator MerR,STRESS,METAL,MERCURY,MERCURY,BLASTX,93.75,100.0
562.65819,merT,mercuric transport protein MerT,STRESS,METAL,MERCURY,MERCURY,EXACTX,100.0,100.0
562.65819,merP,mercury resistance system periplasmic binding protein MerP,STRESS,METAL,MERCURY,MERCURY,BLASTX,90.11,100.0
562.65819,merC,organomercurial transporter MerC,STRESS,METAL,MERCURY,ORGANOMERCURY,EXACTX,100.0,100.0
562.65819,fdeC,inverse autotransporter adhesin FdeC,VIRULENCE,VIRULENCE,nan,nan,BLASTX,94.21,100.0
562.65819,gyrA_D87N,Escherichia quinolone resistant GyrA,AMR,POINT,QUINOLONE,QUINOLONE,POINTX,98.97,99.66
562.65819,gyrA_S83L,Escherichia quinolone resistant GyrA,AMR,POINT,QUINOLONE,QUINOLONE,POINTX,98.97,99.66
562.65819,silE,silver-binding protein SilE,STRESS,METAL,SILVER,SILVER,EXACTX,100.0,100.0
562.65819,silS,copper/silver sensor histidine kinase SilS,STRESS,METAL,COPPER/SILVER,COPPER/SILVER,BLASTX,98.37,100.0
562.65819,silR,copper/silver response regulator transcription factor SilR,STRESS,METAL,COPPER/SILVER,COPPER/SILVER,BLASTX,97.79,100.0
562.65819,silC,Cu(+)/Ag(+) efflux RND transporter outer membrane channel SilC,STRESS,METAL,COPPER/SILVER,COPPER/SILVER,BLASTX,98.05,100.0
562.65819,silF,Cu(+)/Ag(+) efflux RND transporter periplasmic metallochaperone SilF,STRESS,METAL,COPPER/SILVER,COPPER/SILVER,BLASTX,97.44,100.0
562.65819,silB,Cu(+)/Ag(+) efflux RND transporter periplasmic adaptor subunit SilB,STRESS,METAL,COPPER/SILVER,COPPER/SILVER,BLASTX,96.28,100.0
562.65819,silA,Cu(+)/Ag(+) efflux RND transporter permease subunit SilA,STRESS,METAL,COPPER/SILVER,COPPER/SILVER,BLASTX,98.66,100.0
562.65819,silP,Ag(+)-translocating P-type ATPase SilP,STRESS,METAL,SILVER,SILVER,BLASTX,95.14,99.64
562.65819,pcoA,multicopper oxidase PcoA,STRESS,METAL,COPPER,COPPER,BLASTX,99.5,100.0
562.65819,pcoB,copper-binding protein PcoB,STRESS,METAL,COPPER,COPPER,EXACTX,100.0,100.0
562.65819,pcoC,copper resistance system metallochaperone PcoC,STRESS,METAL,COPPER,COPPER,EXACTX,100.0,100.0
562.65819,pcoD,copper resistance inner membrane protein PcoD,STRESS,METAL,COPPER,COPPER,EXACTX,100.0,100.0
562.65819,pcoR,copper response regulator transcription factor PcoR,STRESS,METAL,COPPER,COPPER,EXACTX,100.0,100.0
562.65819,pcoS,copper resistance membrane spanning protein PcoS,STRESS,METAL,COPPER,COPPER,BLASTX,99.57,100.0
562.65819,pcoE,copper resistance system metallochaperone PcoE,STRESS,METAL,COPPER,COPPER,BLASTX,92.36,100.0
562.65819,iucA,aerobactin synthase IucA,VIRULENCE,VIRULENCE,nan,nan,BLASTX,95.31,100.0
562.65819,iucB,N(6)-hydroxylysine O-acetyltransferase IucB,VIRULENCE,VIRULENCE,nan,nan,BLASTX,96.19,100.0
562.65819,iucC,NIS family aerobactin synthetase IucC,VIRULENCE,VIRULENCE,nan,nan,BLASTX,97.59,100.0
562.65819,iucD,NADPH-dependent L-lysine N(6)-monooxygenase IucD,VIRULENCE,VIRULENCE,nan,nan,BLASTX,97.65,95.51
562.65819,iutA,ferric aerobactin receptor IutA,VIRULENCE,VIRULENCE,nan,nan,BLASTX,89.85,99.73
562.65819,iss,increased serum survival lipoprotein Iss,VIRULENCE,VIRULENCE,nan,nan,EXACTX,100.0,100.0
562.65819,tet(A),tetracycline efflux MFS transporter Tet(A),AMR,AMR,TETRACYCLINE,TETRACYCLINE,EXACTX,100.0,100.0
562.65819,dfrA14,trimethoprim-resistant dihydrofolate reductase DfrA14,AMR,AMR,TRIMETHOPRIM,TRIMETHOPRIM,EXACTX,100.0,100.0
562.65819,mrx(A),phosphorylated macrolide efflux MFS transporter Mrx(A),AMR,AMR,MACROLIDE,AZITHROMYCIN/ERYTHROMYCIN/SPIRAMYCIN/TELITHROMYCIN,EXACTX,100.0,100.0
562.65819,mph(A),Mph(A) family macrolide 2'-phosphotransferase,AMR,AMR,MACROLIDE,AZITHROMYCIN/ERYTHROMYCIN/SPIRAMYCIN/TELITHROMYCIN,BLASTX,99.67,100.0
562.65819,aph(6)-Id,aminoglycoside O-phosphotransferase APH(6)-Id,AMR,AMR,AMINOGLYCOSIDE,STREPTOMYCIN,EXACTX,100.0,100.0
562.65819,aph(3'')-Ib,aminoglycoside O-phosphotransferase APH(3'')-Ib,AMR,AMR,AMINOGLYCOSIDE,STREPTOMYCIN,EXACTX,100.0,100.0
562.65819,sul2,sulfonamide-resistant dihydropteroate synthase Sul2,AMR,AMR,SULFONAMIDE,SULFONAMIDE,EXACTX,100.0,100.0
562.65819,blaCTX-M-15,extended-spectrum class A beta-lactamase CTX-M-15,AMR,AMR,BETA-LACTAM,CEPHALOSPORIN,ALLELEX,100.0,100.0
562.65819,emrE,multidrug efflux SMR transporter EmrE,STRESS,BIOCIDE,EFFLUX,EFFLUX,BLASTX,98.18,100.0
562.65819,aac(3)-IIe,aminoglycoside N-acetyltransferase AAC(3)-IIe,AMR,AMR,AMINOGLYCOSIDE,GENTAMICIN,EXACTX,100.0,100.0
562.65819,aac(6')-Ib-cr5,fluoroquinolone-acetylating aminoglycoside 6'-N-acetyltransferase AAC(6')-Ib-cr5,AMR,AMR,AMINOGLYCOSIDE/QUINOLONE,AMIKACIN/KANAMYCIN/QUINOLONE/TOBRAMYCIN,ALLELEX,100.0,100.0
562.65819,blaOXA-1,oxacillin-hydrolyzing class D beta-lactamase OXA-1,AMR,AMR,BETA-LACTAM,CEPHALOSPORIN,ALLELEX,100.0,100.0
562.65819,catB3,type B-3 chloramphenicol O-acetyltransferase CatB3,AMR,AMR,PHENICOL,CHLORAMPHENICOL,PARTIAL_CONTIG_ENDX,100.0,70.0
562.65819,blaTEMp_C32T,Escherichia amoxicillin-clavulanic acid/piperacillin-tazobactam/ticarcillin-clavulanic acid resistant blaTEM promoter,AMR,POINT,BETA-LACTAM,AMOXICILLIN-CLAVULANIC_ACID/PIPERACILLIN-TAZOBACTAM/TICARCILLIN-CLAVULANIC_ACID,POINTN,99.49,100.0
562.65819,blaTEM-30,inhibitor-resistant broad-spectrum class A beta-lactamase TEM-30,AMR,AMR,BETA-LACTAM,BETA-LACTAM,ALLELEX,100.0,100.0
