genome_id,genome_name,taxon_id,antibiotic,label,resistant_phenotype,measurement,measurement_value,measurement_unit,measurement_sign,evidence,laboratory_typing_method,laboratory_typing_platform
1328432.3,Escherichia coli BWH 32,1328432,amikacin,susceptible,Susceptible,,,,,Laboratory Method,Broth dilution,
1328433.3,Escherichia coli BWH 34,1328433,amikacin,susceptible,Susceptible,,,,,Laboratory Method,Broth dilution,
1328434.3,Escherichia coli BWH 40,1328434,amikacin,susceptible,Susceptible,,,,,Laboratory Method,Broth dilution,
1438684.3,Escherichia coli CHS 68,1438684,amikacin,resistant,Resistant,,,,,Laboratory Method,Broth dilution,
1438685.3,Escherichia coli CHS 69,1438685,amikacin,susceptible,Susceptible,,,,,Laboratory Method,Broth dilution,
1438686.3,Escherichia coli CHS 77,1438686,amikacin,susceptible,Susceptible,,,,,Laboratory Method,Broth dilution,
562.17359,Escherichia coli strain 81009,562,amikacin,susceptible,Susceptible,==4,4,mg/L,=,Laboratory Method,Broth dilution,
562.42686,Escherichia coli strain 24,562,amikacin,susceptible,Susceptible,2,2,mg/L,=,Laboratory Method,Broth dilution,
562.64830,Escherichia coli strain AMC_356,562,amoxicillin,resistant,Resistant,,,,,Laboratory Method,,
562.64831,Escherichia coli strain AMC_358,562,amoxicillin,resistant,Resistant,,,,,Laboratory Method,,
562.64839,Escherichia coli strain AMC_350,562,amoxicillin,resistant,Resistant,,,,,Laboratory Method,,
562.64839,Escherichia coli strain AMC_350,562,amoxicillin,susceptible,Susceptible,,,,,Laboratory Method,,
562.64851,Escherichia coli strain AMC_969,562,amoxicillin,resistant,Resistant,,,,,Laboratory Method,,
562.64856,Escherichia coli strain AMC_966,562,amoxicillin,susceptible,Susceptible,,,,,Laboratory Method,,
562.64861,Escherichia coli strain AMC_964,562,amoxicillin,resistant,Resistant,,,,,Laboratory Method,,
562.64861,Escherichia coli strain AMC_964,562,amoxicillin,susceptible,Susceptible,,,,,Laboratory Method,,
562.64864,Escherichia coli strain AMC_960,562,amoxicillin,resistant,Resistant,,,,,Laboratory Method,,
562.64864,Escherichia coli strain AMC_960,562,amoxicillin,susceptible,Susceptible,,,,,Laboratory Method,,
562.64865,Escherichia coli strain AMC_961,562,amoxicillin,resistant,Resistant,,,,,Laboratory Method,,
562.64866,Escherichia coli strain AMC_958,562,amoxicillin,resistant,Resistant,,,,,Laboratory Method,,
562.64866,Escherichia coli strain AMC_958,562,amoxicillin,susceptible,Susceptible,,,,,Laboratory Method,,
562.64869,Escherichia coli strain AMC_947,562,amoxicillin,resistant,Resistant,,,,,Laboratory Method,,
562.64869,Escherichia coli strain AMC_947,562,amoxicillin,susceptible,Susceptible,,,,,Laboratory Method,,
562.64870,Escherichia coli strain AMC_948,562,amoxicillin,resistant,Resistant,,,,,Laboratory Method,,
562.64870,Escherichia coli strain AMC_948,562,amoxicillin,susceptible,Susceptible,,,,,Laboratory Method,,
562.64874,Escherichia coli strain AMC_955,562,amoxicillin,resistant,Resistant,,,,,Laboratory Method,,
562.64874,Escherichia coli strain AMC_955,562,amoxicillin,susceptible,Susceptible,,,,,Laboratory Method,,
562.64875,Escherichia coli strain AMC_950,562,amoxicillin,resistant,Resistant,,,,,Laboratory Method,,
562.64875,Escherichia coli strain AMC_950,562,amoxicillin,susceptible,Susceptible,,,,,Laboratory Method,,
562.64879,Escherichia coli strain AMC_935,562,amoxicillin,resistant,Resistant,,,,,Laboratory Method,,
562.64880,Escherichia coli strain AMC_936,562,amoxicillin,resistant,Resistant,,,,,Laboratory Method,,
562.64883,Escherichia coli strain AMC_934,562,amoxicillin,resistant,Resistant,,,,,Laboratory Method,,
562.64883,Escherichia coli strain AMC_934,562,amoxicillin,susceptible,Susceptible,,,,,Laboratory Method,,
562.64884,Escherichia coli strain AMC_939,562,amoxicillin,resistant,Resistant,,,,,Laboratory Method,,
562.64884,Escherichia coli strain AMC_939,562,amoxicillin,susceptible,Susceptible,,,,,Laboratory Method,,
562.64888,Escherichia coli strain AMC_938,562,amoxicillin,resistant,Resistant,,,,,Laboratory Method,,
562.64888,Escherichia coli strain AMC_938,562,amoxicillin,susceptible,Susceptible,,,,,Laboratory Method,,
562.64890,Escherichia coli strain AMC_931,562,amoxicillin,resistant,Resistant,,,,,Laboratory Method,,
562.64890,Escherichia coli strain AMC_931,562,amoxicillin,susceptible,Susceptible,,,,,Laboratory Method,,
562.64891,Escherichia coli strain AMC_929,562,amoxicillin,susceptible,Susceptible,,,,,Laboratory Method,,
562.64896,Escherichia coli strain AMC_925,562,amoxicillin,resistant,Resistant,,,,,Laboratory Method,,
562.64896,Escherichia coli strain AMC_925,562,amoxicillin,susceptible,Susceptible,,,,,Laboratory Method,,
562.64899,Escherichia coli strain AMC_928,562,amoxicillin,resistant,Resistant,,,,,Laboratory Method,,
562.64900,Escherichia coli strain AMC_916,562,amoxicillin,resistant,Resistant,,,,,Laboratory Method,,
562.64903,Escherichia coli strain AMC_915,562,amoxicillin,resistant,Resistant,,,,,Laboratory Method,,
562.64906,Escherichia coli strain AMC_921,562,amoxicillin,resistant,Resistant,,,,,Laboratory Method,,
562.64908,Escherichia coli strain AMC_918,562,amoxicillin,resistant,Resistant,,,,,Laboratory Method,,
562.64908,Escherichia coli strain AMC_918,562,amoxicillin,susceptible,Susceptible,,,,,Laboratory Method,,
562.64909,Escherichia coli strain AMC_919,562,amoxicillin,susceptible,Susceptible,,,,,Laboratory Method,,
562.64912,Escherichia coli strain AMC_904,562,amoxicillin,resistant,Resistant,,,,,Laboratory Method,,
562.64915,Escherichia coli strain AMC_902,562,amoxicillin,resistant,Resistant,,,,,Laboratory Method,,
562.64915,Escherichia coli strain AMC_902,562,amoxicillin,susceptible,Susceptible,,,,,Laboratory Method,,
562.64917,Escherichia coli strain AMC_911,562,amoxicillin,susceptible,Susceptible,,,,,Laboratory Method,,
562.64931,Escherichia coli strain AMC_337,562,amoxicillin,susceptible,Susceptible,,,,,Laboratory Method,,
562.64944,Escherichia coli strain AMC_318,562,amoxicillin,resistant,Resistant,,,,,Laboratory Method,,
562.64944,Escherichia coli strain AMC_318,562,amoxicillin,susceptible,Susceptible,,,,,Laboratory Method,,
562.64946,Escherichia coli strain AMC_315,562,amoxicillin,resistant,Resistant,,,,,Laboratory Method,,
562.64949,Escherichia coli strain AMC_316,562,amoxicillin,resistant,Resistant,,,,,Laboratory Method,,
562.64949,Escherichia coli strain AMC_316,562,amoxicillin,susceptible,Susceptible,,,,,Laboratory Method,,
562.64957,Escherichia coli strain AMC_104,562,amoxicillin,resistant,Resistant,,,,,Laboratory Method,,
562.64959,Escherichia coli strain AMC_105,562,amoxicillin,resistant,Resistant,,,,,Laboratory Method,,
562.64967,Escherichia coli strain AMC_98,562,amoxicillin,resistant,Resistant,,,,,Laboratory Method,,
562.64972,Escherichia coli strain AMC_97,562,amoxicillin,resistant,Resistant,,,,,Laboratory Method,,
562.64981,Escherichia coli strain AMC_87,562,amoxicillin,susceptible,Susceptible,,,,,Laboratory Method,,
562.64983,Escherichia coli strain AMC_756,562,amoxicillin,resistant,Resistant,,,,,Laboratory Method,,
562.64983,Escherichia coli strain AMC_756,562,amoxicillin,susceptible,Susceptible,,,,,Laboratory Method,,
562.64990,Escherichia coli strain AMC_740,562,amoxicillin,resistant,Resistant,,,,,Laboratory Method,,
562.64990,Escherichia coli strain AMC_740,562,amoxicillin,susceptible,Susceptible,,,,,Laboratory Method,,
562.64992,Escherichia coli strain AMC_747,562,amoxicillin,resistant,Resistant,,,,,Laboratory Method,,
562.65000,Escherichia coli strain AMC_739,562,amoxicillin,resistant,Resistant,,,,,Laboratory Method,,
562.65000,Escherichia coli strain AMC_739,562,amoxicillin,susceptible,Susceptible,,,,,Laboratory Method,,
562.65006,Escherichia coli strain AMC_734,562,amoxicillin,resistant,Resistant,,,,,Laboratory Method,,
562.65012,Escherichia coli strain AMC_302,562,amoxicillin,resistant,Resistant,,,,,Laboratory Method,,
562.65015,Escherichia coli strain AMC_304,562,amoxicillin,resistant,Resistant,,,,,Laboratory Method,,
562.65016,Escherichia coli strain AMC_305,562,amoxicillin,resistant,Resistant,,,,,Laboratory Method,,
562.65017,Escherichia coli strain AMC_307,562,amoxicillin,resistant,Resistant,,,,,Laboratory Method,,
562.65018,Escherichia coli strain AMC_306,562,amoxicillin,resistant,Resistant,,,,,Laboratory Method,,
562.65021,Escherichia coli strain AMC_288,562,amoxicillin,resistant,Resistant,,,,,Laboratory Method,,
562.65022,Escherichia coli strain AMC_292,562,amoxicillin,resistant,Resistant,,,,,Laboratory Method,,
562.65022,Escherichia coli strain AMC_292,562,amoxicillin,susceptible,Susceptible,,,,,Laboratory Method,,
562.65027,Escherichia coli strain AMC_299,562,amoxicillin,resistant,Resistant,,,,,Laboratory Method,,
562.65027,Escherichia coli strain AMC_299,562,amoxicillin,susceptible,Susceptible,,,,,Laboratory Method,,
562.65028,Escherichia coli strain AMC_297,562,amoxicillin,resistant,Resistant,,,,,Laboratory Method,,
562.65033,Escherichia coli strain AMC_276,562,amoxicillin,susceptible,Susceptible,,,,,Laboratory Method,,
562.65036,Escherichia coli strain AMC_284,562,amoxicillin,resistant,Resistant,,,,,Laboratory Method,,
562.65036,Escherichia coli strain AMC_284,562,amoxicillin,susceptible,Susceptible,,,,,Laboratory Method,,
562.65055,Escherichia coli strain AMC_264,562,amoxicillin,susceptible,Susceptible,,,,,Laboratory Method,,
562.65064,Escherichia coli strain AMC_2,562,amoxicillin,resistant,Resistant,,,,,Laboratory Method,,
562.65065,Escherichia coli strain AMC_246,562,amoxicillin,susceptible,Susceptible,,,,,Laboratory Method,,
562.65073,Escherichia coli strain AMC_1,562,amoxicillin,resistant,Resistant,,,,,Laboratory Method,,
562.65075,Escherichia coli strain AMC_254,562,amoxicillin,susceptible,Susceptible,,,,,Laboratory Method,,
562.65079,Escherichia coli strain AMC_241,562,amoxicillin,resistant,Resistant,,,,,Laboratory Method,,
562.65080,Escherichia coli strain AMC_238,562,amoxicillin,resistant,Resistant,,,,,Laboratory Method,,
562.65083,Escherichia coli strain AMC_240,562,amoxicillin,susceptible,Susceptible,,,,,Laboratory Method,,
562.65084,Escherichia coli strain AMC_237,562,amoxicillin,resistant,Resistant,,,,,Laboratory Method,,
562.65087,Escherichia coli strain AMC_897,562,amoxicillin,resistant,Resistant,,,,,Laboratory Method,,
562.65091,Escherichia coli strain AMC_229,562,amoxicillin,resistant,Resistant,,,,,Laboratory Method,,
562.65094,Escherichia coli strain AMC_234,562,amoxicillin,susceptible,Susceptible,,,,,Laboratory Method,,
562.65110,Escherichia coli strain AMC_884,562,amoxicillin,resistant,Resistant,,,,,Laboratory Method,,
562.65112,Escherichia coli strain AMC_880,562,amoxicillin,resistant,Resistant,,,,,Laboratory Method,,
562.65116,Escherichia coli strain AMC_879,562,amoxicillin,resistant,Resistant,,,,,Laboratory Method,,
562.65116,Escherichia coli strain AMC_879,562,amoxicillin,susceptible,Susceptible,,,,,Laboratory Method,,
562.65118,Escherichia coli strain AMC_875,562,amoxicillin,resistant,Resistant,,,,,Laboratory Method,,
562.65120,Escherichia coli strain AMC_876,562,amoxicillin,resistant,Resistant,,,,,Laboratory Method,,
562.65123,Escherichia coli strain AMC_181,562,amoxicillin,resistant,Resistant,,,,,Laboratory Method,,
562.65126,Escherichia coli strain AMC_176,562,amoxicillin,resistant,Resistant,,,,,Laboratory Method,,
562.65126,Escherichia coli strain AMC_176,562,amoxicillin,susceptible,Susceptible,,,,,Laboratory Method,,
562.65127,Escherichia coli strain AMC_175,562,amoxicillin,resistant,Resistant,,,,,Laboratory Method,,
562.65127,Escherichia coli strain AMC_175,562,amoxicillin,susceptible,Susceptible,,,,,Laboratory Method,,
562.65128,Escherichia coli strain AMC_174,562,amoxicillin,resistant,Resistant,,,,,Laboratory Method,,
562.65128,Escherichia coli strain AMC_174,562,amoxicillin,susceptible,Susceptible,,,,,Laboratory Method,,
562.65134,Escherichia coli strain AMC_558,562,amoxicillin,resistant,Resistant,,,,,Laboratory Method,,
562.65136,Escherichia coli strain AMC_172,562,amoxicillin,resistant,Resistant,,,,,Laboratory Method,,
562.65136,Escherichia coli strain AMC_172,562,amoxicillin,susceptible,Susceptible,,,,,Laboratory Method,,
562.65138,Escherichia coli strain AMC_554,562,amoxicillin,resistant,Resistant,,,,,Laboratory Method,,
562.65138,Escherichia coli strain AMC_554,562,amoxicillin,susceptible,Susceptible,,,,,Laboratory Method,,
562.65143,Escherichia coli strain AMC_551,562,amoxicillin,resistant,Resistant,,,,,Laboratory Method,,
562.65143,Escherichia coli strain AMC_551,562,amoxicillin,susceptible,Susceptible,,,,,Laboratory Method,,
562.65145,Escherichia coli strain AMC_552,562,amoxicillin,resistant,Resistant,,,,,Laboratory Method,,
562.65145,Escherichia coli strain AMC_552,562,amoxicillin,susceptible,Susceptible,,,,,Laboratory Method,,
562.65146,Escherichia coli strain AMC_553,562,amoxicillin,resistant,Resistant,,,,,Laboratory Method,,
562.65146,Escherichia coli strain AMC_553,562,amoxicillin,susceptible,Susceptible,,,,,Laboratory Method,,
562.65150,Escherichia coli strain AMC_543,562,amoxicillin,resistant,Resistant,,,,,Laboratory Method,,
562.65153,Escherichia coli strain AMC_547,562,amoxicillin,resistant,Resistant,,,,,Laboratory Method,,
562.65155,Escherichia coli strain AMC_539,562,amoxicillin,resistant,Resistant,,,,,Laboratory Method,,
562.65157,Escherichia coli strain AMC_538,562,amoxicillin,susceptible,Susceptible,,,,,Laboratory Method,,
562.65158,Escherichia coli strain AMC_532,562,amoxicillin,susceptible,Susceptible,,,,,Laboratory Method,,
562.65161,Escherichia coli strain AMC_533,562,amoxicillin,resistant,Resistant,,,,,Laboratory Method,,
562.65161,Escherichia coli strain AMC_533,562,amoxicillin,susceptible,Susceptible,,,,,Laboratory Method,,
562.65163,Escherichia coli strain AMC_536,562,amoxicillin,resistant,Resistant,,,,,Laboratory Method,,
562.65164,Escherichia coli strain AMC_534,562,amoxicillin,resistant,Resistant,,,,,Laboratory Method,,
562.65164,Escherichia coli strain AMC_534,562,amoxicillin,susceptible,Susceptible,,,,,Laboratory Method,,
562.65166,Escherichia coli strain AMC_525,562,amoxicillin,resistant,Resistant,,,,,Laboratory Method,,
562.65166,Escherichia coli strain AMC_525,562,amoxicillin,susceptible,Susceptible,,,,,Laboratory Method,,
562.65173,Escherichia coli strain AMC_524,562,amoxicillin,resistant,Resistant,,,,,Laboratory Method,,
562.65185,Escherichia coli strain AMC_519,562,amoxicillin,susceptible,Susceptible,,,,,Laboratory Method,,
562.65203,Escherichia coli strain AMC_504,562,amoxicillin,resistant,Resistant,,,,,Laboratory Method,,
562.65204,Escherichia coli strain AMC_505,562,amoxicillin,resistant,Resistant,,,,,Laboratory Method,,
562.65204,Escherichia coli strain AMC_505,562,amoxicillin,susceptible,Susceptible,,,,,Laboratory Method,,
562.65206,Escherichia coli strain AMC_508,562,amoxicillin,resistant,Resistant,,,,,Laboratory Method,,
562.65207,Escherichia coli strain AMC_493,562,amoxicillin,resistant,Resistant,,,,,Laboratory Method,,
562.65212,Escherichia coli strain AMC_488,562,amoxicillin,resistant,Resistant,,,,,Laboratory Method,,
562.65219,Escherichia coli strain AMC_483,562,amoxicillin,resistant,Resistant,,,,,Laboratory Method,,
562.65223,Escherichia coli strain AMC_485,562,amoxicillin,resistant,Resistant,,,,,Laboratory Method,,
562.65225,Escherichia coli strain AMC_479,562,amoxicillin,resistant,Resistant,,,,,Laboratory Method,,
562.65235,Escherichia coli strain AMC_467,562,amoxicillin,resistant,Resistant,,,,,Laboratory Method,,
562.65236,Escherichia coli strain AMC_466,562,amoxicillin,susceptible,Susceptible,,,,,Laboratory Method,,
562.65237,Escherichia coli strain AMC_476,562,amoxicillin,resistant,Resistant,,,,,Laboratory Method,,
562.65237,Escherichia coli strain AMC_476,562,amoxicillin,susceptible,Susceptible,,,,,Laboratory Method,,
562.65239,Escherichia coli strain AMC_475,562,amoxicillin,resistant,Resistant,,,,,Laboratory Method,,
562.65239,Escherichia coli strain AMC_475,562,amoxicillin,susceptible,Susceptible,,,,,Laboratory Method,,
562.65242,Escherichia coli strain AMC_465,562,amoxicillin,resistant,Resistant,,,,,Laboratory Method,,
562.65242,Escherichia coli strain AMC_465,562,amoxicillin,susceptible,Susceptible,,,,,Laboratory Method,,
562.65244,Escherichia coli strain AMC_458,562,amoxicillin,susceptible,Susceptible,,,,,Laboratory Method,,
562.65246,Escherichia coli strain AMC_456,562,amoxicillin,resistant,Resistant,,,,,Laboratory Method,,
562.65246,Escherichia coli strain AMC_456,562,amoxicillin,susceptible,Susceptible,,,,,Laboratory Method,,
562.65255,Escherichia coli strain AMC_454,562,amoxicillin,susceptible,Susceptible,,,,,Laboratory Method,,
562.65259,Escherichia coli strain AMC_448,562,amoxicillin,resistant,Resistant,,,,,Laboratory Method,,
562.65259,Escherichia coli strain AMC_448,562,amoxicillin,susceptible,Susceptible,,,,,Laboratory Method,,
562.65260,Escherichia coli strain AMC_447,562,amoxicillin,resistant,Resistant,,,,,Laboratory Method,,
562.65262,Escherichia coli strain AMC_443,562,amoxicillin,susceptible,Susceptible,,,,,Laboratory Method,,
562.65263,Escherichia coli strain AMC_434,562,amoxicillin,susceptible,Susceptible,,,,,Laboratory Method,,
562.65265,Escherichia coli strain AMC_437,562,amoxicillin,resistant,Resistant,,,,,Laboratory Method,,
562.65265,Escherichia coli strain AMC_437,562,amoxicillin,susceptible,Susceptible,,,,,Laboratory Method,,
562.65267,Escherichia coli strain AMC_435,562,amoxicillin,susceptible,Susceptible,,,,,Laboratory Method,,
562.65268,Escherichia coli strain AMC_441,562,amoxicillin,resistant,Resistant,,,,,Laboratory Method,,
562.65268,Escherichia coli strain AMC_441,562,amoxicillin,susceptible,Susceptible,,,,,Laboratory Method,,
562.65269,Escherichia coli strain AMC_440,562,amoxicillin,resistant,Resistant,,,,,Laboratory Method,,
562.65269,Escherichia coli strain AMC_440,562,amoxicillin,susceptible,Susceptible,,,,,Laboratory Method,,
562.65282,Escherichia coli strain AMC_425,562,amoxicillin,resistant,Resistant,,,,,Laboratory Method,,
562.65282,Escherichia coli strain AMC_425,562,amoxicillin,susceptible,Susceptible,,,,,Laboratory Method,,
562.65285,Escherichia coli strain AMC_420,562,amoxicillin,resistant,Resistant,,,,,Laboratory Method,,
562.65285,Escherichia coli strain AMC_420,562,amoxicillin,susceptible,Susceptible,,,,,Laboratory Method,,
562.65287,Escherichia coli strain AMC_418,562,amoxicillin,resistant,Resistant,,,,,Laboratory Method,,
562.65288,Escherichia coli strain AMC_414,562,amoxicillin,resistant,Resistant,,,,,Laboratory Method,,
562.65298,Escherichia coli strain AMC_403,562,amoxicillin,resistant,Resistant,,,,,Laboratory Method,,
562.65298,Escherichia coli strain AMC_403,562,amoxicillin,susceptible,Susceptible,,,,,Laboratory Method,,
562.65302,Escherichia coli strain AMC_409,562,amoxicillin,resistant,Resistant,,,,,Laboratory Method,,
562.65302,Escherichia coli strain AMC_409,562,amoxicillin,susceptible,Susceptible,,,,,Laboratory Method,,
562.65304,Escherichia coli strain AMC_406,562,amoxicillin,resistant,Resistant,,,,,Laboratory Method,,
562.65310,Escherichia coli strain AMC_86,562,amoxicillin,resistant,Resistant,,,,,Laboratory Method,,
562.65312,Escherichia coli strain AMC_397,562,amoxicillin,susceptible,Susceptible,,,,,Laboratory Method,,
562.65316,Escherichia coli strain AMC_82,562,amoxicillin,resistant,Resistant,,,,,Laboratory Method,,
562.65323,Escherichia coli strain AMC_77,562,amoxicillin,resistant,Resistant,,,,,Laboratory Method,,
562.65325,Escherichia coli strain AMC_78,562,amoxicillin,resistant,Resistant,,,,,Laboratory Method,,
562.65329,Escherichia coli strain AMC_68,562,amoxicillin,resistant,Resistant,,,,,Laboratory Method,,
562.65329,Escherichia coli strain AMC_68,562,amoxicillin,susceptible,Susceptible,,,,,Laboratory Method,,
562.65332,Escherichia coli strain AMC_63,562,amoxicillin,resistant,Resistant,,,,,Laboratory Method,,
562.65333,Escherichia coli strain AMC_61,562,amoxicillin,resistant,Resistant,,,,,Laboratory Method,,
562.65341,Escherichia coli strain AMC_391,562,amoxicillin,resistant,Resistant,,,,,Laboratory Method,,
562.65341,Escherichia coli strain AMC_391,562,amoxicillin,susceptible,Susceptible,,,,,Laboratory Method,,
562.65342,Escherichia coli strain AMC_392,562,amoxicillin,resistant,Resistant,,,,,Laboratory Method,,
562.65358,Escherichia coli strain AMC_381,562,amoxicillin,resistant,Resistant,,,,,Laboratory Method,,
562.65359,Escherichia coli strain AMC_380,562,amoxicillin,resistant,Resistant,,,,,Laboratory Method,,
562.65359,Escherichia coli strain AMC_380,562,amoxicillin,susceptible,Susceptible,,,,,Laboratory Method,,
562.65361,Escherichia coli strain AMC_368,562,amoxicillin,susceptible,Susceptible,,,,,Laboratory Method,,
562.65365,Escherichia coli strain AMC_58,562,amoxicillin,resistant,Resistant,,,,,Laboratory Method,,
562.65374,Escherichia coli strain AMC_51,562,amoxicillin,resistant,Resistant,,,,,Laboratory Method,,
562.65374,Escherichia coli strain AMC_51,562,amoxicillin,susceptible,Susceptible,,,,,Laboratory Method,,
562.65381,Escherichia coli strain AMC_43,562,amoxicillin,resistant,Resistant,,,,,Laboratory Method,,
562.65382,Escherichia coli strain AMC_44,562,amoxicillin,resistant,Resistant,,,,,Laboratory Method,,
562.65382,Escherichia coli strain AMC_44,562,amoxicillin,susceptible,Susceptible,,,,,Laboratory Method,,
562.65390,Escherichia coli strain AMC_36,562,amoxicillin,resistant,Resistant,,,,,Laboratory Method,,
562.65390,Escherichia coli strain AMC_36,562,amoxicillin,susceptible,Susceptible,,,,,Laboratory Method,,
562.65392,Escherichia coli strain AMC_32,562,amoxicillin,resistant,Resistant,,,,,Laboratory Method,,
562.65392,Escherichia coli strain AMC_32,562,amoxicillin,susceptible,Susceptible,,,,,Laboratory Method,,
562.65397,Escherichia coli strain AMC_28,562,amoxicillin,susceptible,Susceptible,,,,,Laboratory Method,,
562.65400,Escherichia coli strain AMC_29,562,amoxicillin,resistant,Resistant,,,,,Laboratory Method,,
562.65406,Escherichia coli strain AMC_19,562,amoxicillin,resistant,Resistant,,,,,Laboratory Method,,
562.65411,Escherichia coli strain AMC_10,562,amoxicillin,resistant,Resistant,,,,,Laboratory Method,,
562.65423,Escherichia coli strain AMC_816,562,amoxicillin,resistant,Resistant,,,,,Laboratory Method,,
562.65423,Escherichia coli strain AMC_816,562,amoxicillin,susceptible,Susceptible,,,,,Laboratory Method,,
562.65426,Escherichia coli strain AMC_7,562,amoxicillin,resistant,Resistant,,,,,Laboratory Method,,
562.65427,Escherichia coli strain AMC_6,562,amoxicillin,resistant,Resistant,,,,,Laboratory Method,,
562.65427,Escherichia coli strain AMC_6,562,amoxicillin,susceptible,Susceptible,,,,,Laboratory Method,,
562.65428,Escherichia coli strain AMC_865,562,amoxicillin,resistant,Resistant,,,,,Laboratory Method,,
562.65432,Escherichia coli strain AMC_867,562,amoxicillin,susceptible,Susceptible,,,,,Laboratory Method,,
562.65438,Escherichia coli strain AMC_850,562,amoxicillin,resistant,Resistant,,,,,Laboratory Method,,
562.65438,Escherichia coli strain AMC_850,562,amoxicillin,susceptible,Susceptible,,,,,Laboratory Method,,
562.65441,Escherichia coli strain AMC_843,562,amoxicillin,resistant,Resistant,,,,,Laboratory Method,,
562.65441,Escherichia coli strain AMC_843,562,amoxicillin,susceptible,Susceptible,,,,,Laboratory Method,,
562.65446,Escherichia coli strain AMC_725,562,amoxicillin,resistant,Resistant,,,,,Laboratory Method,,
562.65446,Escherichia coli strain AMC_725,562,amoxicillin,susceptible,Susceptible,,,,,Laboratory Method,,
562.65447,Escherichia coli strain AMC_722,562,amoxicillin,resistant,Resistant,,,,,Laboratory Method,,
562.65448,Escherichia coli strain AMC_724,562,amoxicillin,susceptible,Susceptible,,,,,Laboratory Method,,
562.65448,Escherichia coli strain AMC_724,562,amoxicillin,resistant,Resistant,,,,,Laboratory Method,,
562.65457,Escherichia coli strain AMC_716,562,amoxicillin,resistant,Resistant,,,,,Laboratory Method,,
562.65457,Escherichia coli strain AMC_716,562,amoxicillin,susceptible,Susceptible,,,,,Laboratory Method,,
562.65459,Escherichia coli strain AMC_714,562,amoxicillin,resistant,Resistant,,,,,Laboratory Method,,
562.65459,Escherichia coli strain AMC_714,562,amoxicillin,susceptible,Susceptible,,,,,Laboratory Method,,
562.65462,Escherichia coli strain AMC_703,562,amoxicillin,susceptible,Susceptible,,,,,Laboratory Method,,
562.65463,Escherichia coli strain AMC_169,562,amoxicillin,susceptible,Susceptible,,,,,Laboratory Method,,
562.65464,Escherichia coli strain AMC_168,562,amoxicillin,resistant,Resistant,,,,,Laboratory Method,,
562.65464,Escherichia coli strain AMC_168,562,amoxicillin,susceptible,Susceptible,,,,,Laboratory Method,,
562.65465,Escherichia coli strain AMC_707,562,amoxicillin,resistant,Resistant,,,,,Laboratory Method,,
562.65470,Escherichia coli strain AMC_710,562,amoxicillin,resistant,Resistant,,,,,Laboratory Method,,
562.65470,Escherichia coli strain AMC_710,562,amoxicillin,susceptible,Susceptible,,,,,Laboratory Method,,
562.65476,Escherichia coli strain AMC_158,562,amoxicillin,resistant,Resistant,,,,,Laboratory Method,,
562.65479,Escherichia coli strain AMC_159,562,amoxicillin,resistant,Resistant,,,,,Laboratory Method,,
562.65479,Escherichia coli strain AMC_159,562,amoxicillin,susceptible,Susceptible,,,,,Laboratory Method,,
562.65480,Escherichia coli strain AMC_167,562,amoxicillin,resistant,Resistant,,,,,Laboratory Method,,
562.65484,Escherichia coli strain AMC_155,562,amoxicillin,resistant,Resistant,,,,,Laboratory Method,,
562.65488,Escherichia coli strain AMC_149,562,amoxicillin,susceptible,Susceptible,,,,,Laboratory Method,,
562.65490,Escherichia coli strain AMC_148,562,amoxicillin,susceptible,Susceptible,,,,,Laboratory Method,,
562.65497,Escherichia coli strain AMC_698,562,amoxicillin,resistant,Resistant,,,,,Laboratory Method,,
562.65497,Escherichia coli strain AMC_698,562,amoxicillin,susceptible,Susceptible,,,,,Laboratory Method,,
562.65498,Escherichia coli strain AMC_700,562,amoxicillin,resistant,Resistant,,,,,Laboratory Method,,
562.65499,Escherichia coli strain AMC_701,562,amoxicillin,resistant,Resistant,,,,,Laboratory Method,,
562.65499,Escherichia coli strain AMC_701,562,amoxicillin,susceptible,Susceptible,,,,,Laboratory Method,,
562.65504,Escherichia coli strain AMC_145,562,amoxicillin,resistant,Resistant,,,,,Laboratory Method,,
562.65506,Escherichia coli strain AMC_693,562,amoxicillin,resistant,Resistant,,,,,Laboratory Method,,
562.65506,Escherichia coli strain AMC_693,562,amoxicillin,susceptible,Susceptible,,,,,Laboratory Method,,
562.65509,Escherichia coli strain AMC_684,562,amoxicillin,resistant,Resistant,,,,,Laboratory Method,,
562.65510,Escherichia coli strain AMC_686,562,amoxicillin,resistant,Resistant,,,,,Laboratory Method,,
562.65510,Escherichia coli strain AMC_686,562,amoxicillin,susceptible,Susceptible,,,,,Laboratory Method,,
562.65513,Escherichia coli strain AMC_690,562,amoxicillin,resistant,Resistant,,,,,Laboratory Method,,
562.65514,Escherichia coli strain AMC_688,562,amoxicillin,resistant,Resistant,,,,,Laboratory Method,,
562.65516,Escherichia coli strain AMC_681,562,amoxicillin,resistant,Resistant,,,,,Laboratory Method,,
562.65522,Escherichia coli strain AMC_677,562,amoxicillin,resistant,Resistant,,,,,Laboratory Method,,
562.65524,Escherichia coli strain AMC_682,562,amoxicillin,resistant,Resistant,,,,,Laboratory Method,,
562.65524,Escherichia coli strain AMC_682,562,amoxicillin,susceptible,Susceptible,,,,,Laboratory Method,,
562.65528,Escherichia coli strain AMC_669,562,amoxicillin,resistant,Resistant,,,,,Laboratory Method,,
562.65530,Escherichia coli strain AMC_670,562,amoxicillin,resistant,Resistant,,,,,Laboratory Method,,
562.65530,Escherichia coli strain AMC_670,562,amoxicillin,susceptible,Susceptible,,,,,Laboratory Method,,
562.65536,Escherichia coli strain AMC_666,562,amoxicillin,resistant,Resistant,,,,,Laboratory Method,,
562.65536,Escherichia coli strain AMC_666,562,amoxicillin,susceptible,Susceptible,,,,,Laboratory Method,,
562.65538,Escherichia coli strain AMC_652,562,amoxicillin,resistant,Resistant,,,,,Laboratory Method,,
562.65538,Escherichia coli strain AMC_652,562,amoxicillin,susceptible,Susceptible,,,,,Laboratory Method,,
562.65545,Escherichia coli strain AMC_660,562,amoxicillin,resistant,Resistant,,,,,Laboratory Method,,
562.65545,Escherichia coli strain AMC_660,562,amoxicillin,susceptible,Susceptible,,,,,Laboratory Method,,
562.65550,Escherichia coli strain AMC_649,562,amoxicillin,resistant,Resistant,,,,,Laboratory Method,,
562.65554,Escherichia coli strain AMC_645,562,amoxicillin,resistant,Resistant,,,,,Laboratory Method,,
562.65554,Escherichia coli strain AMC_645,562,amoxicillin,susceptible,Susceptible,,,,,Laboratory Method,,
562.65558,Escherichia coli strain AMC_647,562,amoxicillin,resistant,Resistant,,,,,Laboratory Method,,
562.65558,Escherichia coli strain AMC_647,562,amoxicillin,susceptible,Susceptible,,,,,Laboratory Method,,
562.65559,Escherichia coli strain AMC_650,562,amoxicillin,resistant,Resistant,,,,,Laboratory Method,,
562.65559,Escherichia coli strain AMC_650,562,amoxicillin,susceptible,Susceptible,,,,,Laboratory Method,,
562.65560,Escherichia coli strain AMC_637,562,amoxicillin,resistant,Resistant,,,,,Laboratory Method,,
562.65562,Escherichia coli strain AMC_636,562,amoxicillin,resistant,Resistant,,,,,Laboratory Method,,
562.65562,Escherichia coli strain AMC_636,562,amoxicillin,susceptible,Susceptible,,,,,Laboratory Method,,
562.65564,Escherichia coli strain AMC_635,562,amoxicillin,resistant,Resistant,,,,,Laboratory Method,,
562.65564,Escherichia coli strain AMC_635,562,amoxicillin,susceptible,Susceptible,,,,,Laboratory Method,,
562.65566,Escherichia coli strain AMC_632,562,amoxicillin,resistant,Resistant,,,,,Laboratory Method,,
562.65566,Escherichia coli strain AMC_632,562,amoxicillin,susceptible,Susceptible,,,,,Laboratory Method,,
562.65567,Escherichia coli strain AMC_631,562,amoxicillin,susceptible,Susceptible,,,,,Laboratory Method,,
562.65572,Escherichia coli strain AMC_626,562,amoxicillin,resistant,Resistant,,,,,Laboratory Method,,
562.65572,Escherichia coli strain AMC_626,562,amoxicillin,susceptible,Susceptible,,,,,Laboratory Method,,
562.65575,Escherichia coli strain AMC_624,562,amoxicillin,resistant,Resistant,,,,,Laboratory Method,,
562.65575,Escherichia coli strain AMC_624,562,amoxicillin,susceptible,Susceptible,,,,,Laboratory Method,,
562.65577,Escherichia coli strain AMC_619,562,amoxicillin,resistant,Resistant,,,,,Laboratory Method,,
562.65583,Escherichia coli strain AMC_612,562,amoxicillin,resistant,Resistant,,,,,Laboratory Method,,
562.65583,Escherichia coli strain AMC_612,562,amoxicillin,susceptible,Susceptible,,,,,Laboratory Method,,
562.65585,Escherichia coli strain AMC_615,562,amoxicillin,resistant,Resistant,,,,,Laboratory Method,,
562.65588,Escherichia coli strain AMC_609,562,amoxicillin,resistant,Resistant,,,,,Laboratory Method,,
562.65590,Escherichia coli strain AMC_610,562,amoxicillin,resistant,Resistant,,,,,Laboratory Method,,
562.65590,Escherichia coli strain AMC_610,562,amoxicillin,susceptible,Susceptible,,,,,Laboratory Method,,
562.65594,Escherichia coli strain AMC_617,562,amoxicillin,resistant,Resistant,,,,,Laboratory Method,,
562.65594,Escherichia coli strain AMC_617,562,amoxicillin,susceptible,Susceptible,,,,,Laboratory Method,,
562.65596,Escherichia coli strain AMC_603,562,amoxicillin,resistant,Resistant,,,,,Laboratory Method,,
562.65598,Escherichia coli strain AMC_604,562,amoxicillin,resistant,Resistant,,,,,Laboratory Method,,
562.65598,Escherichia coli strain AMC_604,562,amoxicillin,susceptible,Susceptible,,,,,Laboratory Method,,
562.65605,Escherichia coli strain AMC_606,562,amoxicillin,resistant,Resistant,,,,,Laboratory Method,,
562.65608,Escherichia coli strain AMC_140,562,amoxicillin,susceptible,Susceptible,,,,,Laboratory Method,,
562.65611,Escherichia coli strain AMC_595,562,amoxicillin,resistant,Resistant,,,,,Laboratory Method,,
562.65611,Escherichia coli strain AMC_595,562,amoxicillin,susceptible,Susceptible,,,,,Laboratory Method,,
562.65612,Escherichia coli strain AMC_591,562,amoxicillin,resistant,Resistant,,,,,Laboratory Method,,
562.65612,Escherichia coli strain AMC_591,562,amoxicillin,susceptible,Susceptible,,,,,Laboratory Method,,
562.65613,Escherichia coli strain AMC_141,562,amoxicillin,resistant,Resistant,,,,,Laboratory Method,,
562.65613,Escherichia coli strain AMC_141,562,amoxicillin,susceptible,Susceptible,,,,,Laboratory Method,,
562.65616,Escherichia coli strain AMC_593,562,amoxicillin,susceptible,Susceptible,,,,,Laboratory Method,,
562.65631,Escherichia coli strain AMC_119,562,amoxicillin,resistant,Resistant,,,,,Laboratory Method,,
562.65631,Escherichia coli strain AMC_119,562,amoxicillin,susceptible,Susceptible,,,,,Laboratory Method,,
562.65633,Escherichia coli strain AMC_123,562,amoxicillin,resistant,Resistant,,,,,Laboratory Method,,
562.65633,Escherichia coli strain AMC_123,562,amoxicillin,susceptible,Susceptible,,,,,Laboratory Method,,
562.65636,Escherichia coli strain AMC_116,562,amoxicillin,resistant,Resistant,,,,,Laboratory Method,,
562.65636,Escherichia coli strain AMC_116,562,amoxicillin,susceptible,Susceptible,,,,,Laboratory Method,,
562.65638,Escherichia coli strain AMC_124,562,amoxicillin,resistant,Resistant,,,,,Laboratory Method,,
562.65638,Escherichia coli strain AMC_124,562,amoxicillin,susceptible,Susceptible,,,,,Laboratory Method,,
562.65645,Escherichia coli strain AMC_588,562,amoxicillin,resistant,Resistant,,,,,Laboratory Method,,
562.65650,Escherichia coli strain AMC_590,562,amoxicillin,resistant,Resistant,,,,,Laboratory Method,,
562.65650,Escherichia coli strain AMC_590,562,amoxicillin,susceptible,Susceptible,,,,,Laboratory Method,,
562.65658,Escherichia coli strain AMC_574,562,amoxicillin,susceptible,Susceptible,,,,,Laboratory Method,,
562.65662,Escherichia coli strain AMC_564,562,amoxicillin,resistant,Resistant,,,,,Laboratory Method,,
562.65665,Escherichia coli strain AMC_567,562,amoxicillin,susceptible,Susceptible,,,,,Laboratory Method,,
562.65667,Escherichia coli strain AMC_196,562,amoxicillin,resistant,Resistant,,,,,Laboratory Method,,
562.65671,Escherichia coli strain AMC_195,562,amoxicillin,resistant,Resistant,,,,,Laboratory Method,,
562.65673,Escherichia coli strain AMC_193,562,amoxicillin,resistant,Resistant,,,,,Laboratory Method,,
562.65673,Escherichia coli strain AMC_193,562,amoxicillin,susceptible,Susceptible,,,,,Laboratory Method,,
562.65674,Escherichia coli strain AMC_192,562,amoxicillin,resistant,Resistant,,,,,Laboratory Method,,
562.65674,Escherichia coli strain AMC_192,562,amoxicillin,susceptible,Susceptible,,,,,Laboratory Method,,
562.65677,Escherichia coli strain AMC_191,562,amoxicillin,resistant,Resistant,,,,,Laboratory Method,,
562.65677,Escherichia coli strain AMC_191,562,amoxicillin,susceptible,Susceptible,,,,,Laboratory Method,,
562.65682,Escherichia coli strain AMC_188,562,amoxicillin,susceptible,Susceptible,,,,,Laboratory Method,,
562.65686,Escherichia coli strain AMC_807,562,amoxicillin,susceptible,Susceptible,,,,,Laboratory Method,,
562.65688,Escherichia coli strain AMC_811,562,amoxicillin,susceptible,Susceptible,,,,,Laboratory Method,,
562.65691,Escherichia coli strain AMC_814,562,amoxicillin,resistant,Resistant,,,,,Laboratory Method,,
562.65691,Escherichia coli strain AMC_814,562,amoxicillin,susceptible,Susceptible,,,,,Laboratory Method,,
562.65694,Escherichia coli strain AMC_805,562,amoxicillin,resistant,Resistant,,,,,Laboratory Method,,
562.65695,Escherichia coli strain AMC_796,562,amoxicillin,resistant,Resistant,,,,,Laboratory Method,,
562.65695,Escherichia coli strain AMC_796,562,amoxicillin,susceptible,Susceptible,,,,,Laboratory Method,,
562.65702,Escherichia coli strain AMC_799,562,amoxicillin,resistant,Resistant,,,,,Laboratory Method,,
562.65704,Escherichia coli strain AMC_793,562,amoxicillin,resistant,Resistant,,,,,Laboratory Method,,
562.65704,Escherichia coli strain AMC_793,562,amoxicillin,susceptible,Susceptible,,,,,Laboratory Method,,
562.65710,Escherichia coli strain AMC_787,562,amoxicillin,resistant,Resistant,,,,,Laboratory Method,,
562.65716,Escherichia coli strain AMC_782,562,amoxicillin,resistant,Resistant,,,,,Laboratory Method,,
562.65720,Escherichia coli strain AMC_775,562,amoxicillin,resistant,Resistant,,,,,Laboratory Method,,
562.65722,Escherichia coli strain AMC_779,562,amoxicillin,resistant,Resistant,,,,,Laboratory Method,,
562.65723,Escherichia coli strain AMC_778,562,amoxicillin,resistant,Resistant,,,,,Laboratory Method,,
562.65725,Escherichia coli strain AMC_772,562,amoxicillin,resistant,Resistant,,,,,Laboratory Method,,
562.65725,Escherichia coli strain AMC_772,562,amoxicillin,susceptible,Susceptible,,,,,Laboratory Method,,
562.65726,Escherichia coli strain AMC_774,562,amoxicillin,resistant,Resistant,,,,,Laboratory Method,,
562.65726,Escherichia coli strain AMC_774,562,amoxicillin,susceptible,Susceptible,,,,,Laboratory Method,,
562.65730,Escherichia coli strain AMC_767,562,amoxicillin,susceptible,Susceptible,,,,,Laboratory Method,,
562.65733,Escherichia coli strain AMC_223,562,amoxicillin,resistant,Resistant,,,,,Laboratory Method,,
562.65733,Escherichia coli strain AMC_223,562,amoxicillin,susceptible,Susceptible,,,,,Laboratory Method,,
562.65736,Escherichia coli strain AMC_225,562,amoxicillin,resistant,Resistant,,,,,Laboratory Method,,
562.65739,Escherichia coli strain AMC_760,562,amoxicillin,resistant,Resistant,,,,,Laboratory Method,,
562.65741,Escherichia coli strain AMC_222,562,amoxicillin,resistant,Resistant,,,,,Laboratory Method,,
562.65741,Escherichia coli strain AMC_222,562,amoxicillin,susceptible,Susceptible,,,,,Laboratory Method,,
562.65749,Escherichia coli strain AMC_762,562,amoxicillin,resistant,Resistant,,,,,Laboratory Method,,
562.65752,Escherichia coli strain AMC_207,562,amoxicillin,susceptible,Susceptible,,,,,Laboratory Method,,
562.65756,Escherichia coli strain AMC_208,562,amoxicillin,susceptible,Susceptible,,,,,Laboratory Method,,
562.65758,Escherichia coli strain AMC_210,562,amoxicillin,resistant,Resistant,,,,,Laboratory Method,,
562.65758,Escherichia coli strain AMC_210,562,amoxicillin,susceptible,Susceptible,,,,,Laboratory Method,,
562.65763,Escherichia coli strain AMC_201,562,amoxicillin,resistant,Resistant,,,,,Laboratory Method,,
562.65763,Escherichia coli strain AMC_201,562,amoxicillin,susceptible,Susceptible,,,,,Laboratory Method,,
562.65765,Escherichia coli strain AMC_205,562,amoxicillin,resistant,Resistant,,,,,Laboratory Method,,
562.65765,Escherichia coli strain AMC_205,562,amoxicillin,susceptible,Susceptible,,,,,Laboratory Method,,
562.48345,Escherichia coli 590,562,amoxicillin/clavulanic acid,resistant,Resistant,>32,32,mg/L,>,Laboratory Method,,
562.48346,Escherichia coli 290,562,amoxicillin/clavulanic acid,resistant,Resistant,>32,32,mg/L,>,Laboratory Method,,
562.48348,Escherichia coli 292,562,amoxicillin/clavulanic acid,resistant,Resistant,>32,32,mg/L,>,Laboratory Method,,
562.48349,Escherichia coli 291,562,amoxicillin/clavulanic acid,resistant,Resistant,>32,32,mg/L,>,Laboratory Method,,
562.65796,Escherichia coli strain 123074,562,amoxicillin/clavulanic acid,susceptible,Susceptible,,,,,Laboratory Method,,
562.65797,Escherichia coli strain 123445,562,amoxicillin/clavulanic acid,susceptible,Susceptible,,,,,Laboratory Method,,
562.65798,Escherichia coli strain E003488,562,amoxicillin/clavulanic acid,susceptible,Susceptible,,,,,Laboratory Method,,
562.65799,Escherichia coli strain E006910,562,amoxicillin/clavulanic acid,susceptible,Susceptible,,,,,Laboratory Method,,
562.65800,Escherichia coli strain R56,562,amoxicillin/clavulanic acid,susceptible,Susceptible,,,,,Laboratory Method,,
562.65801,Escherichia coli strain R37,562,amoxicillin/clavulanic acid,susceptible,Susceptible,,,,,Laboratory Method,,
562.65803,Escherichia coli strain R107,562,amoxicillin/clavulanic acid,susceptible,Susceptible,,,,,Laboratory Method,,
562.65804,Escherichia coli strain R208,562,amoxicillin/clavulanic acid,susceptible,Susceptible,,,,,Laboratory Method,,
562.65805,Escherichia coli strain R299,562,amoxicillin/clavulanic acid,susceptible,Susceptible,,,,,Laboratory Method,,
562.65806,Escherichia coli strain R392,562,amoxicillin/clavulanic acid,susceptible,Susceptible,,,,,Laboratory Method,,
562.65807,Escherichia coli strain R423,562,amoxicillin/clavulanic acid,susceptible,Susceptible,,,,,Laboratory Method,,
562.65808,Escherichia coli strain R432,562,amoxicillin/clavulanic acid,susceptible,Susceptible,,,,,Laboratory Method,,
562.65809,Escherichia coli strain RS119,562,amoxicillin/clavulanic acid,susceptible,Susceptible,,,,,Laboratory Method,,
562.65810,Escherichia coli strain RS153,562,amoxicillin/clavulanic acid,susceptible,Susceptible,,,,,Laboratory Method,,
562.65811,Escherichia coli strain RS254,562,amoxicillin/clavulanic acid,susceptible,Susceptible,,,,,Laboratory Method,,
562.65812,Escherichia coli strain RS288,562,amoxicillin/clavulanic acid,susceptible,Susceptible,,,,,Laboratory Method,,
562.65814,Escherichia coli strain V139,562,amoxicillin/clavulanic acid,susceptible,Susceptible,,,,,Laboratory Method,,
562.65815,Escherichia coli strain RS334,562,amoxicillin/clavulanic acid,susceptible,Susceptible,,,,,Laboratory Method,,
562.65817,Escherichia coli strain V177,562,amoxicillin/clavulanic acid,susceptible,Susceptible,,,,,Laboratory Method,,
562.65818,Escherichia coli strain RS371,562,amoxicillin/clavulanic acid,susceptible,Susceptible,,,,,Laboratory Method,,
562.65819,Escherichia coli strain V161,562,amoxicillin/clavulanic acid,susceptible,Susceptible,,,,,Laboratory Method,,
1328432.3,Escherichia coli BWH 32,1328432,ampicillin,susceptible,Susceptible,,,,,Laboratory Method,Broth dilution,
1328433.3,Escherichia coli BWH 34,1328433,ampicillin,resistant,Resistant,,,,,Laboratory Method,Broth dilution,
1328434.3,Escherichia coli BWH 40,1328434,ampicillin,resistant,Resistant,,,,,Laboratory Method,Broth dilution,
1438684.3,Escherichia coli CHS 68,1438684,ampicillin,resistant,Resistant,,,,,Laboratory Method,Broth dilution,
1438685.3,Escherichia coli CHS 69,1438685,ampicillin,resistant,Resistant,,,,,Laboratory Method,Broth dilution,
1438686.3,Escherichia coli CHS 77,1438686,ampicillin,resistant,Resistant,,,,,Laboratory Method,Broth dilution,
562.135559,Escherichia coli MGL_90,562,ampicillin,resistant,Resistant,,,,,Laboratory Method,Disk diffusion,
562.135560,Escherichia coli MGL_106,562,ampicillin,resistant,Resistant,,,,,Laboratory Method,Disk diffusion,
562.135561,Escherichia coli MGL_91,562,ampicillin,resistant,Resistant,,,,,Laboratory Method,Disk diffusion,
562.135562,Escherichia coli MGL_87,562,ampicillin,resistant,Resistant,,,,,Laboratory Method,Disk diffusion,
562.135563,Escherichia coli MGL_86,562,ampicillin,resistant,Resistant,,,,,Laboratory Method,Disk diffusion,
562.135564,Escherichia coli 20200203_MGL_08,562,ampicillin,resistant,Resistant,,,,,Laboratory Method,Disk diffusion,
562.135565,Escherichia coli MGL_82,562,ampicillin,resistant,Resistant,,,,,Laboratory Method,Disk diffusion,
562.135567,Escherichia coli 20200622_MGL_66,562,ampicillin,resistant,Resistant,,,,,Laboratory Method,Disk diffusion,
562.135568,Escherichia coli 20200622_MGL_67,562,ampicillin,resistant,Resistant,,,,,Laboratory Method,Disk diffusion,
562.135570,Escherichia coli 20200203_MGL_22,562,ampicillin,resistant,Resistant,,,,,Laboratory Method,Disk diffusion,
562.135571,Escherichia coli MGL_125,562,ampicillin,resistant,Resistant,,,,,Laboratory Method,Disk diffusion,
562.135572,Escherichia coli MGL_123,562,ampicillin,resistant,Resistant,,,,,Laboratory Method,Disk diffusion,
562.135573,Escherichia coli MGL_117,562,ampicillin,resistant,Resistant,,,,,Laboratory Method,Disk diffusion,
562.135574,Escherichia coli MGL_116,562,ampicillin,resistant,Resistant,,,,,Laboratory Method,Disk diffusion,
562.135575,Escherichia coli MGL_118,562,ampicillin,resistant,Resistant,,,,,Laboratory Method,Disk diffusion,
562.135576,Escherichia coli 20200203_MGL_04,562,ampicillin,resistant,Resistant,,,,,Laboratory Method,Disk diffusion,
562.135577,Escherichia coli 20200203_MGL_11,562,ampicillin,resistant,Resistant,,,,,Laboratory Method,Disk diffusion,
562.135578,Escherichia coli 20200203_MGL_16,562,ampicillin,resistant,Resistant,,,,,Laboratory Method,Disk diffusion,
562.135579,Escherichia coli MGL_1560,562,ampicillin,resistant,Resistant,,,,,Laboratory Method,Disk diffusion,
562.135580,Escherichia coli MGL_1550,562,ampicillin,resistant,Resistant,,,,,Laboratory Method,Disk diffusion,
562.135581,Escherichia coli 20200203_MGL_06,562,ampicillin,resistant,Resistant,,,,,Laboratory Method,Disk diffusion,
562.135582,Escherichia coli 20200203_MGL_05,562,ampicillin,resistant,Resistant,,,,,Laboratory Method,Disk diffusion,
562.135583,Escherichia coli 20200317_MGL_35,562,ampicillin,resistant,Resistant,,,,,Laboratory Method,Disk diffusion,
562.135584,Escherichia coli 20200203_MGL_20,562,ampicillin,resistant,Resistant,12,12,mm,,Laboratory Method,Disk diffusion,
562.135586,Escherichia coli MGL_150,562,ampicillin,resistant,Resistant,,,,,Laboratory Method,Disk diffusion,
562.135587,Escherichia coli MGL_153,562,ampicillin,resistant,Resistant,,,,,Laboratory Method,Disk diffusion,
562.135588,Escherichia coli MGL_136,562,ampicillin,resistant,Resistant,,,,,Laboratory Method,Disk diffusion,
562.135589,Escherichia coli MGL_133,562,ampicillin,resistant,Resistant,,,,,Laboratory Method,Disk diffusion,
562.135591,Escherichia coli 20200203_MGL_12,562,ampicillin,resistant,Resistant,,,,,Laboratory Method,Disk diffusion,
562.135592,Escherichia coli MGL_131,562,ampicillin,resistant,Resistant,,,,,Laboratory Method,Disk diffusion,
562.135593,Escherichia coli MGL_126,562,ampicillin,resistant,Resistant,,,,,Laboratory Method,Disk diffusion,
562.135594,Escherichia coli 20200203_MGL_03,562,ampicillin,resistant,Resistant,,,,,Laboratory Method,Disk diffusion,
562.19151,Escherichia coli strain 104,562,ampicillin,resistant,Resistant,,,,,Laboratory Method,Disk diffusion,
562.42635,Escherichia coli strain 108,562,ampicillin,resistant,Resistant,,,,,Laboratory Method,Disk diffusion,
562.42686,Escherichia coli strain 24,562,ampicillin,resistant,Resistant,32,32,mg/L,>,Laboratory Method,Broth dilution,
562.48345,Escherichia coli 590,562,ampicillin,resistant,Resistant,>32,32,mg/L,>,Laboratory Method,,
562.48346,Escherichia coli 290,562,ampicillin,resistant,Resistant,>32,32,mg/L,>,Laboratory Method,,
562.48348,Escherichia coli 292,562,ampicillin,resistant,Resistant,>32,32,mg/L,>,Laboratory Method,,
562.48349,Escherichia coli 291,562,ampicillin,resistant,Resistant,>32,32,mg/L,>,Laboratory Method,,
562.58703,Escherichia coli strain 14036998,562,ampicillin,resistant,Resistant,128,128,mg/L,,Laboratory Method,Broth dilution,
562.58704,Escherichia coli strain 14037824,562,ampicillin,resistant,Resistant,128,128,mg/L,,Laboratory Method,Broth dilution,
562.58706,Escherichia coli strain 14043377,562,ampicillin,resistant,Resistant,>64,64,mg/L,>,Laboratory Method,Broth dilution,
562.58707,Escherichia coli strain 14043512,562,ampicillin,resistant,Resistant,128,128,mg/L,,Laboratory Method,Broth dilution,
562.58708,Escherichia coli strain 14044802,562,ampicillin,susceptible,Susceptible,2,2,mg/L,,Laboratory Method,Broth dilution,
562.58709,Escherichia coli strain 14045775,562,ampicillin,resistant,Resistant,>64,64,mg/L,>,Laboratory Method,Broth dilution,
562.58710,Escherichia coli strain 14065450,562,ampicillin,resistant,Resistant,64,64,mg/L,,Laboratory Method,Broth dilution,
562.58711,Escherichia coli strain 14063820,562,ampicillin,resistant,Resistant,128,128,mg/L,,Laboratory Method,Broth dilution,
562.58712,Escherichia coli strain 14053473,562,ampicillin,resistant,Resistant,64,64,mg/L,,Laboratory Method,Broth dilution,
562.58714,Escherichia coli strain 14047606,562,ampicillin,resistant,Resistant,64,64,mg/L,,Laboratory Method,Broth dilution,
562.58715,Escherichia coli strain 14050800,562,ampicillin,resistant,Resistant,128,128,mg/L,,Laboratory Method,Broth dilution,
562.58716,Escherichia coli strain 14057877,562,ampicillin,resistant,Resistant,64,64,mg/L,,Laboratory Method,Broth dilution,
562.58718,Escherichia coli strain 14062120,562,ampicillin,resistant,Resistant,128,128,mg/L,,Laboratory Method,Broth dilution,
562.58720,Escherichia coli strain 14060900,562,ampicillin,resistant,Resistant,64,64,mg/L,,Laboratory Method,Broth dilution,
562.58721,Escherichia coli strain 14066715,562,ampicillin,resistant,Resistant,128,128,mg/L,,Laboratory Method,Broth dilution,
562.58722,Escherichia coli strain 14067330,562,ampicillin,resistant,Resistant,64,64,mg/L,,Laboratory Method,Broth dilution,
562.58724,Escherichia coli strain 15038100,562,ampicillin,resistant,Resistant,128,128,mg/L,,Laboratory Method,Broth dilution,
562.58725,Escherichia coli strain 14091902,562,ampicillin,resistant,Resistant,128,128,mg/L,,Laboratory Method,Broth dilution,
562.58726,Escherichia coli strain 14085180,562,ampicillin,resistant,Resistant,64,64,mg/L,,Laboratory Method,Broth dilution,
562.58727,Escherichia coli strain 14083136,562,ampicillin,resistant,Resistant,64,64,mg/L,,Laboratory Method,Broth dilution,
562.58728,Escherichia coli strain 14087995,562,ampicillin,resistant,Resistant,128,128,mg/L,,Laboratory Method,Broth dilution,
562.58729,Escherichia coli strain 14073256,562,ampicillin,resistant,Resistant,128,128,mg/L,,Laboratory Method,Broth dilution,
562.58730,Escherichia coli strain 14077295,562,ampicillin,resistant,Resistant,64,64,mg/L,,Laboratory Method,Broth dilution,
562.58731,Escherichia coli strain 14072934,562,ampicillin,resistant,Resistant,128,128,mg/L,,Laboratory Method,Broth dilution,
562.58732,Escherichia coli strain 15051805,562,ampicillin,resistant,Resistant,128,128,mg/L,,Laboratory Method,Broth dilution,
562.58733,Escherichia coli strain 15050011,562,ampicillin,resistant,Resistant,128,128,mg/L,,Laboratory Method,Broth dilution,
562.58734,Escherichia coli strain 15054212,562,ampicillin,resistant,Resistant,128,128,mg/L,,Laboratory Method,Broth dilution,
562.58735,Escherichia coli strain 15056393,562,ampicillin,resistant,Resistant,128,128,mg/L,,Laboratory Method,Broth dilution,
562.58736,Escherichia coli strain 15062645,562,ampicillin,resistant,Resistant,128,128,mg/L,,Laboratory Method,Broth dilution,
562.58737,Escherichia coli strain 15057173,562,ampicillin,resistant,Resistant,128,128,mg/L,,Laboratory Method,Broth dilution,
562.58738,Escherichia coli strain 15078696,562,ampicillin,resistant,Resistant,128,128,mg/L,,Laboratory Method,Broth dilution,
562.58739,Escherichia coli strain 15056874,562,ampicillin,resistant,Resistant,128,128,mg/L,,Laboratory Method,Broth dilution,
562.58740,Escherichia coli strain 15056420,562,ampicillin,resistant,Resistant,128,128,mg/L,,Laboratory Method,Broth dilution,
562.58741,Escherichia coli strain 101,562,ampicillin,resistant,Resistant,,,,,Laboratory Method,Disk diffusion,
562.58743,Escherichia coli strain 103,562,ampicillin,resistant,Resistant,,,,,Laboratory Method,Disk diffusion,
562.58745,Escherichia coli strain 105,562,ampicillin,resistant,Resistant,,,,,Laboratory Method,Disk diffusion,
562.58747,Escherichia coli strain 110,562,ampicillin,resistant,Resistant,,,,,Laboratory Method,Disk diffusion,
562.58748,Escherichia coli strain 112,562,ampicillin,resistant,Resistant,,,,,Laboratory Method,Disk diffusion,
562.58749,Escherichia coli strain 111,562,ampicillin,resistant,Resistant,,,,,Laboratory Method,Disk diffusion,
562.58751,Escherichia coli strain 106,562,ampicillin,resistant,Resistant,,,,,Laboratory Method,Disk diffusion,
562.58753,Escherichia coli strain 113,562,ampicillin,resistant,Resistant,,,,,Laboratory Method,Disk diffusion,
562.58754,Escherichia coli strain 118,562,ampicillin,resistant,Resistant,,,,,Laboratory Method,Disk diffusion,
562.58755,Escherichia coli strain 117,562,ampicillin,resistant,Resistant,,,,,Laboratory Method,Disk diffusion,
562.58757,Escherichia coli strain 114,562,ampicillin,resistant,Resistant,,,,,Laboratory Method,Disk diffusion,
562.58759,Escherichia coli strain 119,562,ampicillin,resistant,Resistant,,,,,Laboratory Method,Disk diffusion,
562.58760,Escherichia coli strain 120,562,ampicillin,resistant,Resistant,,,,,Laboratory Method,Disk diffusion,
562.58761,Escherichia coli strain 201,562,ampicillin,resistant,Resistant,,,,,Laboratory Method,Disk diffusion,
562.58762,Escherichia coli strain 121,562,ampicillin,resistant,Resistant,,,,,Laboratory Method,Disk diffusion,
562.58763,Escherichia coli strain 202,562,ampicillin,resistant,Resistant,,,,,Laboratory Method,Disk diffusion,
562.58764,Escherichia coli strain 301,562,ampicillin,resistant,Resistant,,,,,Laboratory Method,Disk diffusion,
562.58765,Escherichia coli strain 302,562,ampicillin,resistant,Resistant,,,,,Laboratory Method,Disk diffusion,
562.58766,Escherichia coli strain 203,562,ampicillin,resistant,Resistant,,,,,Laboratory Method,Disk diffusion,
562.58767,Escherichia coli strain 204,562,ampicillin,resistant,Resistant,,,,,Laboratory Method,Disk diffusion,
562.58768,Escherichia coli strain 205,562,ampicillin,resistant,Resistant,,,,,Laboratory Method,Disk diffusion,
562.64824,Escherichia coli strain AMC_351,562,ampicillin,resistant,Resistant,,,,,Laboratory Method,,
562.64825,Escherichia coli strain AMC_353,562,ampicillin,susceptible,Susceptible,,,,,Laboratory Method,,
562.64826,Escherichia coli strain AMC_871,562,ampicillin,susceptible,Susceptible,,,,,Laboratory Method,,
562.64827,Escherichia coli strain AMC_352,562,ampicillin,resistant,Resistant,,,,,Laboratory Method,,
562.64828,Escherichia coli strain AMC_354,562,ampicillin,resistant,Resistant,,,,,Laboratory Method,,
562.64829,Escherichia coli strain AMC_357,562,ampicillin,susceptible,Susceptible,,,,,Laboratory Method,,
562.64830,Escherichia coli strain AMC_356,562,ampicillin,resistant,Resistant,,,,,Laboratory Method,,
562.64831,Escherichia coli strain AMC_358,562,ampicillin,resistant,Resistant,,,,,Laboratory Method,,
562.64832,Escherichia coli strain AMC_360,562,ampicillin,resistant,Resistant,,,,,Laboratory Method,,
562.64833,Escherichia coli strain AMC_359,562,ampicillin,resistant,Resistant,,,,,Laboratory Method,,
562.64834,Escherichia coli strain AMC_355,562,ampicillin,resistant,Resistant,,,,,Laboratory Method,,
562.64835,Escherichia coli strain AMC_349,562,ampicillin,susceptible,Susceptible,,,,,Laboratory Method,,
562.64836,Escherichia coli strain AMC_346,562,ampicillin,resistant,Resistant,,,,,Laboratory Method,,
562.64837,Escherichia coli strain AMC_348,562,ampicillin,susceptible,Susceptible,,,,,Laboratory Method,,
562.64838,Escherichia coli strain AMC_347,562,ampicillin,susceptible,Susceptible,,,,,Laboratory Method,,
562.64839,Escherichia coli strain AMC_350,562,ampicillin,resistant,Resistant,,,,,Laboratory Method,,
562.64840,Escherichia coli strain AMC_344,562,ampicillin,susceptible,Susceptible,,,,,Laboratory Method,,
562.64841,Escherichia coli strain AMC_341,562,ampicillin,resistant,Resistant,,,,,Laboratory Method,,
562.64842,Escherichia coli strain AMC_345,562,ampicillin,susceptible,Susceptible,,,,,Laboratory Method,,
562.64843,Escherichia coli strain AMC_343,562,ampicillin,resistant,Resistant,,,,,Laboratory Method,,
562.64844,Escherichia coli strain AMC_342,562,ampicillin,resistant,Resistant,,,,,Laboratory Method,,
562.64845,Escherichia coli strain AMC_974,562,ampicillin,resistant,Resistant,,,,,Laboratory Method,,
562.64846,Escherichia coli strain AMC_972,562,ampicillin,susceptible,Susceptible,,,,,Laboratory Method,,
562.64847,Escherichia coli strain AMC_971,562,ampicillin,resistant,Resistant,,,,,Laboratory Method,,
562.64848,Escherichia coli strain AMC_970,562,ampicillin,susceptible,Susceptible,,,,,Laboratory Method,,
562.64849,Escherichia coli strain AMC_973,562,ampicillin,resistant,Resistant,,,,,Laboratory Method,,
562.64850,Escherichia coli strain AMC_968,562,ampicillin,susceptible,Susceptible,,,,,Laboratory Method,,
562.64851,Escherichia coli strain AMC_969,562,ampicillin,resistant,Resistant,,,,,Laboratory Method,,
562.64852,Escherichia coli strain AMC_975,562,ampicillin,resistant,Resistant,,,,,Laboratory Method,,
562.64853,Escherichia coli strain AMC_340,562,ampicillin,susceptible,Susceptible,,,,,Laboratory Method,,
562.64854,Escherichia coli strain AMC_339,562,ampicillin,susceptible,Susceptible,,,,,Laboratory Method,,
562.64855,Escherichia coli strain AMC_967,562,ampicillin,susceptible,Susceptible,,,,,Laboratory Method,,
562.64856,Escherichia coli strain AMC_966,562,ampicillin,susceptible,Susceptible,,,,,Laboratory Method,,
562.64857,Escherichia coli strain AMC_965,562,ampicillin,susceptible,Susceptible,,,,,Laboratory Method,,
562.64858,Escherichia coli strain AMC_956,562,ampicillin,resistant,Resistant,,,,,Laboratory Method,,
562.64859,Escherichia coli strain AMC_957,562,ampicillin,susceptible,Susceptible,,,,,Laboratory Method,,
562.64860,Escherichia coli strain AMC_963,562,ampicillin,susceptible,Susceptible,,,,,Laboratory Method,,
562.64861,Escherichia coli strain AMC_964,562,ampicillin,resistant,Resistant,,,,,Laboratory Method,,
562.64862,Escherichia coli strain AMC_962,562,ampicillin,resistant,Resistant,,,,,Laboratory Method,,
562.64863,Escherichia coli strain AMC_959,562,ampicillin,susceptible,Susceptible,,,,,Laboratory Method,,
562.64864,Escherichia coli strain AMC_960,562,ampicillin,resistant,Resistant,,,,,Laboratory Method,,
562.64865,Escherichia coli strain AMC_961,562,ampicillin,resistant,Resistant,,,,,Laboratory Method,,
562.64866,Escherichia coli strain AMC_958,562,ampicillin,resistant,Resistant,,,,,Laboratory Method,,
562.64867,Escherichia coli strain AMC_945,562,ampicillin,susceptible,Susceptible,,,,,Laboratory Method,,
562.64868,Escherichia coli strain AMC_946,562,ampicillin,resistant,Resistant,,,,,Laboratory Method,,
562.64869,Escherichia coli strain AMC_947,562,ampicillin,resistant,Resistant,,,,,Laboratory Method,,
562.64870,Escherichia coli strain AMC_948,562,ampicillin,resistant,Resistant,,,,,Laboratory Method,,
562.64871,Escherichia coli strain AMC_949,562,ampicillin,resistant,Resistant,,,,,Laboratory Method,,
562.64872,Escherichia coli strain AMC_951,562,ampicillin,resistant,Resistant,,,,,Laboratory Method,,
562.64873,Escherichia coli strain AMC_952,562,ampicillin,resistant,Resistant,,,,,Laboratory Method,,
562.64874,Escherichia coli strain AMC_955,562,ampicillin,resistant,Resistant,,,,,Laboratory Method,,
562.64875,Escherichia coli strain AMC_950,562,ampicillin,resistant,Resistant,,,,,Laboratory Method,,
562.64876,Escherichia coli strain AMC_953,562,ampicillin,susceptible,Susceptible,,,,,Laboratory Method,,
562.64877,Escherichia coli strain AMC_954,562,ampicillin,susceptible,Susceptible,,,,,Laboratory Method,,
562.64878,Escherichia coli strain AMC_937,562,ampicillin,resistant,Resistant,,,,,Laboratory Method,,
562.64879,Escherichia coli strain AMC_935,562,ampicillin,resistant,Resistant,,,,,Laboratory Method,,
562.64880,Escherichia coli strain AMC_936,562,ampicillin,resistant,Resistant,,,,,Laboratory Method,,
562.64881,Escherichia coli strain AMC_944,562,ampicillin,resistant,Resistant,,,,,Laboratory Method,,
562.64882,Escherichia coli strain AMC_943,562,ampicillin,susceptible,Susceptible,,,,,Laboratory Method,,
562.64883,Escherichia coli strain AMC_934,562,ampicillin,resistant,Resistant,,,,,Laboratory Method,,
562.64884,Escherichia coli strain AMC_939,562,ampicillin,resistant,Resistant,,,,,Laboratory Method,,
562.64885,Escherichia coli strain AMC_941,562,ampicillin,susceptible,Susceptible,,,,,Laboratory Method,,
562.64886,Escherichia coli strain AMC_942,562,ampicillin,resistant,Resistant,,,,,Laboratory Method,,
562.64887,Escherichia coli strain AMC_940,562,ampicillin,susceptible,Susceptible,,,,,Laboratory Method,,
562.64888,Escherichia coli strain AMC_938,562,ampicillin,resistant,Resistant,,,,,Laboratory Method,,
562.64889,Escherichia coli strain AMC_933,562,ampicillin,resistant,Resistant,,,,,Laboratory Method,,
562.64890,Escherichia coli strain AMC_931,562,ampicillin,resistant,Resistant,,,,,Laboratory Method,,
562.64891,Escherichia coli strain AMC_929,562,ampicillin,susceptible,Susceptible,,,,,Laboratory Method,,
562.64892,Escherichia coli strain AMC_932,562,ampicillin,susceptible,Susceptible,,,,,Laboratory Method,,
562.64893,Escherichia coli strain AMC_930,562,ampicillin,resistant,Resistant,,,,,Laboratory Method,,
562.64894,Escherichia coli strain AMC_923,562,ampicillin,susceptible,Susceptible,,,,,Laboratory Method,,
562.64895,Escherichia coli strain AMC_926,562,ampicillin,resistant,Resistant,,,,,Laboratory Method,,
562.64896,Escherichia coli strain AMC_925,562,ampicillin,resistant,Resistant,,,,,Laboratory Method,,
562.64897,Escherichia coli strain AMC_924,562,ampicillin,resistant,Resistant,,,,,Laboratory Method,,
562.64898,Escherichia coli strain AMC_927,562,ampicillin,susceptible,Susceptible,,,,,Laboratory Method,,
562.64899,Escherichia coli strain AMC_928,562,ampicillin,resistant,Resistant,,,,,Laboratory Method,,
562.64900,Escherichia coli strain AMC_916,562,ampicillin,resistant,Resistant,,,,,Laboratory Method,,
562.64901,Escherichia coli strain AMC_914,562,ampicillin,susceptible,Susceptible,,,,,Laboratory Method,,
562.64902,Escherichia coli strain AMC_917,562,ampicillin,resistant,Resistant,,,,,Laboratory Method,,
562.64903,Escherichia coli strain AMC_915,562,ampicillin,resistant,Resistant,,,,,Laboratory Method,,
562.64904,Escherichia coli strain AMC_912,562,ampicillin,susceptible,Susceptible,,,,,Laboratory Method,,
562.64905,Escherichia coli strain AMC_913,562,ampicillin,susceptible,Susceptible,,,,,Laboratory Method,,
562.64906,Escherichia coli strain AMC_921,562,ampicillin,resistant,Resistant,,,,,Laboratory Method,,
562.64907,Escherichia coli strain AMC_922,562,ampicillin,susceptible,Susceptible,,,,,Laboratory Method,,
562.64908,Escherichia coli strain AMC_918,562,ampicillin,resistant,Resistant,,,,,Laboratory Method,,
562.64909,Escherichia coli strain AMC_919,562,ampicillin,susceptible,Susceptible,,,,,Laboratory Method,,
562.64910,Escherichia coli strain AMC_920,562,ampicillin,susceptible,Susceptible,,,,,Laboratory Method,,
562.64911,Escherichia coli strain AMC_903,562,ampicillin,resistant,Resistant,,,,,Laboratory Method,,
562.64912,Escherichia coli strain AMC_904,562,ampicillin,resistant,Resistant,,,,,Laboratory Method,,
562.64913,Escherichia coli strain AMC_905,562,ampicillin,resistant,Resistant,,,,,Laboratory Method,,
562.64914,Escherichia coli strain AMC_901,562,ampicillin,susceptible,Susceptible,,,,,Laboratory Method,,
562.64915,Escherichia coli strain AMC_902,562,ampicillin,resistant,Resistant,,,,,Laboratory Method,,
562.64916,Escherichia coli strain AMC_908,562,ampicillin,resistant,Resistant,,,,,Laboratory Method,,
562.64917,Escherichia coli strain AMC_911,562,ampicillin,susceptible,Susceptible,,,,,Laboratory Method,,
562.64918,Escherichia coli strain AMC_906,562,ampicillin,resistant,Resistant,,,,,Laboratory Method,,
562.64919,Escherichia coli strain AMC_909,562,ampicillin,susceptible,Susceptible,,,,,Laboratory Method,,
562.64920,Escherichia coli strain AMC_910,562,ampicillin,resistant,Resistant,,,,,Laboratory Method,,
562.64921,Escherichia coli strain AMC_907,562,ampicillin,resistant,Resistant,,,,,Laboratory Method,,
562.64922,Escherichia coli strain AMC_900,562,ampicillin,resistant,Resistant,,,,,Laboratory Method,,
562.64923,Escherichia coli strain AMC_899,562,ampicillin,resistant,Resistant,,,,,Laboratory Method,,
562.64924,Escherichia coli strain AMC_331,562,ampicillin,resistant,Resistant,,,,,Laboratory Method,,
562.64925,Escherichia coli strain AMC_332,562,ampicillin,susceptible,Susceptible,,,,,Laboratory Method,,
562.64926,Escherichia coli strain AMC_330,562,ampicillin,susceptible,Susceptible,,,,,Laboratory Method,,
562.64927,Escherichia coli strain AMC_333,562,ampicillin,susceptible,Susceptible,,,,,Laboratory Method,,
562.64928,Escherichia coli strain AMC_336,562,ampicillin,resistant,Resistant,,,,,Laboratory Method,,
562.64929,Escherichia coli strain AMC_335,562,ampicillin,susceptible,Susceptible,,,,,Laboratory Method,,
562.64930,Escherichia coli strain AMC_338,562,ampicillin,susceptible,Susceptible,,,,,Laboratory Method,,
562.64931,Escherichia coli strain AMC_337,562,ampicillin,susceptible,Susceptible,,,,,Laboratory Method,,
562.64932,Escherichia coli strain AMC_334,562,ampicillin,resistant,Resistant,,,,,Laboratory Method,,
562.64933,Escherichia coli strain AMC_324,562,ampicillin,susceptible,Susceptible,,,,,Laboratory Method,,
562.64934,Escherichia coli strain AMC_323,562,ampicillin,susceptible,Susceptible,,,,,Laboratory Method,,
562.64935,Escherichia coli strain AMC_325,562,ampicillin,susceptible,Susceptible,,,,,Laboratory Method,,
562.64936,Escherichia coli strain AMC_321,562,ampicillin,resistant,Resistant,,,,,Laboratory Method,,
562.64937,Escherichia coli strain AMC_319,562,ampicillin,susceptible,Susceptible,,,,,Laboratory Method,,
562.64938,Escherichia coli strain AMC_322,562,ampicillin,susceptible,Susceptible,,,,,Laboratory Method,,
562.64939,Escherichia coli strain AMC_320,562,ampicillin,resistant,Resistant,,,,,Laboratory Method,,
562.64940,Escherichia coli strain AMC_328,562,ampicillin,resistant,Resistant,,,,,Laboratory Method,,
562.64941,Escherichia coli strain AMC_327,562,ampicillin,susceptible,Susceptible,,,,,Laboratory Method,,
562.64942,Escherichia coli strain AMC_329,562,ampicillin,susceptible,Susceptible,,,,,Laboratory Method,,
562.64943,Escherichia coli strain AMC_326,562,ampicillin,susceptible,Susceptible,,,,,Laboratory Method,,
562.64944,Escherichia coli strain AMC_318,562,ampicillin,resistant,Resistant,,,,,Laboratory Method,,
562.64945,Escherichia coli strain AMC_112,562,ampicillin,resistant,Resistant,,,,,Laboratory Method,,
562.64946,Escherichia coli strain AMC_315,562,ampicillin,resistant,Resistant,,,,,Laboratory Method,,
562.64947,Escherichia coli strain AMC_314,562,ampicillin,susceptible,Susceptible,,,,,Laboratory Method,,
562.64948,Escherichia coli strain AMC_317,562,ampicillin,resistant,Resistant,,,,,Laboratory Method,,
562.64949,Escherichia coli strain AMC_316,562,ampicillin,resistant,Resistant,,,,,Laboratory Method,,
562.64950,Escherichia coli strain AMC_313,562,ampicillin,resistant,Resistant,,,,,Laboratory Method,,
562.64951,Escherichia coli strain AMC_311,562,ampicillin,resistant,Resistant,,,,,Laboratory Method,,
562.64952,Escherichia coli strain AMC_312,562,ampicillin,susceptible,Susceptible,,,,,Laboratory Method,,
562.64953,Escherichia coli strain AMC_113,562,ampicillin,resistant,Resistant,,,,,Laboratory Method,,
562.64954,Escherichia coli strain AMC_114,562,ampicillin,resistant,Resistant,,,,,Laboratory Method,,
562.64955,Escherichia coli strain AMC_101,562,ampicillin,susceptible,Susceptible,,,,,Laboratory Method,,
562.64956,Escherichia coli strain AMC_102,562,ampicillin,susceptible,Susceptible,,,,,Laboratory Method,,
562.64957,Escherichia coli strain AMC_104,562,ampicillin,resistant,Resistant,,,,,Laboratory Method,,
562.64958,Escherichia coli strain AMC_103,562,ampicillin,susceptible,Susceptible,,,,,Laboratory Method,,
562.64959,Escherichia coli strain AMC_105,562,ampicillin,resistant,Resistant,,,,,Laboratory Method,,
562.64960,Escherichia coli strain AMC_110,562,ampicillin,susceptible,Susceptible,,,,,Laboratory Method,,
562.64961,Escherichia coli strain AMC_106,562,ampicillin,resistant,Resistant,,,,,Laboratory Method,,
562.64962,Escherichia coli strain AMC_111,562,ampicillin,susceptible,Susceptible,,,,,Laboratory Method,,
562.64963,Escherichia coli strain AMC_107,562,ampicillin,resistant,Resistant,,,,,Laboratory Method,,
562.64964,Escherichia coli strain AMC_109,562,ampicillin,susceptible,Susceptible,,,,,Laboratory Method,,
562.64965,Escherichia coli strain AMC_92,562,ampicillin,susceptible,Susceptible,,,,,Laboratory Method,,
562.64966,Escherichia coli strain AMC_99,562,ampicillin,resistant,Resistant,,,,,Laboratory Method,,
562.64967,Escherichia coli strain AMC_98,562,ampicillin,resistant,Resistant,,,,,Laboratory Method,,
562.64968,Escherichia coli strain AMC_100,562,ampicillin,resistant,Resistant,,,,,Laboratory Method,,
562.64969,Escherichia coli strain AMC_94,562,ampicillin,susceptible,Susceptible,,,,,Laboratory Method,,
562.64970,Escherichia coli strain AMC_96,562,ampicillin,resistant,Resistant,,,,,Laboratory Method,,
562.64971,Escherichia coli strain AMC_95,562,ampicillin,susceptible,Susceptible,,,,,Laboratory Method,,
562.64972,Escherichia coli strain AMC_97,562,ampicillin,resistant,Resistant,,,,,Laboratory Method,,
562.64973,Escherichia coli strain AMC_91,562,ampicillin,susceptible,Susceptible,,,,,Laboratory Method,,
562.64974,Escherichia coli strain AMC_90,562,ampicillin,resistant,Resistant,,,,,Laboratory Method,,
562.64975,Escherichia coli strain AMC_108,562,ampicillin,resistant,Resistant,,,,,Laboratory Method,,
562.64976,Escherichia coli strain AMC_93,562,ampicillin,susceptible,Susceptible,,,,,Laboratory Method,,
562.64977,Escherichia coli strain AMC_754,562,ampicillin,resistant,Resistant,,,,,Laboratory Method,,
562.64978,Escherichia coli strain AMC_755,562,ampicillin,resistant,Resistant,,,,,Laboratory Method,,
562.64979,Escherichia coli strain AMC_758,562,ampicillin,resistant,Resistant,,,,,Laboratory Method,,
562.64980,Escherichia coli strain AMC_757,562,ampicillin,susceptible,Susceptible,,,,,Laboratory Method,,
562.64981,Escherichia coli strain AMC_87,562,ampicillin,susceptible,Susceptible,,,,,Laboratory Method,,
562.64982,Escherichia coli strain AMC_89,562,ampicillin,resistant,Resistant,,,,,Laboratory Method,,
562.64983,Escherichia coli strain AMC_756,562,ampicillin,resistant,Resistant,,,,,Laboratory Method,,
562.64984,Escherichia coli strain AMC_752,562,ampicillin,resistant,Resistant,,,,,Laboratory Method,,
562.64985,Escherichia coli strain AMC_751,562,ampicillin,resistant,Resistant,,,,,Laboratory Method,,
562.64986,Escherichia coli strain AMC_753,562,ampicillin,susceptible,Susceptible,,,,,Laboratory Method,,
562.64987,Escherichia coli strain AMC_88,562,ampicillin,susceptible,Susceptible,,,,,Laboratory Method,,
562.64988,Escherichia coli strain AMC_741,562,ampicillin,susceptible,Susceptible,,,,,Laboratory Method,,
562.64989,Escherichia coli strain AMC_742,562,ampicillin,resistant,Resistant,,,,,Laboratory Method,,
562.64990,Escherichia coli strain AMC_740,562,ampicillin,resistant,Resistant,,,,,Laboratory Method,,
562.64991,Escherichia coli strain AMC_748,562,ampicillin,susceptible,Susceptible,,,,,Laboratory Method,,
562.64992,Escherichia coli strain AMC_747,562,ampicillin,resistant,Resistant,,,,,Laboratory Method,,
562.64993,Escherichia coli strain AMC_749,562,ampicillin,resistant,Resistant,,,,,Laboratory Method,,
562.64994,Escherichia coli strain AMC_750,562,ampicillin,resistant,Resistant,,,,,Laboratory Method,,
562.64995,Escherichia coli strain AMC_744,562,ampicillin,resistant,Resistant,,,,,Laboratory Method,,
562.64996,Escherichia coli strain AMC_743,562,ampicillin,resistant,Resistant,,,,,Laboratory Method,,
562.64997,Escherichia coli strain AMC_745,562,ampicillin,susceptible,Susceptible,,,,,Laboratory Method,,
562.64998,Escherichia coli strain AMC_746,562,ampicillin,susceptible,Susceptible,,,,,Laboratory Method,,
562.64999,Escherichia coli strain AMC_309,562,ampicillin,resistant,Resistant,,,,,Laboratory Method,,
562.65000,Escherichia coli strain AMC_739,562,ampicillin,resistant,Resistant,,,,,Laboratory Method,,
562.65001,Escherichia coli strain AMC_737,562,ampicillin,resistant,Resistant,,,,,Laboratory Method,,
562.65002,Escherichia coli strain AMC_738,562,ampicillin,resistant,Resistant,,,,,Laboratory Method,,
562.65003,Escherichia coli strain AMC_736,562,ampicillin,susceptible,Susceptible,,,,,Laboratory Method,,
562.65004,Escherichia coli strain AMC_733,562,ampicillin,resistant,Resistant,,,,,Laboratory Method,,
562.65005,Escherichia coli strain AMC_731,562,ampicillin,susceptible,Susceptible,,,,,Laboratory Method,,
562.65006,Escherichia coli strain AMC_734,562,ampicillin,resistant,Resistant,,,,,Laboratory Method,,
562.65007,Escherichia coli strain AMC_735,562,ampicillin,resistant,Resistant,,,,,Laboratory Method,,
562.65008,Escherichia coli strain AMC_310,562,ampicillin,resistant,Resistant,,,,,Laboratory Method,,
562.65009,Escherichia coli strain AMC_732,562,ampicillin,susceptible,Susceptible,,,,,Laboratory Method,,
562.65010,Escherichia coli strain AMC_298,562,ampicillin,susceptible,Susceptible,,,,,Laboratory Method,,
562.65011,Escherichia coli strain AMC_300,562,ampicillin,resistant,Resistant,,,,,Laboratory Method,,
562.65012,Escherichia coli strain AMC_302,562,ampicillin,resistant,Resistant,,,,,Laboratory Method,,
562.65013,Escherichia coli strain AMC_301,562,ampicillin,resistant,Resistant,,,,,Laboratory Method,,
562.65014,Escherichia coli strain AMC_303,562,ampicillin,resistant,Resistant,,,,,Laboratory Method,,
562.65015,Escherichia coli strain AMC_304,562,ampicillin,resistant,Resistant,,,,,Laboratory Method,,
562.65016,Escherichia coli strain AMC_305,562,ampicillin,resistant,Resistant,,,,,Laboratory Method,,
562.65017,Escherichia coli strain AMC_307,562,ampicillin,resistant,Resistant,,,,,Laboratory Method,,
562.65018,Escherichia coli strain AMC_306,562,ampicillin,resistant,Resistant,,,,,Laboratory Method,,
562.65019,Escherichia coli strain AMC_308,562,ampicillin,susceptible,Susceptible,,,,,Laboratory Method,,
562.65020,Escherichia coli strain AMC_289,562,ampicillin,susceptible,Susceptible,,,,,Laboratory Method,,
562.65021,Escherichia coli strain AMC_288,562,ampicillin,resistant,Resistant,,,,,Laboratory Method,,
562.65022,Escherichia coli strain AMC_292,562,ampicillin,resistant,Resistant,,,,,Laboratory Method,,
562.65023,Escherichia coli strain AMC_293,562,ampicillin,susceptible,Susceptible,,,,,Laboratory Method,,
562.65024,Escherichia coli strain AMC_296,562,ampicillin,susceptible,Susceptible,,,,,Laboratory Method,,
562.65025,Escherichia coli strain AMC_294,562,ampicillin,susceptible,Susceptible,,,,,Laboratory Method,,
562.65026,Escherichia coli strain AMC_287,562,ampicillin,susceptible,Susceptible,,,,,Laboratory Method,,
562.65027,Escherichia coli strain AMC_299,562,ampicillin,resistant,Resistant,,,,,Laboratory Method,,
562.65028,Escherichia coli strain AMC_297,562,ampicillin,resistant,Resistant,,,,,Laboratory Method,,
562.65029,Escherichia coli strain AMC_291,562,ampicillin,susceptible,Susceptible,,,,,Laboratory Method,,
562.65030,Escherichia coli strain AMC_290,562,ampicillin,susceptible,Susceptible,,,,,Laboratory Method,,
562.65031,Escherichia coli strain AMC_295,562,ampicillin,resistant,Resistant,,,,,Laboratory Method,,
562.65032,Escherichia coli strain AMC_277,562,ampicillin,susceptible,Susceptible,,,,,Laboratory Method,,
562.65033,Escherichia coli strain AMC_276,562,ampicillin,susceptible,Susceptible,,,,,Laboratory Method,,
562.65034,Escherichia coli strain AMC_286,562,ampicillin,resistant,Resistant,,,,,Laboratory Method,,
562.65035,Escherichia coli strain AMC_285,562,ampicillin,susceptible,Susceptible,,,,,Laboratory Method,,
562.65036,Escherichia coli strain AMC_284,562,ampicillin,resistant,Resistant,,,,,Laboratory Method,,
562.65037,Escherichia coli strain AMC_278,562,ampicillin,susceptible,Susceptible,,,,,Laboratory Method,,
562.65038,Escherichia coli strain AMC_282,562,ampicillin,susceptible,Susceptible,,,,,Laboratory Method,,
562.65039,Escherichia coli strain AMC_281,562,ampicillin,resistant,Resistant,,,,,Laboratory Method,,
562.65040,Escherichia coli strain AMC_280,562,ampicillin,susceptible,Susceptible,,,,,Laboratory Method,,
562.65041,Escherichia coli strain AMC_283,562,ampicillin,resistant,Resistant,,,,,Laboratory Method,,
562.65042,Escherichia coli strain AMC_269,562,ampicillin,susceptible,Susceptible,,,,,Laboratory Method,,
562.65043,Escherichia coli strain AMC_266,562,ampicillin,susceptible,Susceptible,,,,,Laboratory Method,,
562.65044,Escherichia coli strain AMC_267,562,ampicillin,susceptible,Susceptible,,,,,Laboratory Method,,
562.65045,Escherichia coli strain AMC_265,562,ampicillin,susceptible,Susceptible,,,,,Laboratory Method,,
562.65046,Escherichia coli strain AMC_270,562,ampicillin,resistant,Resistant,,,,,Laboratory Method,,
562.65047,Escherichia coli strain AMC_271,562,ampicillin,susceptible,Susceptible,,,,,Laboratory Method,,
562.65048,Escherichia coli strain AMC_268,562,ampicillin,susceptible,Susceptible,,,,,Laboratory Method,,
562.65049,Escherichia coli strain AMC_274,562,ampicillin,susceptible,Susceptible,,,,,Laboratory Method,,
562.65050,Escherichia coli strain AMC_272,562,ampicillin,resistant,Resistant,,,,,Laboratory Method,,
562.65051,Escherichia coli strain AMC_273,562,ampicillin,susceptible,Susceptible,,,,,Laboratory Method,,
562.65052,Escherichia coli strain AMC_275,562,ampicillin,susceptible,Susceptible,,,,,Laboratory Method,,
562.65053,Escherichia coli strain AMC_279,562,ampicillin,resistant,Resistant,,,,,Laboratory Method,,
562.65054,Escherichia coli strain AMC_262,562,ampicillin,susceptible,Susceptible,,,,,Laboratory Method,,
562.65055,Escherichia coli strain AMC_264,562,ampicillin,susceptible,Susceptible,,,,,Laboratory Method,,
562.65056,Escherichia coli strain AMC_263,562,ampicillin,resistant,Resistant,,,,,Laboratory Method,,
562.65057,Escherichia coli strain AMC_260,562,ampicillin,resistant,Resistant,,,,,Laboratory Method,,
562.65058,Escherichia coli strain AMC_261,562,ampicillin,susceptible,Susceptible,,,,,Laboratory Method,,
562.65059,Escherichia coli strain AMC_256,562,ampicillin,resistant,Resistant,,,,,Laboratory Method,,
562.65060,Escherichia coli strain AMC_255,562,ampicillin,susceptible,Susceptible,,,,,Laboratory Method,,
562.65061,Escherichia coli strain AMC_258,562,ampicillin,resistant,Resistant,,,,,Laboratory Method,,
562.65062,Escherichia coli strain AMC_257,562,ampicillin,resistant,Resistant,,,,,Laboratory Method,,
562.65063,Escherichia coli strain AMC_259,562,ampicillin,susceptible,Susceptible,,,,,Laboratory Method,,
562.65064,Escherichia coli strain AMC_2,562,ampicillin,resistant,Resistant,,,,,Laboratory Method,,
562.65065,Escherichia coli strain AMC_246,562,ampicillin,susceptible,Susceptible,,,,,Laboratory Method,,
562.65066,Escherichia coli strain AMC_247,562,ampicillin,resistant,Resistant,,,,,Laboratory Method,,
562.65067,Escherichia coli strain AMC_249,562,ampicillin,resistant,Resistant,,,,,Laboratory Method,,
562.65068,Escherichia coli strain AMC_250,562,ampicillin,susceptible,Susceptible,,,,,Laboratory Method,,
562.65069,Escherichia coli strain AMC_248,562,ampicillin,susceptible,Susceptible,,,,,Laboratory Method,,
562.65070,Escherichia coli strain AMC_253,562,ampicillin,resistant,Resistant,,,,,Laboratory Method,,
562.65071,Escherichia coli strain AMC_251,562,ampicillin,resistant,Resistant,,,,,Laboratory Method,,
562.65072,Escherichia coli strain AMC_252,562,ampicillin,susceptible,Susceptible,,,,,Laboratory Method,,
562.65073,Escherichia coli strain AMC_1,562,ampicillin,resistant,Resistant,,,,,Laboratory Method,,
562.65074,Escherichia coli strain AMC_0,562,ampicillin,susceptible,Susceptible,,,,,Laboratory Method,,
562.65075,Escherichia coli strain AMC_254,562,ampicillin,susceptible,Susceptible,,,,,Laboratory Method,,
562.65076,Escherichia coli strain AMC_243,562,ampicillin,resistant,Resistant,,,,,Laboratory Method,,
562.65077,Escherichia coli strain AMC_242,562,ampicillin,susceptible,Susceptible,,,,,Laboratory Method,,
562.65078,Escherichia coli strain AMC_244,562,ampicillin,susceptible,Susceptible,,,,,Laboratory Method,,
562.65079,Escherichia coli strain AMC_241,562,ampicillin,resistant,Resistant,,,,,Laboratory Method,,
562.65080,Escherichia coli strain AMC_238,562,ampicillin,resistant,Resistant,,,,,Laboratory Method,,
562.65081,Escherichia coli strain AMC_239,562,ampicillin,susceptible,Susceptible,,,,,Laboratory Method,,
562.65082,Escherichia coli strain AMC_235,562,ampicillin,resistant,Resistant,,,,,Laboratory Method,,
562.65083,Escherichia coli strain AMC_240,562,ampicillin,susceptible,Susceptible,,,,,Laboratory Method,,
562.65084,Escherichia coli strain AMC_237,562,ampicillin,resistant,Resistant,,,,,Laboratory Method,,
562.65085,Escherichia coli strain AMC_236,562,ampicillin,resistant,Resistant,,,,,Laboratory Method,,
562.65086,Escherichia coli strain AMC_245,562,ampicillin,resistant,Resistant,,,,,Laboratory Method,,
562.65087,Escherichia coli strain AMC_897,562,ampicillin,resistant,Resistant,,,,,Laboratory Method,,
562.65088,Escherichia coli strain AMC_898,562,ampicillin,resistant,Resistant,,,,,Laboratory Method,,
562.65089,Escherichia coli strain AMC_228,562,ampicillin,resistant,Resistant,,,,,Laboratory Method,,
562.65090,Escherichia coli strain AMC_227,562,ampicillin,resistant,Resistant,,,,,Laboratory Method,,
562.65091,Escherichia coli strain AMC_229,562,ampicillin,resistant,Resistant,,,,,Laboratory Method,,
562.65092,Escherichia coli strain AMC_233,562,ampicillin,resistant,Resistant,,,,,Laboratory Method,,
562.65093,Escherichia coli strain AMC_231,562,ampicillin,susceptible,Susceptible,,,,,Laboratory Method,,
562.65094,Escherichia coli strain AMC_234,562,ampicillin,susceptible,Susceptible,,,,,Laboratory Method,,
562.65095,Escherichia coli strain AMC_232,562,ampicillin,resistant,Resistant,,,,,Laboratory Method,,
562.65097,Escherichia coli strain AMC_230,562,ampicillin,resistant,Resistant,,,,,Laboratory Method,,
562.65098,Escherichia coli strain AMC_896,562,ampicillin,resistant,Resistant,,,,,Laboratory Method,,
562.65099,Escherichia coli strain AMC_891,562,ampicillin,susceptible,Susceptible,,,,,Laboratory Method,,
562.65100,Escherichia coli strain AMC_889,562,ampicillin,resistant,Resistant,,,,,Laboratory Method,,
562.65102,Escherichia coli strain AMC_888,562,ampicillin,susceptible,Susceptible,,,,,Laboratory Method,,
562.65103,Escherichia coli strain AMC_895,562,ampicillin,resistant,Resistant,,,,,Laboratory Method,,
562.65104,Escherichia coli strain AMC_893,562,ampicillin,resistant,Resistant,,,,,Laboratory Method,,
562.65105,Escherichia coli strain AMC_886,562,ampicillin,susceptible,Susceptible,,,,,Laboratory Method,,
562.65106,Escherichia coli strain AMC_892,562,ampicillin,susceptible,Susceptible,,,,,Laboratory Method,,
562.65107,Escherichia coli strain AMC_885,562,ampicillin,susceptible,Susceptible,,,,,Laboratory Method,,
562.65108,Escherichia coli strain AMC_887,562,ampicillin,susceptible,Susceptible,,,,,Laboratory Method,,
562.65109,Escherichia coli strain AMC_894,562,ampicillin,resistant,Resistant,,,,,Laboratory Method,,
562.65110,Escherichia coli strain AMC_884,562,ampicillin,resistant,Resistant,,,,,Laboratory Method,,
562.65111,Escherichia coli strain AMC_883,562,ampicillin,resistant,Resistant,,,,,Laboratory Method,,
562.65112,Escherichia coli strain AMC_880,562,ampicillin,resistant,Resistant,,,,,Laboratory Method,,
562.65113,Escherichia coli strain AMC_881,562,ampicillin,resistant,Resistant,,,,,Laboratory Method,,
562.65114,Escherichia coli strain AMC_882,562,ampicillin,susceptible,Susceptible,,,,,Laboratory Method,,
562.65115,Escherichia coli strain AMC_877,562,ampicillin,susceptible,Susceptible,,,,,Laboratory Method,,
562.65116,Escherichia coli strain AMC_879,562,ampicillin,resistant,Resistant,,,,,Laboratory Method,,
562.65117,Escherichia coli strain AMC_878,562,ampicillin,resistant,Resistant,,,,,Laboratory Method,,
562.65118,Escherichia coli strain AMC_875,562,ampicillin,resistant,Resistant,,,,,Laboratory Method,,
562.65119,Escherichia coli strain AMC_874,562,ampicillin,resistant,Resistant,,,,,Laboratory Method,,
562.65120,Escherichia coli strain AMC_876,562,ampicillin,resistant,Resistant,,,,,Laboratory Method,,
562.65121,Escherichia coli strain AMC_873,562,ampicillin,resistant,Resistant,,,,,Laboratory Method,,
562.65122,Escherichia coli strain AMC_872,562,ampicillin,resistant,Resistant,,,,,Laboratory Method,,
562.65123,Escherichia coli strain AMC_181,562,ampicillin,resistant,Resistant,,,,,Laboratory Method,,
562.65124,Escherichia coli strain AMC_180,562,ampicillin,resistant,Resistant,,,,,Laboratory Method,,
562.65125,Escherichia coli strain AMC_173,562,ampicillin,resistant,Resistant,,,,,Laboratory Method,,
562.65126,Escherichia coli strain AMC_176,562,ampicillin,resistant,Resistant,,,,,Laboratory Method,,
562.65127,Escherichia coli strain AMC_175,562,ampicillin,resistant,Resistant,,,,,Laboratory Method,,
562.65128,Escherichia coli strain AMC_174,562,ampicillin,resistant,Resistant,,,,,Laboratory Method,,
562.65129,Escherichia coli strain AMC_178,562,ampicillin,susceptible,Susceptible,,,,,Laboratory Method,,
562.65130,Escherichia coli strain AMC_177,562,ampicillin,susceptible,Susceptible,,,,,Laboratory Method,,
562.65131,Escherichia coli strain AMC_179,562,ampicillin,resistant,Resistant,,,,,Laboratory Method,,
562.65132,Escherichia coli strain AMC_559,562,ampicillin,susceptible,Susceptible,,,,,Laboratory Method,,
562.65133,Escherichia coli strain AMC_557,562,ampicillin,resistant,Resistant,,,,,Laboratory Method,,
562.65134,Escherichia coli strain AMC_558,562,ampicillin,resistant,Resistant,,,,,Laboratory Method,,
562.65135,Escherichia coli strain AMC_556,562,ampicillin,resistant,Resistant,,,,,Laboratory Method,,
562.65136,Escherichia coli strain AMC_172,562,ampicillin,resistant,Resistant,,,,,Laboratory Method,,
562.65137,Escherichia coli strain AMC_555,562,ampicillin,susceptible,Susceptible,,,,,Laboratory Method,,
562.65138,Escherichia coli strain AMC_554,562,ampicillin,resistant,Resistant,,,,,Laboratory Method,,
562.65139,Escherichia coli strain AMC_560,562,ampicillin,susceptible,Susceptible,,,,,Laboratory Method,,
562.65140,Escherichia coli strain AMC_562,562,ampicillin,susceptible,Susceptible,,,,,Laboratory Method,,
562.65141,Escherichia coli strain AMC_171,562,ampicillin,resistant,Resistant,,,,,Laboratory Method,,
562.65142,Escherichia coli strain AMC_561,562,ampicillin,susceptible,Susceptible,,,,,Laboratory Method,,
562.65143,Escherichia coli strain AMC_551,562,ampicillin,resistant,Resistant,,,,,Laboratory Method,,
562.65144,Escherichia coli strain AMC_550,562,ampicillin,resistant,Resistant,,,,,Laboratory Method,,
562.65145,Escherichia coli strain AMC_552,562,ampicillin,resistant,Resistant,,,,,Laboratory Method,,
562.65146,Escherichia coli strain AMC_553,562,ampicillin,resistant,Resistant,,,,,Laboratory Method,,
562.65147,Escherichia coli strain AMC_545,562,ampicillin,susceptible,Susceptible,,,,,Laboratory Method,,
562.65148,Escherichia coli strain AMC_548,562,ampicillin,susceptible,Susceptible,,,,,Laboratory Method,,
562.65149,Escherichia coli strain AMC_544,562,ampicillin,susceptible,Susceptible,,,,,Laboratory Method,,
562.65150,Escherichia coli strain AMC_543,562,ampicillin,resistant,Resistant,,,,,Laboratory Method,,
562.65151,Escherichia coli strain AMC_546,562,ampicillin,susceptible,Susceptible,,,,,Laboratory Method,,
562.65152,Escherichia coli strain AMC_549,562,ampicillin,resistant,Resistant,,,,,Laboratory Method,,
562.65153,Escherichia coli strain AMC_547,562,ampicillin,resistant,Resistant,,,,,Laboratory Method,,
562.65154,Escherichia coli strain AMC_541,562,ampicillin,resistant,Resistant,,,,,Laboratory Method,,
562.65155,Escherichia coli strain AMC_539,562,ampicillin,resistant,Resistant,,,,,Laboratory Method,,
562.65156,Escherichia coli strain AMC_540,562,ampicillin,resistant,Resistant,,,,,Laboratory Method,,
562.65157,Escherichia coli strain AMC_538,562,ampicillin,susceptible,Susceptible,,,,,Laboratory Method,,
562.65158,Escherichia coli strain AMC_532,562,ampicillin,susceptible,Susceptible,,,,,Laboratory Method,,
562.65159,Escherichia coli strain AMC_542,562,ampicillin,resistant,Resistant,,,,,Laboratory Method,,
562.65160,Escherichia coli strain AMC_537,562,ampicillin,susceptible,Susceptible,,,,,Laboratory Method,,
562.65161,Escherichia coli strain AMC_533,562,ampicillin,resistant,Resistant,,,,,Laboratory Method,,
562.65162,Escherichia coli strain AMC_535,562,ampicillin,resistant,Resistant,,,,,Laboratory Method,,
562.65163,Escherichia coli strain AMC_536,562,ampicillin,resistant,Resistant,,,,,Laboratory Method,,
562.65164,Escherichia coli strain AMC_534,562,ampicillin,resistant,Resistant,,,,,Laboratory Method,,
562.65166,Escherichia coli strain AMC_525,562,ampicillin,resistant,Resistant,,,,,Laboratory Method,,
562.65167,Escherichia coli strain AMC_530,562,ampicillin,susceptible,Susceptible,,,,,Laboratory Method,,
562.65168,Escherichia coli strain AMC_531,562,ampicillin,susceptible,Susceptible,,,,,Laboratory Method,,
562.65169,Escherichia coli strain AMC_529,562,ampicillin,susceptible,Susceptible,,,,,Laboratory Method,,
562.65170,Escherichia coli strain AMC_526,562,ampicillin,resistant,Resistant,,,,,Laboratory Method,,
562.65171,Escherichia coli strain AMC_527,562,ampicillin,susceptible,Susceptible,,,,,Laboratory Method,,
562.65172,Escherichia coli strain AMC_528,562,ampicillin,susceptible,Susceptible,,,,,Laboratory Method,,
562.65173,Escherichia coli strain AMC_524,562,ampicillin,resistant,Resistant,,,,,Laboratory Method,,
562.65174,Escherichia coli strain AMC_522,562,ampicillin,susceptible,Susceptible,,,,,Laboratory Method,,
562.65175,Escherichia coli strain AMC_521,562,ampicillin,susceptible,Susceptible,,,,,Laboratory Method,,
562.65178,Escherichia coli strain AMC_523,562,ampicillin,susceptible,Susceptible,,,,,Laboratory Method,,
562.65180,Escherichia coli strain AMC_512,562,ampicillin,resistant,Resistant,,,,,Laboratory Method,,
562.65181,Escherichia coli strain AMC_513,562,ampicillin,susceptible,Susceptible,,,,,Laboratory Method,,
562.65182,Escherichia coli strain AMC_520,562,ampicillin,susceptible,Susceptible,,,,,Laboratory Method,,
562.65183,Escherichia coli strain AMC_511,562,ampicillin,resistant,Resistant,,,,,Laboratory Method,,
562.65184,Escherichia coli strain AMC_510,562,ampicillin,resistant,Resistant,,,,,Laboratory Method,,
562.65185,Escherichia coli strain AMC_519,562,ampicillin,susceptible,Susceptible,,,,,Laboratory Method,,
562.65186,Escherichia coli strain AMC_515,562,ampicillin,susceptible,Susceptible,,,,,Laboratory Method,,
562.65187,Escherichia coli strain AMC_517,562,ampicillin,susceptible,Susceptible,,,,,Laboratory Method,,
562.65188,Escherichia coli strain AMC_514,562,ampicillin,resistant,Resistant,,,,,Laboratory Method,,
562.65189,Escherichia coli strain AMC_518,562,ampicillin,resistant,Resistant,,,,,Laboratory Method,,
562.65193,Escherichia coli strain AMC_516,562,ampicillin,susceptible,Susceptible,,,,,Laboratory Method,,
562.65196,Escherichia coli strain AMC_500,562,ampicillin,resistant,Resistant,,,,,Laboratory Method,,
562.65197,Escherichia coli strain AMC_502,562,ampicillin,susceptible,Susceptible,,,,,Laboratory Method,,
562.65198,Escherichia coli strain AMC_507,562,ampicillin,susceptible,Susceptible,,,,,Laboratory Method,,
562.65199,Escherichia coli strain AMC_506,562,ampicillin,susceptible,Susceptible,,,,,Laboratory Method,,
562.65200,Escherichia coli strain AMC_499,562,ampicillin,susceptible,Susceptible,,,,,Laboratory Method,,
562.65201,Escherichia coli strain AMC_501,562,ampicillin,susceptible,Susceptible,,,,,Laboratory Method,,
562.65202,Escherichia coli strain AMC_503,562,ampicillin,susceptible,Susceptible,,,,,Laboratory Method,,
562.65203,Escherichia coli strain AMC_504,562,ampicillin,resistant,Resistant,,,,,Laboratory Method,,
562.65204,Escherichia coli strain AMC_505,562,ampicillin,resistant,Resistant,,,,,Laboratory Method,,
562.65205,Escherichia coli strain AMC_509,562,ampicillin,resistant,Resistant,,,,,Laboratory Method,,
562.65206,Escherichia coli strain AMC_508,562,ampicillin,resistant,Resistant,,,,,Laboratory Method,,
562.65207,Escherichia coli strain AMC_493,562,ampicillin,resistant,Resistant,,,,,Laboratory Method,,
562.65208,Escherichia coli strain AMC_492,562,ampicillin,susceptible,Susceptible,,,,,Laboratory Method,,
562.65209,Escherichia coli strain AMC_494,562,ampicillin,susceptible,Susceptible,,,,,Laboratory Method,,
562.65210,Escherichia coli strain AMC_497,562,ampicillin,susceptible,Susceptible,,,,,Laboratory Method,,
562.65211,Escherichia coli strain AMC_498,562,ampicillin,susceptible,Susceptible,,,,,Laboratory Method,,
562.65212,Escherichia coli strain AMC_488,562,ampicillin,resistant,Resistant,,,,,Laboratory Method,,
562.65213,Escherichia coli strain AMC_495,562,ampicillin,resistant,Resistant,,,,,Laboratory Method,,
562.65214,Escherichia coli strain AMC_490,562,ampicillin,resistant,Resistant,,,,,Laboratory Method,,
562.65215,Escherichia coli strain AMC_496,562,ampicillin,susceptible,Susceptible,,,,,Laboratory Method,,
562.65216,Escherichia coli strain AMC_489,562,ampicillin,resistant,Resistant,,,,,Laboratory Method,,
562.65217,Escherichia coli strain AMC_491,562,ampicillin,susceptible,Susceptible,,,,,Laboratory Method,,
562.65218,Escherichia coli strain AMC_484,562,ampicillin,susceptible,Susceptible,,,,,Laboratory Method,,
562.65219,Escherichia coli strain AMC_483,562,ampicillin,resistant,Resistant,,,,,Laboratory Method,,
562.65220,Escherichia coli strain AMC_487,562,ampicillin,resistant,Resistant,,,,,Laboratory Method,,
562.65221,Escherichia coli strain AMC_477,562,ampicillin,susceptible,Susceptible,,,,,Laboratory Method,,
562.65222,Escherichia coli strain AMC_486,562,ampicillin,susceptible,Susceptible,,,,,Laboratory Method,,
562.65223,Escherichia coli strain AMC_485,562,ampicillin,resistant,Resistant,,,,,Laboratory Method,,
562.65224,Escherichia coli strain AMC_478,562,ampicillin,resistant,Resistant,,,,,Laboratory Method,,
562.65225,Escherichia coli strain AMC_479,562,ampicillin,resistant,Resistant,,,,,Laboratory Method,,
562.65226,Escherichia coli strain AMC_481,562,ampicillin,resistant,Resistant,,,,,Laboratory Method,,
562.65227,Escherichia coli strain AMC_480,562,ampicillin,susceptible,Susceptible,,,,,Laboratory Method,,
562.65228,Escherichia coli strain AMC_482,562,ampicillin,resistant,Resistant,,,,,Laboratory Method,,
562.65229,Escherichia coli strain AMC_473,562,ampicillin,susceptible,Susceptible,,,,,Laboratory Method,,
562.65230,Escherichia coli strain AMC_470,562,ampicillin,susceptible,Susceptible,,,,,Laboratory Method,,
562.65231,Escherichia coli strain AMC_472,562,ampicillin,susceptible,Susceptible,,,,,Laboratory Method,,
562.65232,Escherichia coli strain AMC_471,562,ampicillin,resistant,Resistant,,,,,Laboratory Method,,
562.65233,Escherichia coli strain AMC_469,562,ampicillin,resistant,Resistant,,,,,Laboratory Method,,
562.65234,Escherichia coli strain AMC_468,562,ampicillin,resistant,Resistant,,,,,Laboratory Method,,
562.65235,Escherichia coli strain AMC_467,562,ampicillin,resistant,Resistant,,,,,Laboratory Method,,
562.65236,Escherichia coli strain AMC_466,562,ampicillin,resistant,Resistant,,,,,Laboratory Method,,
562.65237,Escherichia coli strain AMC_476,562,ampicillin,resistant,Resistant,,,,,Laboratory Method,,
562.65238,Escherichia coli strain AMC_474,562,ampicillin,resistant,Resistant,,,,,Laboratory Method,,
562.65239,Escherichia coli strain AMC_475,562,ampicillin,resistant,Resistant,,,,,Laboratory Method,,
562.65240,Escherichia coli strain AMC_463,562,ampicillin,susceptible,Susceptible,,,,,Laboratory Method,,
562.65241,Escherichia coli strain AMC_459,562,ampicillin,susceptible,Susceptible,,,,,Laboratory Method,,
562.65242,Escherichia coli strain AMC_465,562,ampicillin,resistant,Resistant,,,,,Laboratory Method,,
562.65243,Escherichia coli strain AMC_464,562,ampicillin,resistant,Resistant,,,,,Laboratory Method,,
562.65244,Escherichia coli strain AMC_458,562,ampicillin,resistant,Resistant,,,,,Laboratory Method,,
562.65245,Escherichia coli strain AMC_457,562,ampicillin,susceptible,Susceptible,,,,,Laboratory Method,,
562.65246,Escherichia coli strain AMC_456,562,ampicillin,resistant,Resistant,,,,,Laboratory Method,,
562.65247,Escherichia coli strain AMC_455,562,ampicillin,susceptible,Susceptible,,,,,Laboratory Method,,
562.65248,Escherichia coli strain AMC_460,562,ampicillin,resistant,Resistant,,,,,Laboratory Method,,
562.65249,Escherichia coli strain AMC_461,562,ampicillin,resistant,Resistant,,,,,Laboratory Method,,
562.65250,Escherichia coli strain AMC_462,562,ampicillin,susceptible,Susceptible,,,,,Laboratory Method,,
562.65251,Escherichia coli strain AMC_452,562,ampicillin,resistant,Resistant,,,,,Laboratory Method,,
562.65252,Escherichia coli strain AMC_453,562,ampicillin,resistant,Resistant,,,,,Laboratory Method,,
562.65253,Escherichia coli strain AMC_450,562,ampicillin,resistant,Resistant,,,,,Laboratory Method,,
562.65254,Escherichia coli strain AMC_451,562,ampicillin,resistant,Resistant,,,,,Laboratory Method,,
562.65255,Escherichia coli strain AMC_454,562,ampicillin,susceptible,Susceptible,,,,,Laboratory Method,,
562.65256,Escherichia coli strain AMC_446,562,ampicillin,susceptible,Susceptible,,,,,Laboratory Method,,
562.65257,Escherichia coli strain AMC_444,562,ampicillin,resistant,Resistant,,,,,Laboratory Method,,
562.65258,Escherichia coli strain AMC_445,562,ampicillin,susceptible,Susceptible,,,,,Laboratory Method,,
562.65259,Escherichia coli strain AMC_448,562,ampicillin,resistant,Resistant,,,,,Laboratory Method,,
562.65260,Escherichia coli strain AMC_447,562,ampicillin,resistant,Resistant,,,,,Laboratory Method,,
562.65261,Escherichia coli strain AMC_449,562,ampicillin,resistant,Resistant,,,,,Laboratory Method,,
562.65262,Escherichia coli strain AMC_443,562,ampicillin,susceptible,Susceptible,,,,,Laboratory Method,,
562.65263,Escherichia coli strain AMC_434,562,ampicillin,susceptible,Susceptible,,,,,Laboratory Method,,
562.65264,Escherichia coli strain AMC_433,562,ampicillin,resistant,Resistant,,,,,Laboratory Method,,
562.65265,Escherichia coli strain AMC_437,562,ampicillin,resistant,Resistant,,,,,Laboratory Method,,
562.65266,Escherichia coli strain AMC_436,562,ampicillin,resistant,Resistant,,,,,Laboratory Method,,
562.65267,Escherichia coli strain AMC_435,562,ampicillin,susceptible,Susceptible,,,,,Laboratory Method,,
562.65268,Escherichia coli strain AMC_441,562,ampicillin,resistant,Resistant,,,,,Laboratory Method,,
562.65269,Escherichia coli strain AMC_440,562,ampicillin,resistant,Resistant,,,,,Laboratory Method,,
562.65270,Escherichia coli strain AMC_438,562,ampicillin,susceptible,Susceptible,,,,,Laboratory Method,,
562.65271,Escherichia coli strain AMC_439,562,ampicillin,resistant,Resistant,,,,,Laboratory Method,,
562.65272,Escherichia coli strain AMC_442,562,ampicillin,resistant,Resistant,,,,,Laboratory Method,,
562.65273,Escherichia coli strain AMC_432,562,ampicillin,susceptible,Susceptible,,,,,Laboratory Method,,
562.65274,Escherichia coli strain AMC_430,562,ampicillin,resistant,Resistant,,,,,Laboratory Method,,
562.65275,Escherichia coli strain AMC_423,562,ampicillin,resistant,Resistant,,,,,Laboratory Method,,
562.65276,Escherichia coli strain AMC_424,562,ampicillin,susceptible,Susceptible,,,,,Laboratory Method,,
562.65277,Escherichia coli strain AMC_431,562,ampicillin,resistant,Resistant,,,,,Laboratory Method,,
562.65278,Escherichia coli strain AMC_429,562,ampicillin,resistant,Resistant,,,,,Laboratory Method,,
562.65279,Escherichia coli strain AMC_426,562,ampicillin,susceptible,Susceptible,,,,,Laboratory Method,,
562.65280,Escherichia coli strain AMC_428,562,ampicillin,resistant,Resistant,,,,,Laboratory Method,,
562.65281,Escherichia coli strain AMC_427,562,ampicillin,susceptible,Susceptible,,,,,Laboratory Method,,
562.65282,Escherichia coli strain AMC_425,562,ampicillin,resistant,Resistant,,,,,Laboratory Method,,
562.65283,Escherichia coli strain AMC_422,562,ampicillin,susceptible,Susceptible,,,,,Laboratory Method,,
562.65284,Escherichia coli strain AMC_419,562,ampicillin,susceptible,Susceptible,,,,,Laboratory Method,,
562.65285,Escherichia coli strain AMC_420,562,ampicillin,resistant,Resistant,,,,,Laboratory Method,,
562.65286,Escherichia coli strain AMC_421,562,ampicillin,resistant,Resistant,,,,,Laboratory Method,,
562.65287,Escherichia coli strain AMC_418,562,ampicillin,resistant,Resistant,,,,,Laboratory Method,,
562.65288,Escherichia coli strain AMC_414,562,ampicillin,resistant,Resistant,,,,,Laboratory Method,,
562.65289,Escherichia coli strain AMC_416,562,ampicillin,susceptible,Susceptible,,,,,Laboratory Method,,
562.65290,Escherichia coli strain AMC_417,562,ampicillin,susceptible,Susceptible,,,,,Laboratory Method,,
562.65291,Escherichia coli strain AMC_415,562,ampicillin,resistant,Resistant,,,,,Laboratory Method,,
562.65292,Escherichia coli strain AMC_411,562,ampicillin,susceptible,Susceptible,,,,,Laboratory Method,,
562.65293,Escherichia coli strain AMC_412,562,ampicillin,resistant,Resistant,,,,,Laboratory Method,,
562.65294,Escherichia coli strain AMC_413,562,ampicillin,resistant,Resistant,,,,,Laboratory Method,,
562.65295,Escherichia coli strain AMC_410,562,ampicillin,resistant,Resistant,,,,,Laboratory Method,,
562.65296,Escherichia coli strain AMC_402,562,ampicillin,susceptible,Susceptible,,,,,Laboratory Method,,
562.65297,Escherichia coli strain AMC_401,562,ampicillin,resistant,Resistant,,,,,Laboratory Method,,
562.65298,Escherichia coli strain AMC_403,562,ampicillin,resistant,Resistant,,,,,Laboratory Method,,
562.65299,Escherichia coli strain AMC_404,562,ampicillin,susceptible,Susceptible,,,,,Laboratory Method,,
562.65300,Escherichia coli strain AMC_400,562,ampicillin,resistant,Resistant,,,,,Laboratory Method,,
562.65301,Escherichia coli strain AMC_407,562,ampicillin,susceptible,Susceptible,,,,,Laboratory Method,,
562.65302,Escherichia coli strain AMC_409,562,ampicillin,resistant,Resistant,,,,,Laboratory Method,,
562.65303,Escherichia coli strain AMC_408,562,ampicillin,resistant,Resistant,,,,,Laboratory Method,,
562.65304,Escherichia coli strain AMC_406,562,ampicillin,resistant,Resistant,,,,,Laboratory Method,,
562.65305,Escherichia coli strain AMC_405,562,ampicillin,resistant,Resistant,,,,,Laboratory Method,,
562.65306,Escherichia coli strain AMC_399,562,ampicillin,susceptible,Susceptible,,,,,Laboratory Method,,
562.65307,Escherichia coli strain AMC_398,562,ampicillin,resistant,Resistant,,,,,Laboratory Method,,
562.65308,Escherichia coli strain AMC_83,562,ampicillin,resistant,Resistant,,,,,Laboratory Method,,
562.65309,Escherichia coli strain AMC_85,562,ampicillin,susceptible,Susceptible,,,,,Laboratory Method,,
562.65310,Escherichia coli strain AMC_86,562,ampicillin,resistant,Resistant,,,,,Laboratory Method,,
562.65311,Escherichia coli strain AMC_396,562,ampicillin,resistant,Resistant,,,,,Laboratory Method,,
562.65312,Escherichia coli strain AMC_397,562,ampicillin,susceptible,Susceptible,,,,,Laboratory Method,,
562.65313,Escherichia coli strain AMC_395,562,ampicillin,resistant,Resistant,,,,,Laboratory Method,,
562.65314,Escherichia coli strain AMC_84,562,ampicillin,susceptible,Susceptible,,,,,Laboratory Method,,
562.65315,Escherichia coli strain AMC_81,562,ampicillin,resistant,Resistant,,,,,Laboratory Method,,
562.65316,Escherichia coli strain AMC_82,562,ampicillin,resistant,Resistant,,,,,Laboratory Method,,
562.65317,Escherichia coli strain AMC_72,562,ampicillin,susceptible,Susceptible,,,,,Laboratory Method,,
562.65318,Escherichia coli strain AMC_71,562,ampicillin,resistant,Resistant,,,,,Laboratory Method,,
562.65319,Escherichia coli strain AMC_73,562,ampicillin,susceptible,Susceptible,,,,,Laboratory Method,,
562.65320,Escherichia coli strain AMC_74,562,ampicillin,susceptible,Susceptible,,,,,Laboratory Method,,
562.65321,Escherichia coli strain AMC_70,562,ampicillin,susceptible,Susceptible,,,,,Laboratory Method,,
562.65322,Escherichia coli strain AMC_80,562,ampicillin,susceptible,Susceptible,,,,,Laboratory Method,,
562.65323,Escherichia coli strain AMC_77,562,ampicillin,resistant,Resistant,,,,,Laboratory Method,,
562.65324,Escherichia coli strain AMC_75,562,ampicillin,susceptible,Susceptible,,,,,Laboratory Method,,
562.65325,Escherichia coli strain AMC_78,562,ampicillin,resistant,Resistant,,,,,Laboratory Method,,
562.65326,Escherichia coli strain AMC_76,562,ampicillin,susceptible,Susceptible,,,,,Laboratory Method,,
562.65327,Escherichia coli strain AMC_79,562,ampicillin,susceptible,Susceptible,,,,,Laboratory Method,,
562.65328,Escherichia coli strain AMC_66,562,ampicillin,susceptible,Susceptible,,,,,Laboratory Method,,
562.65329,Escherichia coli strain AMC_68,562,ampicillin,resistant,Resistant,,,,,Laboratory Method,,
562.65330,Escherichia coli strain AMC_67,562,ampicillin,susceptible,Susceptible,,,,,Laboratory Method,,
562.65331,Escherichia coli strain AMC_69,562,ampicillin,resistant,Resistant,,,,,Laboratory Method,,
562.65332,Escherichia coli strain AMC_63,562,ampicillin,resistant,Resistant,,,,,Laboratory Method,,
562.65333,Escherichia coli strain AMC_61,562,ampicillin,resistant,Resistant,,,,,Laboratory Method,,
562.65334,Escherichia coli strain AMC_64,562,ampicillin,susceptible,Susceptible,,,,,Laboratory Method,,
562.65335,Escherichia coli strain AMC_65,562,ampicillin,susceptible,Susceptible,,,,,Laboratory Method,,
562.65336,Escherichia coli strain AMC_62,562,ampicillin,susceptible,Susceptible,,,,,Laboratory Method,,
562.65337,Escherichia coli strain AMC_60,562,ampicillin,susceptible,Susceptible,,,,,Laboratory Method,,
562.65338,Escherichia coli strain AMC_59,562,ampicillin,susceptible,Susceptible,,,,,Laboratory Method,,
562.65339,Escherichia coli strain AMC_394,562,ampicillin,susceptible,Susceptible,,,,,Laboratory Method,,
562.65340,Escherichia coli strain AMC_393,562,ampicillin,resistant,Resistant,,,,,Laboratory Method,,
562.65341,Escherichia coli strain AMC_391,562,ampicillin,resistant,Resistant,,,,,Laboratory Method,,
562.65342,Escherichia coli strain AMC_392,562,ampicillin,resistant,Resistant,,,,,Laboratory Method,,
562.65343,Escherichia coli strain AMC_384,562,ampicillin,resistant,Resistant,,,,,Laboratory Method,,
562.65344,Escherichia coli strain AMC_388,562,ampicillin,resistant,Resistant,,,,,Laboratory Method,,
562.65345,Escherichia coli strain AMC_387,562,ampicillin,resistant,Resistant,,,,,Laboratory Method,,
562.65346,Escherichia coli strain AMC_389,562,ampicillin,resistant,Resistant,,,,,Laboratory Method,,
562.65347,Escherichia coli strain AMC_390,562,ampicillin,susceptible,Susceptible,,,,,Laboratory Method,,
562.65348,Escherichia coli strain AMC_386,562,ampicillin,resistant,Resistant,,,,,Laboratory Method,,
562.65349,Escherichia coli strain AMC_385,562,ampicillin,susceptible,Susceptible,,,,,Laboratory Method,,
562.65350,Escherichia coli strain AMC_383,562,ampicillin,susceptible,Susceptible,,,,,Laboratory Method,,
562.65351,Escherichia coli strain AMC_373,562,ampicillin,resistant,Resistant,,,,,Laboratory Method,,
562.65352,Escherichia coli strain AMC_375,562,ampicillin,susceptible,Susceptible,,,,,Laboratory Method,,
562.65353,Escherichia coli strain AMC_374,562,ampicillin,resistant,Resistant,,,,,Laboratory Method,,
562.65354,Escherichia coli strain AMC_376,562,ampicillin,resistant,Resistant,,,,,Laboratory Method,,
562.65355,Escherichia coli strain AMC_382,562,ampicillin,resistant,Resistant,,,,,Laboratory Method,,
562.65356,Escherichia coli strain AMC_378,562,ampicillin,susceptible,Susceptible,,,,,Laboratory Method,,
562.65357,Escherichia coli strain AMC_377,562,ampicillin,resistant,Resistant,,,,,Laboratory Method,,
562.65358,Escherichia coli strain AMC_381,562,ampicillin,resistant,Resistant,,,,,Laboratory Method,,
562.65359,Escherichia coli strain AMC_380,562,ampicillin,resistant,Resistant,,,,,Laboratory Method,,
562.65360,Escherichia coli strain AMC_379,562,ampicillin,resistant,Resistant,,,,,Laboratory Method,,
562.65361,Escherichia coli strain AMC_368,562,ampicillin,susceptible,Susceptible,,,,,Laboratory Method,,
562.65362,Escherichia coli strain AMC_372,562,ampicillin,resistant,Resistant,,,,,Laboratory Method,,
562.65363,Escherichia coli strain AMC_57,562,ampicillin,susceptible,Susceptible,,,,,Laboratory Method,,
562.65364,Escherichia coli strain AMC_55,562,ampicillin,susceptible,Susceptible,,,,,Laboratory Method,,
562.65365,Escherichia coli strain AMC_58,562,ampicillin,resistant,Resistant,,,,,Laboratory Method,,
562.65366,Escherichia coli strain AMC_56,562,ampicillin,resistant,Resistant,,,,,Laboratory Method,,
562.65367,Escherichia coli strain AMC_367,562,ampicillin,resistant,Resistant,,,,,Laboratory Method,,
562.65368,Escherichia coli strain AMC_54,562,ampicillin,susceptible,Susceptible,,,,,Laboratory Method,,
562.65369,Escherichia coli strain AMC_371,562,ampicillin,susceptible,Susceptible,,,,,Laboratory Method,,
562.65370,Escherichia coli strain AMC_370,562,ampicillin,resistant,Resistant,,,,,Laboratory Method,,
562.65371,Escherichia coli strain AMC_369,562,ampicillin,susceptible,Susceptible,,,,,Laboratory Method,,
562.65372,Escherichia coli strain AMC_53,562,ampicillin,susceptible,Susceptible,,,,,Laboratory Method,,
562.65373,Escherichia coli strain AMC_52,562,ampicillin,susceptible,Susceptible,,,,,Laboratory Method,,
562.65374,Escherichia coli strain AMC_51,562,ampicillin,resistant,Resistant,,,,,Laboratory Method,,
562.65375,Escherichia coli strain AMC_50,562,ampicillin,resistant,Resistant,,,,,Laboratory Method,,
562.65376,Escherichia coli strain AMC_48,562,ampicillin,resistant,Resistant,,,,,Laboratory Method,,
562.65377,Escherichia coli strain AMC_49,562,ampicillin,susceptible,Susceptible,,,,,Laboratory Method,,
562.65378,Escherichia coli strain AMC_47,562,ampicillin,susceptible,Susceptible,,,,,Laboratory Method,,
562.65379,Escherichia coli strain AMC_46,562,ampicillin,resistant,Resistant,,,,,Laboratory Method,,
562.65380,Escherichia coli strain AMC_45,562,ampicillin,resistant,Resistant,,,,,Laboratory Method,,
562.65381,Escherichia coli strain AMC_43,562,ampicillin,resistant,Resistant,,,,,Laboratory Method,,
562.65382,Escherichia coli strain AMC_44,562,ampicillin,resistant,Resistant,,,,,Laboratory Method,,
562.65383,Escherichia coli strain AMC_37,562,ampicillin,resistant,Resistant,,,,,Laboratory Method,,
562.65384,Escherichia coli strain AMC_38,562,ampicillin,susceptible,Susceptible,,,,,Laboratory Method,,
562.65385,Escherichia coli strain AMC_41,562,ampicillin,susceptible,Susceptible,,,,,Laboratory Method,,
562.65386,Escherichia coli strain AMC_39,562,ampicillin,susceptible,Susceptible,,,,,Laboratory Method,,
562.65387,Escherichia coli strain AMC_42,562,ampicillin,susceptible,Susceptible,,,,,Laboratory Method,,
562.65388,Escherichia coli strain AMC_34,562,ampicillin,susceptible,Susceptible,,,,,Laboratory Method,,
562.65389,Escherichia coli strain AMC_40,562,ampicillin,resistant,Resistant,,,,,Laboratory Method,,
562.65390,Escherichia coli strain AMC_36,562,ampicillin,resistant,Resistant,,,,,Laboratory Method,,
562.65391,Escherichia coli strain AMC_35,562,ampicillin,susceptible,Susceptible,,,,,Laboratory Method,,
562.65392,Escherichia coli strain AMC_32,562,ampicillin,resistant,Resistant,,,,,Laboratory Method,,
562.65393,Escherichia coli strain AMC_33,562,ampicillin,susceptible,Susceptible,,,,,Laboratory Method,,
562.65395,Escherichia coli strain AMC_31,562,ampicillin,susceptible,Susceptible,,,,,Laboratory Method,,
562.65396,Escherichia coli strain AMC_30,562,ampicillin,resistant,Resistant,,,,,Laboratory Method,,
562.65397,Escherichia coli strain AMC_28,562,ampicillin,susceptible,Susceptible,,,,,Laboratory Method,,
562.65398,Escherichia coli strain AMC_26,562,ampicillin,resistant,Resistant,,,,,Laboratory Method,,
562.65399,Escherichia coli strain AMC_27,562,ampicillin,susceptible,Susceptible,,,,,Laboratory Method,,
562.65400,Escherichia coli strain AMC_29,562,ampicillin,resistant,Resistant,,,,,Laboratory Method,,
562.65401,Escherichia coli strain AMC_22,562,ampicillin,resistant,Resistant,,,,,Laboratory Method,,
562.65402,Escherichia coli strain AMC_24,562,ampicillin,susceptible,Susceptible,,,,,Laboratory Method,,
562.65403,Escherichia coli strain AMC_25,562,ampicillin,susceptible,Susceptible,,,,,Laboratory Method,,
562.65404,Escherichia coli strain AMC_20,562,ampicillin,susceptible,Susceptible,,,,,Laboratory Method,,
562.65405,Escherichia coli strain AMC_23,562,ampicillin,susceptible,Susceptible,,,,,Laboratory Method,,
562.65406,Escherichia coli strain AMC_19,562,ampicillin,resistant,Resistant,,,,,Laboratory Method,,
562.65407,Escherichia coli strain AMC_16,562,ampicillin,resistant,Resistant,,,,,Laboratory Method,,
562.65408,Escherichia coli strain AMC_18,562,ampicillin,susceptible,Susceptible,,,,,Laboratory Method,,
562.65409,Escherichia coli strain AMC_9,562,ampicillin,resistant,Resistant,,,,,Laboratory Method,,
562.65410,Escherichia coli strain AMC_17,562,ampicillin,susceptible,Susceptible,,,,,Laboratory Method,,
562.65411,Escherichia coli strain AMC_10,562,ampicillin,resistant,Resistant,,,,,Laboratory Method,,
562.65412,Escherichia coli strain AMC_15,562,ampicillin,resistant,Resistant,,,,,Laboratory Method,,
562.65413,Escherichia coli strain AMC_13,562,ampicillin,susceptible,Susceptible,,,,,Laboratory Method,,
562.65414,Escherichia coli strain AMC_11,562,ampicillin,susceptible,Susceptible,,,,,Laboratory Method,,
562.65415,Escherichia coli strain AMC_12,562,ampicillin,susceptible,Susceptible,,,,,Laboratory Method,,
562.65416,Escherichia coli strain AMC_14,562,ampicillin,susceptible,Susceptible,,,,,Laboratory Method,,
562.65417,Escherichia coli strain AMC_366,562,ampicillin,resistant,Resistant,,,,,Laboratory Method,,
562.65418,Escherichia coli strain AMC_4,562,ampicillin,resistant,Resistant,,,,,Laboratory Method,,
562.65419,Escherichia coli strain AMC_363,562,ampicillin,susceptible,Susceptible,,,,,Laboratory Method,,
562.65420,Escherichia coli strain AMC_365,562,ampicillin,susceptible,Susceptible,,,,,Laboratory Method,,
562.65421,Escherichia coli strain AMC_815,562,ampicillin,susceptible,Susceptible,,,,,Laboratory Method,,
562.65422,Escherichia coli strain AMC_817,562,ampicillin,susceptible,Susceptible,,,,,Laboratory Method,,
562.65423,Escherichia coli strain AMC_816,562,ampicillin,resistant,Resistant,,,,,Laboratory Method,,
562.65424,Escherichia coli strain AMC_8,562,ampicillin,susceptible,Susceptible,,,,,Laboratory Method,,
562.65425,Escherichia coli strain AMC_5,562,ampicillin,resistant,Resistant,,,,,Laboratory Method,,
562.65426,Escherichia coli strain AMC_7,562,ampicillin,resistant,Resistant,,,,,Laboratory Method,,
562.65427,Escherichia coli strain AMC_6,562,ampicillin,resistant,Resistant,,,,,Laboratory Method,,
562.65428,Escherichia coli strain AMC_865,562,ampicillin,resistant,Resistant,,,,,Laboratory Method,,
562.65429,Escherichia coli strain AMC_866,562,ampicillin,resistant,Resistant,,,,,Laboratory Method,,
562.65430,Escherichia coli strain AMC_869,562,ampicillin,resistant,Resistant,,,,,Laboratory Method,,
562.65431,Escherichia coli strain AMC_868,562,ampicillin,resistant,Resistant,,,,,Laboratory Method,,
562.65432,Escherichia coli strain AMC_867,562,ampicillin,susceptible,Susceptible,,,,,Laboratory Method,,
562.65433,Escherichia coli strain AMC_845,562,ampicillin,resistant,Resistant,,,,,Laboratory Method,,
562.65434,Escherichia coli strain AMC_847,562,ampicillin,resistant,Resistant,,,,,Laboratory Method,,
562.65435,Escherichia coli strain AMC_846,562,ampicillin,susceptible,Susceptible,,,,,Laboratory Method,,
562.65436,Escherichia coli strain AMC_863,562,ampicillin,resistant,Resistant,,,,,Laboratory Method,,
562.65437,Escherichia coli strain AMC_864,562,ampicillin,susceptible,Susceptible,,,,,Laboratory Method,,
562.65438,Escherichia coli strain AMC_850,562,ampicillin,resistant,Resistant,,,,,Laboratory Method,,
562.65439,Escherichia coli strain AMC_730,562,ampicillin,susceptible,Susceptible,,,,,Laboratory Method,,
562.65440,Escherichia coli strain AMC_729,562,ampicillin,susceptible,Susceptible,,,,,Laboratory Method,,
562.65441,Escherichia coli strain AMC_843,562,ampicillin,resistant,Resistant,,,,,Laboratory Method,,
562.65442,Escherichia coli strain AMC_844,562,ampicillin,resistant,Resistant,,,,,Laboratory Method,,
562.65443,Escherichia coli strain AMC_728,562,ampicillin,susceptible,Susceptible,,,,,Laboratory Method,,
562.65444,Escherichia coli strain AMC_726,562,ampicillin,susceptible,Susceptible,,,,,Laboratory Method,,
562.65445,Escherichia coli strain AMC_727,562,ampicillin,susceptible,Susceptible,,,,,Laboratory Method,,
562.65446,Escherichia coli strain AMC_725,562,ampicillin,resistant,Resistant,,,,,Laboratory Method,,
562.65447,Escherichia coli strain AMC_722,562,ampicillin,resistant,Resistant,,,,,Laboratory Method,,
562.65448,Escherichia coli strain AMC_724,562,ampicillin,susceptible,Susceptible,,,,,Laboratory Method,,
562.65449,Escherichia coli strain AMC_723,562,ampicillin,susceptible,Susceptible,,,,,Laboratory Method,,
562.65450,Escherichia coli strain AMC_721,562,ampicillin,susceptible,Susceptible,,,,,Laboratory Method,,
562.65451,Escherichia coli strain AMC_719,562,ampicillin,susceptible,Susceptible,,,,,Laboratory Method,,
562.65452,Escherichia coli strain AMC_720,562,ampicillin,susceptible,Susceptible,,,,,Laboratory Method,,
562.65453,Escherichia coli strain AMC_718,562,ampicillin,susceptible,Susceptible,,,,,Laboratory Method,,
562.65454,Escherichia coli strain AMC_717,562,ampicillin,susceptible,Susceptible,,,,,Laboratory Method,,
562.65455,Escherichia coli strain AMC_713,562,ampicillin,susceptible,Susceptible,,,,,Laboratory Method,,
562.65456,Escherichia coli strain AMC_712,562,ampicillin,susceptible,Susceptible,,,,,Laboratory Method,,
562.65457,Escherichia coli strain AMC_716,562,ampicillin,resistant,Resistant,,,,,Laboratory Method,,
562.65458,Escherichia coli strain AMC_715,562,ampicillin,susceptible,Susceptible,,,,,Laboratory Method,,
562.65459,Escherichia coli strain AMC_714,562,ampicillin,resistant,Resistant,,,,,Laboratory Method,,
562.65460,Escherichia coli strain AMC_711,562,ampicillin,susceptible,Susceptible,,,,,Laboratory Method,,
562.65461,Escherichia coli strain AMC_170,562,ampicillin,susceptible,Susceptible,,,,,Laboratory Method,,
562.65462,Escherichia coli strain AMC_703,562,ampicillin,susceptible,Susceptible,,,,,Laboratory Method,,
562.65463,Escherichia coli strain AMC_169,562,ampicillin,susceptible,Susceptible,,,,,Laboratory Method,,
562.65464,Escherichia coli strain AMC_168,562,ampicillin,resistant,Resistant,,,,,Laboratory Method,,
562.65465,Escherichia coli strain AMC_707,562,ampicillin,resistant,Resistant,,,,,Laboratory Method,,
562.65466,Escherichia coli strain AMC_704,562,ampicillin,resistant,Resistant,,,,,Laboratory Method,,
562.65467,Escherichia coli strain AMC_705,562,ampicillin,resistant,Resistant,,,,,Laboratory Method,,
562.65468,Escherichia coli strain AMC_706,562,ampicillin,resistant,Resistant,,,,,Laboratory Method,,
562.65469,Escherichia coli strain AMC_708,562,ampicillin,susceptible,Susceptible,,,,,Laboratory Method,,
562.65470,Escherichia coli strain AMC_710,562,ampicillin,resistant,Resistant,,,,,Laboratory Method,,
562.65471,Escherichia coli strain AMC_709,562,ampicillin,resistant,Resistant,,,,,Laboratory Method,,
562.65472,Escherichia coli strain AMC_164,562,ampicillin,resistant,Resistant,,,,,Laboratory Method,,
562.65473,Escherichia coli strain AMC_163,562,ampicillin,resistant,Resistant,,,,,Laboratory Method,,
562.65474,Escherichia coli strain AMC_162,562,ampicillin,susceptible,Susceptible,,,,,Laboratory Method,,
562.65475,Escherichia coli strain AMC_161,562,ampicillin,susceptible,Susceptible,,,,,Laboratory Method,,
562.65476,Escherichia coli strain AMC_158,562,ampicillin,resistant,Resistant,,,,,Laboratory Method,,
562.65477,Escherichia coli strain AMC_160,562,ampicillin,susceptible,Susceptible,,,,,Laboratory Method,,
562.65478,Escherichia coli strain AMC_157,562,ampicillin,resistant,Resistant,,,,,Laboratory Method,,
562.65479,Escherichia coli strain AMC_159,562,ampicillin,resistant,Resistant,,,,,Laboratory Method,,
562.65480,Escherichia coli strain AMC_167,562,ampicillin,resistant,Resistant,,,,,Laboratory Method,,
562.65481,Escherichia coli strain AMC_165,562,ampicillin,susceptible,Susceptible,,,,,Laboratory Method,,
562.65482,Escherichia coli strain AMC_166,562,ampicillin,susceptible,Susceptible,,,,,Laboratory Method,,
562.65483,Escherichia coli strain AMC_154,562,ampicillin,susceptible,Susceptible,,,,,Laboratory Method,,
562.65484,Escherichia coli strain AMC_155,562,ampicillin,resistant,Resistant,,,,,Laboratory Method,,
562.65485,Escherichia coli strain AMC_152,562,ampicillin,susceptible,Susceptible,,,,,Laboratory Method,,
562.65486,Escherichia coli strain AMC_153,562,ampicillin,susceptible,Susceptible,,,,,Laboratory Method,,
562.65487,Escherichia coli strain AMC_151,562,ampicillin,resistant,Resistant,,,,,Laboratory Method,,
562.65488,Escherichia coli strain AMC_149,562,ampicillin,susceptible,Susceptible,,,,,Laboratory Method,,
562.65489,Escherichia coli strain AMC_150,562,ampicillin,susceptible,Susceptible,,,,,Laboratory Method,,
562.65490,Escherichia coli strain AMC_148,562,ampicillin,susceptible,Susceptible,,,,,Laboratory Method,,
562.65491,Escherichia coli strain AMC_146,562,ampicillin,susceptible,Susceptible,,,,,Laboratory Method,,
562.65492,Escherichia coli strain AMC_147,562,ampicillin,susceptible,Susceptible,,,,,Laboratory Method,,
562.65493,Escherichia coli strain AMC_702,562,ampicillin,susceptible,Susceptible,,,,,Laboratory Method,,
562.65494,Escherichia coli strain AMC_143,562,ampicillin,susceptible,Susceptible,,,,,Laboratory Method,,
562.65495,Escherichia coli strain AMC_695,562,ampicillin,resistant,Resistant,,,,,Laboratory Method,,
562.65496,Escherichia coli strain AMC_696,562,ampicillin,susceptible,Susceptible,,,,,Laboratory Method,,
562.65497,Escherichia coli strain AMC_698,562,ampicillin,resistant,Resistant,,,,,Laboratory Method,,
562.65498,Escherichia coli strain AMC_700,562,ampicillin,resistant,Resistant,,,,,Laboratory Method,,
562.65499,Escherichia coli strain AMC_701,562,ampicillin,resistant,Resistant,,,,,Laboratory Method,,
562.65500,Escherichia coli strain AMC_699,562,ampicillin,susceptible,Susceptible,,,,,Laboratory Method,,
562.65501,Escherichia coli strain AMC_697,562,ampicillin,susceptible,Susceptible,,,,,Laboratory Method,,
562.65502,Escherichia coli strain AMC_156,562,ampicillin,susceptible,Susceptible,,,,,Laboratory Method,,
562.65503,Escherichia coli strain AMC_144,562,ampicillin,resistant,Resistant,,,,,Laboratory Method,,
562.65504,Escherichia coli strain AMC_145,562,ampicillin,resistant,Resistant,,,,,Laboratory Method,,
562.65505,Escherichia coli strain AMC_692,562,ampicillin,susceptible,Susceptible,,,,,Laboratory Method,,
562.65506,Escherichia coli strain AMC_693,562,ampicillin,resistant,Resistant,,,,,Laboratory Method,,
562.65507,Escherichia coli strain AMC_691,562,ampicillin,resistant,Resistant,,,,,Laboratory Method,,
562.65508,Escherichia coli strain AMC_685,562,ampicillin,susceptible,Susceptible,,,,,Laboratory Method,,
562.65509,Escherichia coli strain AMC_684,562,ampicillin,resistant,Resistant,,,,,Laboratory Method,,
562.65510,Escherichia coli strain AMC_686,562,ampicillin,resistant,Resistant,,,,,Laboratory Method,,
562.65511,Escherichia coli strain AMC_694,562,ampicillin,susceptible,Susceptible,,,,,Laboratory Method,,
562.65512,Escherichia coli strain AMC_689,562,ampicillin,resistant,Resistant,,,,,Laboratory Method,,
562.65513,Escherichia coli strain AMC_690,562,ampicillin,resistant,Resistant,,,,,Laboratory Method,,
562.65514,Escherichia coli strain AMC_688,562,ampicillin,resistant,Resistant,,,,,Laboratory Method,,
562.65515,Escherichia coli strain AMC_679,562,ampicillin,resistant,Resistant,,,,,Laboratory Method,,
562.65516,Escherichia coli strain AMC_681,562,ampicillin,resistant,Resistant,,,,,Laboratory Method,,
562.65517,Escherichia coli strain AMC_680,562,ampicillin,resistant,Resistant,,,,,Laboratory Method,,
562.65518,Escherichia coli strain AMC_676,562,ampicillin,susceptible,Susceptible,,,,,Laboratory Method,,
562.65519,Escherichia coli strain AMC_675,562,ampicillin,susceptible,Susceptible,,,,,Laboratory Method,,
562.65520,Escherichia coli strain AMC_674,562,ampicillin,susceptible,Susceptible,,,,,Laboratory Method,,
562.65521,Escherichia coli strain AMC_678,562,ampicillin,susceptible,Susceptible,,,,,Laboratory Method,,
562.65522,Escherichia coli strain AMC_677,562,ampicillin,resistant,Resistant,,,,,Laboratory Method,,
562.65523,Escherichia coli strain AMC_673,562,ampicillin,resistant,Resistant,,,,,Laboratory Method,,
562.65524,Escherichia coli strain AMC_682,562,ampicillin,resistant,Resistant,,,,,Laboratory Method,,
562.65525,Escherichia coli strain AMC_683,562,ampicillin,resistant,Resistant,,,,,Laboratory Method,,
562.65526,Escherichia coli strain AMC_687,562,ampicillin,susceptible,Susceptible,,,,,Laboratory Method,,
562.65527,Escherichia coli strain AMC_668,562,ampicillin,susceptible,Susceptible,,,,,Laboratory Method,,
562.65528,Escherichia coli strain AMC_669,562,ampicillin,resistant,Resistant,,,,,Laboratory Method,,
562.65529,Escherichia coli strain AMC_667,562,ampicillin,resistant,Resistant,,,,,Laboratory Method,,
562.65530,Escherichia coli strain AMC_670,562,ampicillin,resistant,Resistant,,,,,Laboratory Method,,
562.65531,Escherichia coli strain AMC_672,562,ampicillin,resistant,Resistant,,,,,Laboratory Method,,
562.65532,Escherichia coli strain AMC_671,562,ampicillin,susceptible,Susceptible,,,,,Laboratory Method,,
562.65533,Escherichia coli strain AMC_664,562,ampicillin,susceptible,Susceptible,,,,,Laboratory Method,,
562.65534,Escherichia coli strain AMC_663,562,ampicillin,resistant,Resistant,,,,,Laboratory Method,,
562.65535,Escherichia coli strain AMC_662,562,ampicillin,susceptible,Susceptible,,,,,Laboratory Method,,
562.65536,Escherichia coli strain AMC_666,562,ampicillin,resistant,Resistant,,,,,Laboratory Method,,
562.65537,Escherichia coli strain AMC_665,562,ampicillin,resistant,Resistant,,,,,Laboratory Method,,
562.65538,Escherichia coli strain AMC_652,562,ampicillin,resistant,Resistant,,,,,Laboratory Method,,
562.65539,Escherichia coli strain AMC_655,562,ampicillin,resistant,Resistant,,,,,Laboratory Method,,
562.65540,Escherichia coli strain AMC_654,562,ampicillin,resistant,Resistant,,,,,Laboratory Method,,
562.65541,Escherichia coli strain AMC_656,562,ampicillin,resistant,Resistant,,,,,Laboratory Method,,
562.65542,Escherichia coli strain AMC_661,562,ampicillin,susceptible,Susceptible,,,,,Laboratory Method,,
562.65543,Escherichia coli strain AMC_658,562,ampicillin,susceptible,Susceptible,,,,,Laboratory Method,,
562.65544,Escherichia coli strain AMC_659,562,ampicillin,susceptible,Susceptible,,,,,Laboratory Method,,
562.65545,Escherichia coli strain AMC_660,562,ampicillin,resistant,Resistant,,,,,Laboratory Method,,
562.65546,Escherichia coli strain AMC_657,562,ampicillin,susceptible,Susceptible,,,,,Laboratory Method,,
562.65547,Escherichia coli strain AMC_653,562,ampicillin,susceptible,Susceptible,,,,,Laboratory Method,,
562.65548,Escherichia coli strain AMC_651,562,ampicillin,resistant,Resistant,,,,,Laboratory Method,,
562.65549,Escherichia coli strain AMC_644,562,ampicillin,resistant,Resistant,,,,,Laboratory Method,,
562.65550,Escherichia coli strain AMC_649,562,ampicillin,resistant,Resistant,,,,,Laboratory Method,,
562.65551,Escherichia coli strain AMC_641,562,ampicillin,susceptible,Susceptible,,,,,Laboratory Method,,
562.65552,Escherichia coli strain AMC_640,562,ampicillin,susceptible,Susceptible,,,,,Laboratory Method,,
562.65553,Escherichia coli strain AMC_648,562,ampicillin,susceptible,Susceptible,,,,,Laboratory Method,,
562.65554,Escherichia coli strain AMC_645,562,ampicillin,resistant,Resistant,,,,,Laboratory Method,,
562.65555,Escherichia coli strain AMC_646,562,ampicillin,resistant,Resistant,,,,,Laboratory Method,,
562.65556,Escherichia coli strain AMC_642,562,ampicillin,susceptible,Susceptible,,,,,Laboratory Method,,
562.65557,Escherichia coli strain AMC_643,562,ampicillin,susceptible,Susceptible,,,,,Laboratory Method,,
562.65558,Escherichia coli strain AMC_647,562,ampicillin,resistant,Resistant,,,,,Laboratory Method,,
562.65559,Escherichia coli strain AMC_650,562,ampicillin,resistant,Resistant,,,,,Laboratory Method,,
562.65560,Escherichia coli strain AMC_637,562,ampicillin,resistant,Resistant,,,,,Laboratory Method,,
562.65561,Escherichia coli strain AMC_638,562,ampicillin,resistant,Resistant,,,,,Laboratory Method,,
562.65562,Escherichia coli strain AMC_636,562,ampicillin,resistant,Resistant,,,,,Laboratory Method,,
562.65563,Escherichia coli strain AMC_629,562,ampicillin,resistant,Resistant,,,,,Laboratory Method,,
562.65564,Escherichia coli strain AMC_635,562,ampicillin,resistant,Resistant,,,,,Laboratory Method,,
562.65565,Escherichia coli strain AMC_634,562,ampicillin,resistant,Resistant,,,,,Laboratory Method,,
562.65566,Escherichia coli strain AMC_632,562,ampicillin,resistant,Resistant,,,,,Laboratory Method,,
562.65567,Escherichia coli strain AMC_631,562,ampicillin,susceptible,Susceptible,,,,,Laboratory Method,,
562.65568,Escherichia coli strain AMC_630,562,ampicillin,susceptible,Susceptible,,,,,Laboratory Method,,
562.65569,Escherichia coli strain AMC_633,562,ampicillin,resistant,Resistant,,,,,Laboratory Method,,
562.65570,Escherichia coli strain AMC_639,562,ampicillin,resistant,Resistant,,,,,Laboratory Method,,
562.65571,Escherichia coli strain AMC_625,562,ampicillin,susceptible,Susceptible,,,,,Laboratory Method,,
562.65572,Escherichia coli strain AMC_626,562,ampicillin,resistant,Resistant,,,,,Laboratory Method,,
562.65573,Escherichia coli strain AMC_623,562,ampicillin,susceptible,Susceptible,,,,,Laboratory Method,,
562.65574,Escherichia coli strain AMC_622,562,ampicillin,resistant,Resistant,,,,,Laboratory Method,,
562.65575,Escherichia coli strain AMC_624,562,ampicillin,resistant,Resistant,,,,,Laboratory Method,,
562.65576,Escherichia coli strain AMC_620,562,ampicillin,resistant,Resistant,,,,,Laboratory Method,,
562.65577,Escherichia coli strain AMC_619,562,ampicillin,resistant,Resistant,,,,,Laboratory Method,,
562.65578,Escherichia coli strain AMC_618,562,ampicillin,resistant,Resistant,,,,,Laboratory Method,,
562.65579,Escherichia coli strain AMC_621,562,ampicillin,resistant,Resistant,,,,,Laboratory Method,,
562.65580,Escherichia coli strain AMC_627,562,ampicillin,susceptible,Susceptible,,,,,Laboratory Method,,
562.65581,Escherichia coli strain AMC_628,562,ampicillin,susceptible,Susceptible,,,,,Laboratory Method,,
562.65583,Escherichia coli strain AMC_612,562,ampicillin,resistant,Resistant,,,,,Laboratory Method,,
562.65584,Escherichia coli strain AMC_611,562,ampicillin,resistant,Resistant,,,,,Laboratory Method,,
562.65585,Escherichia coli strain AMC_615,562,ampicillin,resistant,Resistant,,,,,Laboratory Method,,
562.65586,Escherichia coli strain AMC_614,562,ampicillin,susceptible,Susceptible,,,,,Laboratory Method,,
562.65587,Escherichia coli strain AMC_608,562,ampicillin,susceptible,Susceptible,,,,,Laboratory Method,,
562.65588,Escherichia coli strain AMC_609,562,ampicillin,resistant,Resistant,,,,,Laboratory Method,,
562.65589,Escherichia coli strain AMC_607,562,ampicillin,susceptible,Susceptible,,,,,Laboratory Method,,
562.65590,Escherichia coli strain AMC_610,562,ampicillin,resistant,Resistant,,,,,Laboratory Method,,
562.65593,Escherichia coli strain AMC_616,562,ampicillin,susceptible,Susceptible,,,,,Laboratory Method,,
562.65594,Escherichia coli strain AMC_617,562,ampicillin,resistant,Resistant,,,,,Laboratory Method,,
562.65595,Escherichia coli strain AMC_613,562,ampicillin,resistant,Resistant,,,,,Laboratory Method,,
562.65596,Escherichia coli strain AMC_603,562,ampicillin,resistant,Resistant,,,,,Laboratory Method,,
562.65597,Escherichia coli strain AMC_602,562,ampicillin,susceptible,Susceptible,,,,,Laboratory Method,,
562.65598,Escherichia coli strain AMC_604,562,ampicillin,resistant,Resistant,,,,,Laboratory Method,,
562.65599,Escherichia coli strain AMC_601,562,ampicillin,susceptible,Susceptible,,,,,Laboratory Method,,
562.65600,Escherichia coli strain AMC_600,562,ampicillin,resistant,Resistant,,,,,Laboratory Method,,
562.65601,Escherichia coli strain AMC_597,562,ampicillin,susceptible,Susceptible,,,,,Laboratory Method,,
562.65602,Escherichia coli strain AMC_598,562,ampicillin,resistant,Resistant,,,,,Laboratory Method,,
562.65603,Escherichia coli strain AMC_596,562,ampicillin,susceptible,Susceptible,,,,,Laboratory Method,,
562.65604,Escherichia coli strain AMC_605,562,ampicillin,resistant,Resistant,,,,,Laboratory Method,,
562.65605,Escherichia coli strain AMC_606,562,ampicillin,resistant,Resistant,,,,,Laboratory Method,,
562.65606,Escherichia coli strain AMC_139,562,ampicillin,resistant,Resistant,,,,,Laboratory Method,,
562.65607,Escherichia coli strain AMC_138,562,ampicillin,susceptible,Susceptible,,,,,Laboratory Method,,
562.65608,Escherichia coli strain AMC_140,562,ampicillin,susceptible,Susceptible,,,,,Laboratory Method,,
562.65609,Escherichia coli strain AMC_137,562,ampicillin,susceptible,Susceptible,,,,,Laboratory Method,,
562.65610,Escherichia coli strain AMC_594,562,ampicillin,resistant,Resistant,,,,,Laboratory Method,,
562.65611,Escherichia coli strain AMC_595,562,ampicillin,resistant,Resistant,,,,,Laboratory Method,,
562.65612,Escherichia coli strain AMC_591,562,ampicillin,resistant,Resistant,,,,,Laboratory Method,,
562.65613,Escherichia coli strain AMC_141,562,ampicillin,resistant,Resistant,,,,,Laboratory Method,,
562.65614,Escherichia coli strain AMC_142,562,ampicillin,susceptible,Susceptible,,,,,Laboratory Method,,
562.65615,Escherichia coli strain AMC_592,562,ampicillin,resistant,Resistant,,,,,Laboratory Method,,
562.65616,Escherichia coli strain AMC_593,562,ampicillin,susceptible,Susceptible,,,,,Laboratory Method,,
562.65617,Escherichia coli strain AMC_599,562,ampicillin,susceptible,Susceptible,,,,,Laboratory Method,,
562.65618,Escherichia coli strain AMC_134,562,ampicillin,resistant,Resistant,,,,,Laboratory Method,,
562.65619,Escherichia coli strain AMC_132,562,ampicillin,susceptible,Susceptible,,,,,Laboratory Method,,
562.65620,Escherichia coli strain AMC_133,562,ampicillin,susceptible,Susceptible,,,,,Laboratory Method,,
562.65621,Escherichia coli strain AMC_126,562,ampicillin,susceptible,Susceptible,,,,,Laboratory Method,,
562.65622,Escherichia coli strain AMC_129,562,ampicillin,susceptible,Susceptible,,,,,Laboratory Method,,
562.65623,Escherichia coli strain AMC_131,562,ampicillin,susceptible,Susceptible,,,,,Laboratory Method,,
562.65624,Escherichia coli strain AMC_128,562,ampicillin,susceptible,Susceptible,,,,,Laboratory Method,,
562.65625,Escherichia coli strain AMC_130,562,ampicillin,resistant,Resistant,,,,,Laboratory Method,,
562.65626,Escherichia coli strain AMC_127,562,ampicillin,susceptible,Susceptible,,,,,Laboratory Method,,
562.65627,Escherichia coli strain AMC_135,562,ampicillin,resistant,Resistant,,,,,Laboratory Method,,
562.65628,Escherichia coli strain AMC_136,562,ampicillin,susceptible,Susceptible,,,,,Laboratory Method,,
562.65629,Escherichia coli strain AMC_120,562,ampicillin,resistant,Resistant,,,,,Laboratory Method,,
562.65630,Escherichia coli strain AMC_121,562,ampicillin,resistant,Resistant,,,,,Laboratory Method,,
562.65631,Escherichia coli strain AMC_119,562,ampicillin,resistant,Resistant,,,,,Laboratory Method,,
562.65632,Escherichia coli strain AMC_117,562,ampicillin,susceptible,Susceptible,,,,,Laboratory Method,,
562.65633,Escherichia coli strain AMC_123,562,ampicillin,resistant,Resistant,,,,,Laboratory Method,,
562.65634,Escherichia coli strain AMC_118,562,ampicillin,susceptible,Susceptible,,,,,Laboratory Method,,
562.65635,Escherichia coli strain AMC_115,562,ampicillin,susceptible,Susceptible,,,,,Laboratory Method,,
562.65636,Escherichia coli strain AMC_116,562,ampicillin,resistant,Resistant,,,,,Laboratory Method,,
562.65637,Escherichia coli strain AMC_122,562,ampicillin,susceptible,Susceptible,,,,,Laboratory Method,,
562.65638,Escherichia coli strain AMC_124,562,ampicillin,resistant,Resistant,,,,,Laboratory Method,,
562.65639,Escherichia coli strain AMC_125,562,ampicillin,susceptible,Susceptible,,,,,Laboratory Method,,
562.65640,Escherichia coli strain AMC_583,562,ampicillin,susceptible,Susceptible,,,,,Laboratory Method,,
562.65641,Escherichia coli strain AMC_585,562,ampicillin,resistant,Resistant,,,,,Laboratory Method,,
562.65642,Escherichia coli strain AMC_582,562,ampicillin,susceptible,Susceptible,,,,,Laboratory Method,,
562.65643,Escherichia coli strain AMC_584,562,ampicillin,resistant,Resistant,,,,,Laboratory Method,,
562.65644,Escherichia coli strain AMC_581,562,ampicillin,susceptible,Susceptible,,,,,Laboratory Method,,
562.65645,Escherichia coli strain AMC_588,562,ampicillin,resistant,Resistant,,,,,Laboratory Method,,
562.65646,Escherichia coli strain AMC_586,562,ampicillin,resistant,Resistant,,,,,Laboratory Method,,
562.65647,Escherichia coli strain AMC_587,562,ampicillin,resistant,Resistant,,,,,Laboratory Method,,
562.65648,Escherichia coli strain AMC_580,562,ampicillin,susceptible,Susceptible,,,,,Laboratory Method,,
562.65649,Escherichia coli strain AMC_589,562,ampicillin,susceptible,Susceptible,,,,,Laboratory Method,,
562.65650,Escherichia coli strain AMC_590,562,ampicillin,resistant,Resistant,,,,,Laboratory Method,,
562.65651,Escherichia coli strain AMC_579,562,ampicillin,susceptible,Susceptible,,,,,Laboratory Method,,
562.65652,Escherichia coli strain AMC_572,562,ampicillin,susceptible,Susceptible,,,,,Laboratory Method,,
562.65653,Escherichia coli strain AMC_571,562,ampicillin,resistant,Resistant,,,,,Laboratory Method,,
562.65654,Escherichia coli strain AMC_575,562,ampicillin,resistant,Resistant,,,,,Laboratory Method,,
562.65655,Escherichia coli strain AMC_576,562,ampicillin,resistant,Resistant,,,,,Laboratory Method,,
562.65656,Escherichia coli strain AMC_577,562,ampicillin,resistant,Resistant,,,,,Laboratory Method,,
562.65657,Escherichia coli strain AMC_578,562,ampicillin,resistant,Resistant,,,,,Laboratory Method,,
562.65658,Escherichia coli strain AMC_574,562,ampicillin,susceptible,Susceptible,,,,,Laboratory Method,,
562.65659,Escherichia coli strain AMC_573,562,ampicillin,susceptible,Susceptible,,,,,Laboratory Method,,
562.65660,Escherichia coli strain AMC_570,562,ampicillin,susceptible,Susceptible,,,,,Laboratory Method,,
562.65661,Escherichia coli strain AMC_569,562,ampicillin,resistant,Resistant,,,,,Laboratory Method,,
562.65662,Escherichia coli strain AMC_564,562,ampicillin,resistant,Resistant,,,,,Laboratory Method,,
562.65663,Escherichia coli strain AMC_565,562,ampicillin,susceptible,Susceptible,,,,,Laboratory Method,,
562.65664,Escherichia coli strain AMC_568,562,ampicillin,resistant,Resistant,,,,,Laboratory Method,,
562.65665,Escherichia coli strain AMC_567,562,ampicillin,susceptible,Susceptible,,,,,Laboratory Method,,
562.65666,Escherichia coli strain AMC_566,562,ampicillin,susceptible,Susceptible,,,,,Laboratory Method,,
562.65667,Escherichia coli strain AMC_196,562,ampicillin,resistant,Resistant,,,,,Laboratory Method,,
562.65668,Escherichia coli strain AMC_563,562,ampicillin,susceptible,Susceptible,,,,,Laboratory Method,,
562.65669,Escherichia coli strain AMC_198,562,ampicillin,resistant,Resistant,,,,,Laboratory Method,,
562.65670,Escherichia coli strain AMC_197,562,ampicillin,susceptible,Susceptible,,,,,Laboratory Method,,
562.65671,Escherichia coli strain AMC_195,562,ampicillin,resistant,Resistant,,,,,Laboratory Method,,
562.65672,Escherichia coli strain AMC_194,562,ampicillin,susceptible,Susceptible,,,,,Laboratory Method,,
562.65673,Escherichia coli strain AMC_193,562,ampicillin,resistant,Resistant,,,,,Laboratory Method,,
562.65674,Escherichia coli strain AMC_192,562,ampicillin,resistant,Resistant,,,,,Laboratory Method,,
562.65675,Escherichia coli strain AMC_189,562,ampicillin,susceptible,Susceptible,,,,,Laboratory Method,,
562.65676,Escherichia coli strain AMC_190,562,ampicillin,susceptible,Susceptible,,,,,Laboratory Method,,
562.65677,Escherichia coli strain AMC_191,562,ampicillin,resistant,Resistant,,,,,Laboratory Method,,
562.65678,Escherichia coli strain AMC_185,562,ampicillin,resistant,Resistant,,,,,Laboratory Method,,
562.65679,Escherichia coli strain AMC_186,562,ampicillin,susceptible,Susceptible,,,,,Laboratory Method,,
562.65680,Escherichia coli strain AMC_184,562,ampicillin,resistant,Resistant,,,,,Laboratory Method,,
562.65681,Escherichia coli strain AMC_183,562,ampicillin,resistant,Resistant,,,,,Laboratory Method,,
562.65682,Escherichia coli strain AMC_188,562,ampicillin,susceptible,Susceptible,,,,,Laboratory Method,,
562.65683,Escherichia coli strain AMC_187,562,ampicillin,resistant,Resistant,,,,,Laboratory Method,,
562.65684,Escherichia coli strain AMC_808,562,ampicillin,susceptible,Susceptible,,,,,Laboratory Method,,
562.65685,Escherichia coli strain AMC_806,562,ampicillin,resistant,Resistant,,,,,Laboratory Method,,
562.65686,Escherichia coli strain AMC_807,562,ampicillin,susceptible,Susceptible,,,,,Laboratory Method,,
562.65687,Escherichia coli strain AMC_809,562,ampicillin,resistant,Resistant,,,,,Laboratory Method,,
562.65688,Escherichia coli strain AMC_811,562,ampicillin,susceptible,Susceptible,,,,,Laboratory Method,,
562.65689,Escherichia coli strain AMC_810,562,ampicillin,susceptible,Susceptible,,,,,Laboratory Method,,
562.65690,Escherichia coli strain AMC_804,562,ampicillin,susceptible,Susceptible,,,,,Laboratory Method,,
562.65691,Escherichia coli strain AMC_814,562,ampicillin,resistant,Resistant,,,,,Laboratory Method,,
562.65692,Escherichia coli strain AMC_813,562,ampicillin,resistant,Resistant,,,,,Laboratory Method,,
562.65693,Escherichia coli strain AMC_812,562,ampicillin,resistant,Resistant,,,,,Laboratory Method,,
562.65694,Escherichia coli strain AMC_805,562,ampicillin,resistant,Resistant,,,,,Laboratory Method,,
562.65695,Escherichia coli strain AMC_796,562,ampicillin,resistant,Resistant,,,,,Laboratory Method,,
562.65696,Escherichia coli strain AMC_795,562,ampicillin,susceptible,Susceptible,,,,,Laboratory Method,,
562.65697,Escherichia coli strain AMC_797,562,ampicillin,resistant,Resistant,,,,,Laboratory Method,,
562.65698,Escherichia coli strain AMC_802,562,ampicillin,resistant,Resistant,,,,,Laboratory Method,,
562.65699,Escherichia coli strain AMC_800,562,ampicillin,susceptible,Susceptible,,,,,Laboratory Method,,
562.65700,Escherichia coli strain AMC_801,562,ampicillin,susceptible,Susceptible,,,,,Laboratory Method,,
562.65701,Escherichia coli strain AMC_798,562,ampicillin,susceptible,Susceptible,,,,,Laboratory Method,,
562.65702,Escherichia coli strain AMC_799,562,ampicillin,resistant,Resistant,,,,,Laboratory Method,,
562.65703,Escherichia coli strain AMC_803,562,ampicillin,susceptible,Susceptible,,,,,Laboratory Method,,
562.65704,Escherichia coli strain AMC_793,562,ampicillin,resistant,Resistant,,,,,Laboratory Method,,
562.65705,Escherichia coli strain AMC_794,562,ampicillin,susceptible,Susceptible,,,,,Laboratory Method,,
562.65706,Escherichia coli strain AMC_788,562,ampicillin,susceptible,Susceptible,,,,,Laboratory Method,,
562.65707,Escherichia coli strain AMC_785,562,ampicillin,resistant,Resistant,,,,,Laboratory Method,,
562.65708,Escherichia coli strain AMC_784,562,ampicillin,susceptible,Susceptible,,,,,Laboratory Method,,
562.65709,Escherichia coli strain AMC_786,562,ampicillin,susceptible,Susceptible,,,,,Laboratory Method,,
562.65710,Escherichia coli strain AMC_787,562,ampicillin,resistant,Resistant,,,,,Laboratory Method,,
562.65711,Escherichia coli strain AMC_790,562,ampicillin,susceptible,Susceptible,,,,,Laboratory Method,,
562.65712,Escherichia coli strain AMC_789,562,ampicillin,susceptible,Susceptible,,,,,Laboratory Method,,
562.65713,Escherichia coli strain AMC_792,562,ampicillin,susceptible,Susceptible,,,,,Laboratory Method,,
562.65714,Escherichia coli strain AMC_791,562,ampicillin,susceptible,Susceptible,,,,,Laboratory Method,,
562.65715,Escherichia coli strain AMC_783,562,ampicillin,susceptible,Susceptible,,,,,Laboratory Method,,
562.65716,Escherichia coli strain AMC_782,562,ampicillin,resistant,Resistant,,,,,Laboratory Method,,
562.65717,Escherichia coli strain AMC_780,562,ampicillin,susceptible,Susceptible,,,,,Laboratory Method,,
562.65718,Escherichia coli strain AMC_781,562,ampicillin,susceptible,Susceptible,,,,,Laboratory Method,,
562.65719,Escherichia coli strain AMC_776,562,ampicillin,susceptible,Susceptible,,,,,Laboratory Method,,
562.65720,Escherichia coli strain AMC_775,562,ampicillin,resistant,Resistant,,,,,Laboratory Method,,
562.65721,Escherichia coli strain AMC_777,562,ampicillin,susceptible,Susceptible,,,,,Laboratory Method,,
562.65722,Escherichia coli strain AMC_779,562,ampicillin,resistant,Resistant,,,,,Laboratory Method,,
562.65723,Escherichia coli strain AMC_778,562,ampicillin,resistant,Resistant,,,,,Laboratory Method,,
562.65724,Escherichia coli strain AMC_771,562,ampicillin,susceptible,Susceptible,,,,,Laboratory Method,,
562.65725,Escherichia coli strain AMC_772,562,ampicillin,resistant,Resistant,,,,,Laboratory Method,,
562.65726,Escherichia coli strain AMC_774,562,ampicillin,resistant,Resistant,,,,,Laboratory Method,,
562.65727,Escherichia coli strain AMC_773,562,ampicillin,susceptible,Susceptible,,,,,Laboratory Method,,
562.65728,Escherichia coli strain AMC_766,562,ampicillin,susceptible,Susceptible,,,,,Laboratory Method,,
562.65729,Escherichia coli strain AMC_763,562,ampicillin,susceptible,Susceptible,,,,,Laboratory Method,,
562.65730,Escherichia coli strain AMC_767,562,ampicillin,susceptible,Susceptible,,,,,Laboratory Method,,
562.65731,Escherichia coli strain AMC_764,562,ampicillin,susceptible,Susceptible,,,,,Laboratory Method,,
562.65732,Escherichia coli strain AMC_765,562,ampicillin,susceptible,Susceptible,,,,,Laboratory Method,,
562.65733,Escherichia coli strain AMC_223,562,ampicillin,resistant,Resistant,,,,,Laboratory Method,,
562.65734,Escherichia coli strain AMC_224,562,ampicillin,susceptible,Susceptible,,,,,Laboratory Method,,
562.65735,Escherichia coli strain AMC_226,562,ampicillin,resistant,Resistant,,,,,Laboratory Method,,
562.65736,Escherichia coli strain AMC_225,562,ampicillin,resistant,Resistant,,,,,Laboratory Method,,
562.65737,Escherichia coli strain AMC_759,562,ampicillin,susceptible,Susceptible,,,,,Laboratory Method,,
562.65738,Escherichia coli strain AMC_761,562,ampicillin,resistant,Resistant,,,,,Laboratory Method,,
562.65739,Escherichia coli strain AMC_760,562,ampicillin,resistant,Resistant,,,,,Laboratory Method,,
562.65740,Escherichia coli strain AMC_217,562,ampicillin,susceptible,Susceptible,,,,,Laboratory Method,,
562.65741,Escherichia coli strain AMC_222,562,ampicillin,resistant,Resistant,,,,,Laboratory Method,,
562.65742,Escherichia coli strain AMC_219,562,ampicillin,resistant,Resistant,,,,,Laboratory Method,,
562.65743,Escherichia coli strain AMC_218,562,ampicillin,susceptible,Susceptible,,,,,Laboratory Method,,
562.65744,Escherichia coli strain AMC_220,562,ampicillin,resistant,Resistant,,,,,Laboratory Method,,
562.65745,Escherichia coli strain AMC_221,562,ampicillin,susceptible,Susceptible,,,,,Laboratory Method,,
562.65746,Escherichia coli strain AMC_769,562,ampicillin,resistant,Resistant,,,,,Laboratory Method,,
562.65747,Escherichia coli strain AMC_768,562,ampicillin,resistant,Resistant,,,,,Laboratory Method,,
562.65748,Escherichia coli strain AMC_770,562,ampicillin,susceptible,Susceptible,,,,,Laboratory Method,,
562.65749,Escherichia coli strain AMC_762,562,ampicillin,resistant,Resistant,,,,,Laboratory Method,,
562.65750,Escherichia coli strain AMC_216,562,ampicillin,susceptible,Susceptible,,,,,Laboratory Method,,
562.65751,Escherichia coli strain AMC_215,562,ampicillin,susceptible,Susceptible,,,,,Laboratory Method,,
562.65752,Escherichia coli strain AMC_207,562,ampicillin,susceptible,Susceptible,,,,,Laboratory Method,,
562.65753,Escherichia coli strain AMC_214,562,ampicillin,resistant,Resistant,,,,,Laboratory Method,,
562.65754,Escherichia coli strain AMC_206,562,ampicillin,susceptible,Susceptible,,,,,Laboratory Method,,
562.65755,Escherichia coli strain AMC_212,562,ampicillin,resistant,Resistant,,,,,Laboratory Method,,
562.65756,Escherichia coli strain AMC_208,562,ampicillin,susceptible,Susceptible,,,,,Laboratory Method,,
562.65757,Escherichia coli strain AMC_213,562,ampicillin,susceptible,Susceptible,,,,,Laboratory Method,,
562.65758,Escherichia coli strain AMC_210,562,ampicillin,resistant,Resistant,,,,,Laboratory Method,,
562.65759,Escherichia coli strain AMC_211,562,ampicillin,resistant,Resistant,,,,,Laboratory Method,,
562.65760,Escherichia coli strain AMC_204,562,ampicillin,resistant,Resistant,,,,,Laboratory Method,,
562.65761,Escherichia coli strain AMC_202,562,ampicillin,susceptible,Susceptible,,,,,Laboratory Method,,
562.65762,Escherichia coli strain AMC_203,562,ampicillin,resistant,Resistant,,,,,Laboratory Method,,
562.65763,Escherichia coli strain AMC_201,562,ampicillin,resistant,Resistant,,,,,Laboratory Method,,
562.65764,Escherichia coli strain AMC_200,562,ampicillin,susceptible,Susceptible,,,,,Laboratory Method,,
562.65765,Escherichia coli strain AMC_205,562,ampicillin,resistant,Resistant,,,,,Laboratory Method,,
562.65780,Escherichia coli strain CFS0351,562,ampicillin,resistant,Resistant,,,,,Laboratory Method,,
562.65781,Escherichia coli strain CFS0344,562,ampicillin,resistant,Resistant,,,,,Laboratory Method,,
562.65782,Escherichia coli strain CFS0350,562,ampicillin,resistant,Resistant,,,,,Laboratory Method,,
562.65783,Escherichia coli strain CFS0348,562,ampicillin,resistant,Resistant,,,,,Laboratory Method,,
562.65784,Escherichia coli strain CFS0349,562,ampicillin,resistant,Resistant,,,,,Laboratory Method,,
562.65785,Escherichia coli strain CFS0345,562,ampicillin,resistant,Resistant,,,,,Laboratory Method,,
562.65786,Escherichia coli strain CFS0347,562,ampicillin,resistant,Resistant,,,,,Laboratory Method,,
562.65787,Escherichia coli strain CFS0354,562,ampicillin,resistant,Resistant,,,,,Laboratory Method,,
562.65788,Escherichia coli strain CFS0359,562,ampicillin,resistant,Resistant,,,,,Laboratory Method,,
562.65789,Escherichia coli strain CFS0355,562,ampicillin,resistant,Resistant,,,,,Laboratory Method,,
562.65790,Escherichia coli strain CFS0356,562,ampicillin,resistant,Resistant,,,,,Laboratory Method,,
562.65791,Escherichia coli strain CFS0360,562,ampicillin,resistant,Resistant,,,,,Laboratory Method,,
562.65796,Escherichia coli strain 123074,562,ampicillin,resistant,Resistant,,,,,Laboratory Method,,
562.65797,Escherichia coli strain 123445,562,ampicillin,resistant,Resistant,,,,,Laboratory Method,,
562.65798,Escherichia coli strain E003488,562,ampicillin,resistant,Resistant,,,,,Laboratory Method,,
562.65799,Escherichia coli strain E006910,562,ampicillin,resistant,Resistant,,,,,Laboratory Method,,
562.65800,Escherichia coli strain R56,562,ampicillin,resistant,Resistant,,,,,Laboratory Method,,
562.65801,Escherichia coli strain R37,562,ampicillin,resistant,Resistant,,,,,Laboratory Method,,
562.65802,Escherichia coli strain R61a,562,ampicillin,resistant,Resistant,,,,,Laboratory Method,,
562.65803,Escherichia coli strain R107,562,ampicillin,resistant,Resistant,,,,,Laboratory Method,,
562.65804,Escherichia coli strain R208,562,ampicillin,resistant,Resistant,,,,,Laboratory Method,,
562.65805,Escherichia coli strain R299,562,ampicillin,resistant,Resistant,,,,,Laboratory Method,,
562.65806,Escherichia coli strain R392,562,ampicillin,resistant,Resistant,,,,,Laboratory Method,,
562.65807,Escherichia coli strain R423,562,ampicillin,resistant,Resistant,,,,,Laboratory Method,,
562.65808,Escherichia coli strain R432,562,ampicillin,resistant,Resistant,,,,,Laboratory Method,,
562.65809,Escherichia coli strain RS119,562,ampicillin,resistant,Resistant,,,,,Laboratory Method,,
562.65810,Escherichia coli strain RS153,562,ampicillin,resistant,Resistant,,,,,Laboratory Method,,
562.65811,Escherichia coli strain RS254,562,ampicillin,resistant,Resistant,,,,,Laboratory Method,,
562.65812,Escherichia coli strain RS288,562,ampicillin,resistant,Resistant,,,,,Laboratory Method,,
562.65813,Escherichia coli strain RS333,562,ampicillin,resistant,Resistant,,,,,Laboratory Method,,
562.65814,Escherichia coli strain V139,562,ampicillin,resistant,Resistant,,,,,Laboratory Method,,
562.65815,Escherichia coli strain RS334,562,ampicillin,resistant,Resistant,,,,,Laboratory Method,,
562.65816,Escherichia coli strain V210,562,ampicillin,resistant,Resistant,,,,,Laboratory Method,,
562.65817,Escherichia coli strain V177,562,ampicillin,resistant,Resistant,,,,,Laboratory Method,,
562.65818,Escherichia coli strain RS371,562,ampicillin,resistant,Resistant,,,,,Laboratory Method,,
562.65819,Escherichia coli strain V161,562,ampicillin,resistant,Resistant,,,,,Laboratory Method,,
562.65921,Escherichia coli strain AMC_890,562,ampicillin,susceptible,Susceptible,,,,,Laboratory Method,,
1328432.3,Escherichia coli BWH 32,1328432,ampicillin/sulbactam,susceptible,Susceptible,,,,,Laboratory Method,Broth dilution,
1328433.3,Escherichia coli BWH 34,1328433,ampicillin/sulbactam,resistant,Resistant,,,,,Laboratory Method,Broth dilution,
1328434.3,Escherichia coli BWH 40,1328434,ampicillin/sulbactam,resistant,Resistant,,,,,Laboratory Method,Broth dilution,
1438684.3,Escherichia coli CHS 68,1438684,ampicillin/sulbactam,resistant,Resistant,,,,,Laboratory Method,Broth dilution,
1438685.3,Escherichia coli CHS 69,1438685,ampicillin/sulbactam,resistant,Resistant,,,,,Laboratory Method,Broth dilution,
1438686.3,Escherichia coli CHS 77,1438686,ampicillin/sulbactam,resistant,Resistant,,,,,Laboratory Method,Broth dilution,
562.48345,Escherichia coli 590,562,azithromycin,susceptible,Susceptible,=16,16,mg/L,=,Laboratory Method,,
562.48346,Escherichia coli 290,562,azithromycin,susceptible,Susceptible,=8,8,mg/L,=,Laboratory Method,,
562.48348,Escherichia coli 292,562,azithromycin,susceptible,Susceptible,=16,16,mg/L,=,Laboratory Method,,
562.48349,Escherichia coli 291,562,azithromycin,resistant,Resistant,>16,16,mg/L,>,Laboratory Method,,
562.17359,Escherichia coli strain 81009,562,aztreonam,resistant,Resistant,==16,16,mg/L,=,Laboratory Method,Broth dilution,
562.42686,Escherichia coli strain 24,562,aztreonam,susceptible,Susceptible,2,2,mg/L,<,Laboratory Method,Broth dilution,
562.135559,Escherichia coli MGL_90,562,carbenicillin,resistant,Resistant,,,,,Laboratory Method,Disk diffusion,
562.135560,Escherichia coli MGL_106,562,carbenicillin,resistant,Resistant,,,,,Laboratory Method,Disk diffusion,
562.135561,Escherichia coli MGL_91,562,carbenicillin,resistant,Resistant,,,,,Laboratory Method,Disk diffusion,
562.135562,Escherichia coli MGL_87,562,carbenicillin,resistant,Resistant,,,,,Laboratory Method,Disk diffusion,
562.135563,Escherichia coli MGL_86,562,carbenicillin,resistant,Resistant,,,,,Laboratory Method,Disk diffusion,
562.135564,Escherichia coli 20200203_MGL_08,562,carbenicillin,resistant,Resistant,,,,,Laboratory Method,Disk diffusion,
562.135565,Escherichia coli MGL_82,562,carbenicillin,resistant,Resistant,,,,,Laboratory Method,Disk diffusion,
562.135567,Escherichia coli 20200622_MGL_66,562,carbenicillin,resistant,Resistant,,,,,Laboratory Method,Disk diffusion,
562.135568,Escherichia coli 20200622_MGL_67,562,carbenicillin,resistant,Resistant,,,,,Laboratory Method,Disk diffusion,
562.135569,Escherichia coli 20200203_MGL_07,562,carbenicillin,resistant,Resistant,,,,,Laboratory Method,Disk diffusion,
562.135570,Escherichia coli 20200203_MGL_22,562,carbenicillin,resistant,Resistant,,,,,Laboratory Method,Disk diffusion,
562.135571,Escherichia coli MGL_125,562,carbenicillin,resistant,Resistant,,,,,Laboratory Method,Disk diffusion,
562.135572,Escherichia coli MGL_123,562,carbenicillin,resistant,Resistant,,,,,Laboratory Method,Disk diffusion,
562.135573,Escherichia coli MGL_117,562,carbenicillin,resistant,Resistant,,,,,Laboratory Method,Disk diffusion,
562.135574,Escherichia coli MGL_116,562,carbenicillin,resistant,Resistant,,,,,Laboratory Method,Disk diffusion,
562.135575,Escherichia coli MGL_118,562,carbenicillin,resistant,Resistant,,,,,Laboratory Method,Disk diffusion,
562.135576,Escherichia coli 20200203_MGL_04,562,carbenicillin,resistant,Resistant,,,,,Laboratory Method,Disk diffusion,
562.135577,Escherichia coli 20200203_MGL_11,562,carbenicillin,resistant,Resistant,,,,,Laboratory Method,Disk diffusion,
562.135578,Escherichia coli 20200203_MGL_16,562,carbenicillin,resistant,Resistant,,,,,Laboratory Method,Disk diffusion,
562.135579,Escherichia coli MGL_1560,562,carbenicillin,resistant,Resistant,,,,,Laboratory Method,Disk diffusion,
562.135580,Escherichia coli MGL_1550,562,carbenicillin,resistant,Resistant,,,,,Laboratory Method,Disk diffusion,
562.135581,Escherichia coli 20200203_MGL_06,562,carbenicillin,resistant,Resistant,,,,,Laboratory Method,Disk diffusion,
562.135582,Escherichia coli 20200203_MGL_05,562,carbenicillin,resistant,Resistant,,,,,Laboratory Method,Disk diffusion,
562.135583,Escherichia coli 20200317_MGL_35,562,carbenicillin,resistant,Resistant,,,,,Laboratory Method,Disk diffusion,
562.135584,Escherichia coli 20200203_MGL_20,562,carbenicillin,resistant,Resistant,18,18,mm,,Laboratory Method,Disk diffusion,
562.135586,Escherichia coli MGL_150,562,carbenicillin,resistant,Resistant,,,,,Laboratory Method,Disk diffusion,
562.135587,Escherichia coli MGL_153,562,carbenicillin,resistant,Resistant,,,,,Laboratory Method,Disk diffusion,
562.135588,Escherichia coli MGL_136,562,carbenicillin,resistant,Resistant,,,,,Laboratory Method,Disk diffusion,
562.135589,Escherichia coli MGL_133,562,carbenicillin,resistant,Resistant,,,,,Laboratory Method,Disk diffusion,
562.135590,Escherichia coli 20200203_MGL_01,562,carbenicillin,resistant,Resistant,,,,,Laboratory Method,Disk diffusion,
562.135591,Escherichia coli 20200203_MGL_12,562,carbenicillin,resistant,Resistant,,,,,Laboratory Method,Disk diffusion,
562.135592,Escherichia coli MGL_131,562,carbenicillin,resistant,Resistant,,,,,Laboratory Method,Disk diffusion,
562.135593,Escherichia coli MGL_126,562,carbenicillin,resistant,Resistant,,,,,Laboratory Method,Disk diffusion,
1328433.3,Escherichia coli BWH 34,1328433,cefazolin,resistant,Resistant,,,,,Laboratory Method,Broth dilution,
1328434.3,Escherichia coli BWH 40,1328434,cefazolin,resistant,Resistant,,,,,Laboratory Method,Broth dilution,
1438684.3,Escherichia coli CHS 68,1438684,cefazolin,resistant,Resistant,,,,,Laboratory Method,Broth dilution,
1438685.3,Escherichia coli CHS 69,1438685,cefazolin,resistant,Resistant,,,,,Laboratory Method,Broth dilution,
1438686.3,Escherichia coli CHS 77,1438686,cefazolin,susceptible,Susceptible,,,,,Laboratory Method,Broth dilution,
562.42686,Escherichia coli strain 24,562,cefazolin,resistant,Resistant,8,8,mg/L,>,Laboratory Method,Broth dilution,
1328437.3,Escherichia coli BIDMC 3,1328437,cefepime,resistant,Resistant,,,,,Laboratory Method,Broth dilution,
1328441.3,Escherichia coli BIDMC 17A,1328441,cefepime,resistant,Resistant,,,,,Laboratory Method,Broth dilution,
1328442.3,Escherichia coli BIDMC 17B,1328442,cefepime,resistant,Resistant,,,,,Laboratory Method,Broth dilution,
1328443.3,Escherichia coli BIDMC 19A,1328443,cefepime,resistant,Resistant,,,,,Laboratory Method,Broth dilution,
1328444.3,Escherichia coli BIDMC 19B,1328444,cefepime,resistant,Resistant,,,,,Laboratory Method,Broth dilution,
1328445.3,Escherichia coli BIDMC 19C,1328445,cefepime,resistant,Resistant,,,,,Laboratory Method,Broth dilution,
1400156.3,Escherichia coli BIDMC 43a,1400156,cefepime,susceptible,Susceptible,,,,,Laboratory Method,Broth dilution,
1400157.3,Escherichia coli BIDMC 43b,1400157,cefepime,susceptible,Susceptible,,,,,Laboratory Method,Broth dilution,
562.65796,Escherichia coli strain 123074,562,cefepime,resistant,Resistant,,,,,Laboratory Method,,
562.65797,Escherichia coli strain 123445,562,cefepime,resistant,Resistant,,,,,Laboratory Method,,
562.65798,Escherichia coli strain E003488,562,cefepime,resistant,Resistant,,,,,Laboratory Method,,
562.65799,Escherichia coli strain E006910,562,cefepime,susceptible,Susceptible,,,,,Laboratory Method,,
562.65801,Escherichia coli strain R37,562,cefepime,resistant,Resistant,,,,,Laboratory Method,,
562.65803,Escherichia coli strain R107,562,cefepime,resistant,Resistant,,,,,Laboratory Method,,
562.65804,Escherichia coli strain R208,562,cefepime,resistant,Resistant,,,,,Laboratory Method,,
562.65805,Escherichia coli strain R299,562,cefepime,resistant,Resistant,,,,,Laboratory Method,,
562.65806,Escherichia coli strain R392,562,cefepime,resistant,Resistant,,,,,Laboratory Method,,
562.65807,Escherichia coli strain R423,562,cefepime,resistant,Resistant,,,,,Laboratory Method,,
562.65808,Escherichia coli strain R432,562,cefepime,resistant,Resistant,,,,,Laboratory Method,,
562.65809,Escherichia coli strain RS119,562,cefepime,resistant,Resistant,,,,,Laboratory Method,,
562.65810,Escherichia coli strain RS153,562,cefepime,resistant,Resistant,,,,,Laboratory Method,,
562.65811,Escherichia coli strain RS254,562,cefepime,resistant,Resistant,,,,,Laboratory Method,,
562.65812,Escherichia coli strain RS288,562,cefepime,resistant,Resistant,,,,,Laboratory Method,,
562.65813,Escherichia coli strain RS333,562,cefepime,resistant,Resistant,,,,,Laboratory Method,,
562.65814,Escherichia coli strain V139,562,cefepime,resistant,Resistant,,,,,Laboratory Method,,
562.65815,Escherichia coli strain RS334,562,cefepime,resistant,Resistant,,,,,Laboratory Method,,
562.65816,Escherichia coli strain V210,562,cefepime,resistant,Resistant,,,,,Laboratory Method,,
562.65817,Escherichia coli strain V177,562,cefepime,resistant,Resistant,,,,,Laboratory Method,,
562.65818,Escherichia coli strain RS371,562,cefepime,resistant,Resistant,,,,,Laboratory Method,,
562.65819,Escherichia coli strain V161,562,cefepime,resistant,Resistant,,,,,Laboratory Method,,
1328432.3,Escherichia coli BWH 32,1328432,cefotaxime,susceptible,Susceptible,,,,,Laboratory Method,Broth dilution,
1328433.3,Escherichia coli BWH 34,1328433,cefotaxime,resistant,Resistant,,,,,Laboratory Method,Broth dilution,
1328434.3,Escherichia coli BWH 40,1328434,cefotaxime,resistant,Resistant,,,,,Laboratory Method,Broth dilution,
1438684.3,Escherichia coli CHS 68,1438684,cefotaxime,resistant,Resistant,,,,,Laboratory Method,Broth dilution,
1438685.3,Escherichia coli CHS 69,1438685,cefotaxime,resistant,Resistant,,,,,Laboratory Method,Broth dilution,
562.13671,Escherichia coli strain 116,562,cefotaxime,susceptible,Susceptible,,,,,Laboratory Method,Disk diffusion,
562.17359,Escherichia coli strain 81009,562,cefotaxime,resistant,Resistant,>128,128,mg/L,>,Laboratory Method,Broth dilution,
562.19151,Escherichia coli strain 104,562,cefotaxime,resistant,Resistant,,,,,Laboratory Method,Disk diffusion,
562.42635,Escherichia coli strain 108,562,cefotaxime,susceptible,Susceptible,,,,,Laboratory Method,Disk diffusion,
562.42686,Escherichia coli strain 24,562,cefotaxime,resistant,Resistant,32,32,mg/L,=,Laboratory Method,Broth dilution,
562.58703,Escherichia coli strain 14036998,562,cefotaxime,susceptible,Susceptible,0.25,0.25,mg/L,,Laboratory Method,Broth dilution,
562.58704,Escherichia coli strain 14037824,562,cefotaxime,susceptible,Susceptible,0.25,0.25,mg/L,,Laboratory Method,Broth dilution,
562.58705,Escherichia coli strain 14040376,562,cefotaxime,susceptible,Susceptible,0.25,0.25,mg/L,,Laboratory Method,Broth dilution,
562.58706,Escherichia coli strain 14043377,562,cefotaxime,resistant,Resistant,4,4,mg/L,,Laboratory Method,Broth dilution,
562.58707,Escherichia coli strain 14043512,562,cefotaxime,susceptible,Susceptible,0.25,0.25,mg/L,,Laboratory Method,Broth dilution,
562.58708,Escherichia coli strain 14044802,562,cefotaxime,susceptible,Susceptible,0.25,0.25,mg/L,,Laboratory Method,Broth dilution,
562.58709,Escherichia coli strain 14045775,562,cefotaxime,resistant,Resistant,4,4,mg/L,,Laboratory Method,Broth dilution,
562.58710,Escherichia coli strain 14065450,562,cefotaxime,resistant,Resistant,1,1,mg/L,,Laboratory Method,Broth dilution,
562.58712,Escherichia coli strain 14053473,562,cefotaxime,resistant,Resistant,>4,4,mg/L,>,Laboratory Method,Broth dilution,
562.58713,Escherichia coli strain 14050802,562,cefotaxime,susceptible,Susceptible,0.25,0.25,mg/L,,Laboratory Method,Broth dilution,
562.58714,Escherichia coli strain 14047606,562,cefotaxime,resistant,Resistant,>4,4,mg/L,>,Laboratory Method,Broth dilution,
562.58715,Escherichia coli strain 14050800,562,cefotaxime,susceptible,Susceptible,0.25,0.25,mg/L,,Laboratory Method,Broth dilution,
562.58716,Escherichia coli strain 14057877,562,cefotaxime,resistant,Resistant,2,2,mg/L,,Laboratory Method,Broth dilution,
562.58717,Escherichia coli strain 14054555,562,cefotaxime,susceptible,Susceptible,0.25,0.25,mg/L,,Laboratory Method,Broth dilution,
562.58718,Escherichia coli strain 14062120,562,cefotaxime,susceptible,Susceptible,0.25,0.25,mg/L,,Laboratory Method,Broth dilution,
562.58719,Escherichia coli strain 14062104,562,cefotaxime,resistant,Resistant,1,1,mg/L,,Laboratory Method,Broth dilution,
562.58720,Escherichia coli strain 14060900,562,cefotaxime,resistant,Resistant,2,2,mg/L,,Laboratory Method,Broth dilution,
562.58721,Escherichia coli strain 14066715,562,cefotaxime,susceptible,Susceptible,0.25,0.25,mg/L,,Laboratory Method,Broth dilution,
562.58723,Escherichia coli strain 14069546,562,cefotaxime,susceptible,Susceptible,0.25,0.25,mg/L,,Laboratory Method,Broth dilution,
562.58725,Escherichia coli strain 14091902,562,cefotaxime,susceptible,Susceptible,0.25,0.25,mg/L,,Laboratory Method,Broth dilution,
562.58726,Escherichia coli strain 14085180,562,cefotaxime,resistant,Resistant,>4,4,mg/L,>,Laboratory Method,Broth dilution,
562.58727,Escherichia coli strain 14083136,562,cefotaxime,susceptible,Susceptible,0.25,0.25,mg/L,,Laboratory Method,Broth dilution,
562.58728,Escherichia coli strain 14087995,562,cefotaxime,susceptible,Susceptible,0.25,0.25,mg/L,,Laboratory Method,Broth dilution,
562.58729,Escherichia coli strain 14073256,562,cefotaxime,susceptible,Susceptible,0.25,0.25,mg/L,,Laboratory Method,Broth dilution,
562.58730,Escherichia coli strain 14077295,562,cefotaxime,resistant,Resistant,4,4,mg/L,,Laboratory Method,Broth dilution,
562.58731,Escherichia coli strain 14072934,562,cefotaxime,susceptible,Susceptible,0.25,0.25,mg/L,,Laboratory Method,Broth dilution,
562.58732,Escherichia coli strain 15051805,562,cefotaxime,resistant,Resistant,8,8,mg/L,,Laboratory Method,Broth dilution,
562.58733,Escherichia coli strain 15050011,562,cefotaxime,susceptible,Susceptible,0.25,0.25,mg/L,,Laboratory Method,Broth dilution,
562.58734,Escherichia coli strain 15054212,562,cefotaxime,resistant,Resistant,8,8,mg/L,,Laboratory Method,Broth dilution,
562.58735,Escherichia coli strain 15056393,562,cefotaxime,resistant,Resistant,8,8,mg/L,,Laboratory Method,Broth dilution,
562.58736,Escherichia coli strain 15062645,562,cefotaxime,resistant,Resistant,8,8,mg/L,,Laboratory Method,Broth dilution,
562.58737,Escherichia coli strain 15057173,562,cefotaxime,resistant,Resistant,8,8,mg/L,,Laboratory Method,Broth dilution,
562.58738,Escherichia coli strain 15078696,562,cefotaxime,resistant,Resistant,8,8,mg/L,,Laboratory Method,Broth dilution,
562.58739,Escherichia coli strain 15056874,562,cefotaxime,resistant,Resistant,8,8,mg/L,,Laboratory Method,Broth dilution,
562.58740,Escherichia coli strain 15056420,562,cefotaxime,resistant,Resistant,8,8,mg/L,,Laboratory Method,Broth dilution,
562.58741,Escherichia coli strain 101,562,cefotaxime,susceptible,Susceptible,,,,,Laboratory Method,Disk diffusion,
562.58742,Escherichia coli strain 102,562,cefotaxime,susceptible,Susceptible,,,,,Laboratory Method,Disk diffusion,
562.58743,Escherichia coli strain 103,562,cefotaxime,resistant,Resistant,,,,,Laboratory Method,Disk diffusion,
562.58745,Escherichia coli strain 105,562,cefotaxime,resistant,Resistant,,,,,Laboratory Method,Disk diffusion,
562.58747,Escherichia coli strain 110,562,cefotaxime,susceptible,Susceptible,,,,,Laboratory Method,Disk diffusion,
562.58748,Escherichia coli strain 112,562,cefotaxime,susceptible,Susceptible,,,,,Laboratory Method,Disk diffusion,
562.58749,Escherichia coli strain 111,562,cefotaxime,susceptible,Susceptible,,,,,Laboratory Method,Disk diffusion,
562.58751,Escherichia coli strain 106,562,cefotaxime,resistant,Resistant,,,,,Laboratory Method,Disk diffusion,
562.58752,Escherichia coli strain 107,562,cefotaxime,resistant,Resistant,,,,,Laboratory Method,Disk diffusion,
562.58753,Escherichia coli strain 113,562,cefotaxime,susceptible,Susceptible,,,,,Laboratory Method,Disk diffusion,
562.58754,Escherichia coli strain 118,562,cefotaxime,susceptible,Susceptible,,,,,Laboratory Method,Disk diffusion,
562.58755,Escherichia coli strain 117,562,cefotaxime,susceptible,Susceptible,,,,,Laboratory Method,Disk diffusion,
562.58757,Escherichia coli strain 114,562,cefotaxime,susceptible,Susceptible,,,,,Laboratory Method,Disk diffusion,
562.58758,Escherichia coli strain 115,562,cefotaxime,susceptible,Susceptible,,,,,Laboratory Method,Disk diffusion,
562.58759,Escherichia coli strain 119,562,cefotaxime,susceptible,Susceptible,,,,,Laboratory Method,Disk diffusion,
562.58760,Escherichia coli strain 120,562,cefotaxime,susceptible,Susceptible,,,,,Laboratory Method,Disk diffusion,
562.58761,Escherichia coli strain 201,562,cefotaxime,susceptible,Susceptible,,,,,Laboratory Method,Disk diffusion,
562.58762,Escherichia coli strain 121,562,cefotaxime,susceptible,Susceptible,,,,,Laboratory Method,Disk diffusion,
562.58763,Escherichia coli strain 202,562,cefotaxime,resistant,Resistant,,,,,Laboratory Method,Disk diffusion,
562.58764,Escherichia coli strain 301,562,cefotaxime,susceptible,Susceptible,,,,,Laboratory Method,Disk diffusion,
562.58765,Escherichia coli strain 302,562,cefotaxime,susceptible,Susceptible,,,,,Laboratory Method,Disk diffusion,
562.58766,Escherichia coli strain 203,562,cefotaxime,resistant,Resistant,,,,,Laboratory Method,Disk diffusion,
562.58767,Escherichia coli strain 204,562,cefotaxime,resistant,Resistant,,,,,Laboratory Method,Disk diffusion,
562.58768,Escherichia coli strain 205,562,cefotaxime,resistant,Resistant,,,,,Laboratory Method,Disk diffusion,
562.65780,Escherichia coli strain CFS0351,562,cefotaxime,susceptible,Susceptible,,,,,Laboratory Method,,
562.65781,Escherichia coli strain CFS0344,562,cefotaxime,susceptible,Susceptible,,,,,Laboratory Method,,
562.65782,Escherichia coli strain CFS0350,562,cefotaxime,susceptible,Susceptible,,,,,Laboratory Method,,
562.65783,Escherichia coli strain CFS0348,562,cefotaxime,susceptible,Susceptible,,,,,Laboratory Method,,
562.65784,Escherichia coli strain CFS0349,562,cefotaxime,susceptible,Susceptible,,,,,Laboratory Method,,
562.65785,Escherichia coli strain CFS0345,562,cefotaxime,susceptible,Susceptible,,,,,Laboratory Method,,
562.65786,Escherichia coli strain CFS0347,562,cefotaxime,resistant,Resistant,,,,,Laboratory Method,,
562.65787,Escherichia coli strain CFS0354,562,cefotaxime,susceptible,Susceptible,,,,,Laboratory Method,,
562.65788,Escherichia coli strain CFS0359,562,cefotaxime,susceptible,Susceptible,,,,,Laboratory Method,,
562.65789,Escherichia coli strain CFS0355,562,cefotaxime,susceptible,Susceptible,,,,,Laboratory Method,,
562.65790,Escherichia coli strain CFS0356,562,cefotaxime,susceptible,Susceptible,,,,,Laboratory Method,,
562.65791,Escherichia coli strain CFS0360,562,cefotaxime,susceptible,Susceptible,,,,,Laboratory Method,,
562.65796,Escherichia coli strain 123074,562,cefotaxime,resistant,Resistant,,,,,Laboratory Method,,
562.65797,Escherichia coli strain 123445,562,cefotaxime,resistant,Resistant,,,,,Laboratory Method,,
562.65798,Escherichia coli strain E003488,562,cefotaxime,resistant,Resistant,,,,,Laboratory Method,,
562.65799,Escherichia coli strain E006910,562,cefotaxime,resistant,Resistant,,,,,Laboratory Method,,
562.65800,Escherichia coli strain R56,562,cefotaxime,resistant,Resistant,,,,,Laboratory Method,,
562.65801,Escherichia coli strain R37,562,cefotaxime,resistant,Resistant,,,,,Laboratory Method,,
562.65802,Escherichia coli strain R61a,562,cefotaxime,resistant,Resistant,,,,,Laboratory Method,,
562.65803,Escherichia coli strain R107,562,cefotaxime,resistant,Resistant,,,,,Laboratory Method,,
562.65804,Escherichia coli strain R208,562,cefotaxime,resistant,Resistant,,,,,Laboratory Method,,
562.65805,Escherichia coli strain R299,562,cefotaxime,resistant,Resistant,,,,,Laboratory Method,,
562.65806,Escherichia coli strain R392,562,cefotaxime,resistant,Resistant,,,,,Laboratory Method,,
562.65807,Escherichia coli strain R423,562,cefotaxime,resistant,Resistant,,,,,Laboratory Method,,
562.65808,Escherichia coli strain R432,562,cefotaxime,resistant,Resistant,,,,,Laboratory Method,,
562.65809,Escherichia coli strain RS119,562,cefotaxime,resistant,Resistant,,,,,Laboratory Method,,
562.65810,Escherichia coli strain RS153,562,cefotaxime,resistant,Resistant,,,,,Laboratory Method,,
562.65811,Escherichia coli strain RS254,562,cefotaxime,resistant,Resistant,,,,,Laboratory Method,,
562.65812,Escherichia coli strain RS288,562,cefotaxime,resistant,Resistant,,,,,Laboratory Method,,
562.65813,Escherichia coli strain RS333,562,cefotaxime,resistant,Resistant,,,,,Laboratory Method,,
562.65814,Escherichia coli strain V139,562,cefotaxime,resistant,Resistant,,,,,Laboratory Method,,
562.65815,Escherichia coli strain RS334,562,cefotaxime,resistant,Resistant,,,,,Laboratory Method,,
562.65816,Escherichia coli strain V210,562,cefotaxime,resistant,Resistant,,,,,Laboratory Method,,
562.65817,Escherichia coli strain V177,562,cefotaxime,resistant,Resistant,,,,,Laboratory Method,,
562.65818,Escherichia coli strain RS371,562,cefotaxime,resistant,Resistant,,,,,Laboratory Method,,
562.65819,Escherichia coli strain V161,562,cefotaxime,resistant,Resistant,,,,,Laboratory Method,,
1328432.3,Escherichia coli BWH 32,1328432,cefoxitin,susceptible,Susceptible,,,,,Laboratory Method,Broth dilution,
1328433.3,Escherichia coli BWH 34,1328433,cefoxitin,resistant,Resistant,,,,,Laboratory Method,Broth dilution,
1328434.3,Escherichia coli BWH 40,1328434,cefoxitin,resistant,Resistant,,,,,Laboratory Method,Broth dilution,
1438684.3,Escherichia coli CHS 68,1438684,cefoxitin,resistant,Resistant,,,,,Laboratory Method,Broth dilution,
1438685.3,Escherichia coli CHS 69,1438685,cefoxitin,resistant,Resistant,,,,,Laboratory Method,Broth dilution,
1438686.3,Escherichia coli CHS 77,1438686,cefoxitin,resistant,Resistant,,,,,Laboratory Method,Broth dilution,
562.48345,Escherichia coli 590,562,cefoxitin,resistant,Resistant,>32,32,mg/L,>,Laboratory Method,,
562.48346,Escherichia coli 290,562,cefoxitin,resistant,Resistant,>32,32,mg/L,>,Laboratory Method,,
562.48348,Escherichia coli 292,562,cefoxitin,resistant,Resistant,>32,32,mg/L,>,Laboratory Method,,
562.48349,Escherichia coli 291,562,cefoxitin,resistant,Resistant,>32,32,mg/L,>,Laboratory Method,,
1328432.3,Escherichia coli BWH 32,1328432,ceftazidime,susceptible,Susceptible,,,,,Laboratory Method,Broth dilution,
1328433.3,Escherichia coli BWH 34,1328433,ceftazidime,resistant,Resistant,,,,,Laboratory Method,Broth dilution,
1328434.3,Escherichia coli BWH 40,1328434,ceftazidime,resistant,Resistant,,,,,Laboratory Method,Broth dilution,
1328437.3,Escherichia coli BIDMC 3,1328437,ceftazidime,resistant,Resistant,,,,,Laboratory Method,Broth dilution,
1328439.3,Escherichia coli BIDMC 9,1328439,ceftazidime,resistant,Resistant,,,,,Laboratory Method,Broth dilution,
1438684.3,Escherichia coli CHS 68,1438684,ceftazidime,resistant,Resistant,,,,,Laboratory Method,Broth dilution,
1438685.3,Escherichia coli CHS 69,1438685,ceftazidime,resistant,Resistant,,,,,Laboratory Method,Broth dilution,
1438686.3,Escherichia coli CHS 77,1438686,ceftazidime,susceptible,Susceptible,,,,,Laboratory Method,Broth dilution,
562.17359,Escherichia coli strain 81009,562,ceftazidime,resistant,Resistant,==16,16,mg/L,=,Laboratory Method,Broth dilution,
562.19151,Escherichia coli strain 104,562,ceftazidime,susceptible,Susceptible,,,,,Laboratory Method,Disk diffusion,
562.42635,Escherichia coli strain 108,562,ceftazidime,susceptible,Susceptible,,,,,Laboratory Method,Disk diffusion,
562.58703,Escherichia coli strain 14036998,562,ceftazidime,susceptible,Susceptible,0.5,0.5,mg/L,,Laboratory Method,Broth dilution,
562.58704,Escherichia coli strain 14037824,562,ceftazidime,susceptible,Susceptible,0.5,0.5,mg/L,,Laboratory Method,Broth dilution,
562.58706,Escherichia coli strain 14043377,562,ceftazidime,resistant,Resistant,8,8,mg/L,,Laboratory Method,Broth dilution,
562.58707,Escherichia coli strain 14043512,562,ceftazidime,susceptible,Susceptible,0.5,0.5,mg/L,,Laboratory Method,Broth dilution,
562.58708,Escherichia coli strain 14044802,562,ceftazidime,susceptible,Susceptible,0.5,0.5,mg/L,,Laboratory Method,Broth dilution,
562.58709,Escherichia coli strain 14045775,562,ceftazidime,resistant,Resistant,4,4,mg/L,,Laboratory Method,Broth dilution,
562.58711,Escherichia coli strain 14063820,562,ceftazidime,susceptible,Susceptible,0.5,0.5,mg/L,,Laboratory Method,Broth dilution,
562.58712,Escherichia coli strain 14053473,562,ceftazidime,resistant,Resistant,1,1,mg/L,,Laboratory Method,Broth dilution,
562.58713,Escherichia coli strain 14050802,562,ceftazidime,susceptible,Susceptible,0.5,0.5,mg/L,,Laboratory Method,Broth dilution,
562.58714,Escherichia coli strain 14047606,562,ceftazidime,resistant,Resistant,2,2,mg/L,,Laboratory Method,Broth dilution,
562.58715,Escherichia coli strain 14050800,562,ceftazidime,susceptible,Susceptible,0.5,0.5,mg/L,,Laboratory Method,Broth dilution,
562.58716,Escherichia coli strain 14057877,562,ceftazidime,resistant,Resistant,>8,8,mg/L,>,Laboratory Method,Broth dilution,
562.58718,Escherichia coli strain 14062120,562,ceftazidime,susceptible,Susceptible,0.5,0.5,mg/L,,Laboratory Method,Broth dilution,
562.58719,Escherichia coli strain 14062104,562,ceftazidime,resistant,Resistant,8,8,mg/L,,Laboratory Method,Broth dilution,
562.58720,Escherichia coli strain 14060900,562,ceftazidime,resistant,Resistant,8,8,mg/L,,Laboratory Method,Broth dilution,
562.58721,Escherichia coli strain 14066715,562,ceftazidime,susceptible,Susceptible,0.5,0.5,mg/L,,Laboratory Method,Broth dilution,
562.58722,Escherichia coli strain 14067330,562,ceftazidime,resistant,Resistant,>8,8,mg/L,>,Laboratory Method,Broth dilution,
562.58723,Escherichia coli strain 14069546,562,ceftazidime,susceptible,Susceptible,0.5,0.5,mg/L,,Laboratory Method,Broth dilution,
562.58725,Escherichia coli strain 14091902,562,ceftazidime,susceptible,Susceptible,0.5,0.5,mg/L,,Laboratory Method,Broth dilution,
562.58726,Escherichia coli strain 14085180,562,ceftazidime,resistant,Resistant,1,1,mg/L,,Laboratory Method,Broth dilution,
562.58727,Escherichia coli strain 14083136,562,ceftazidime,susceptible,Susceptible,0.5,0.5,mg/L,,Laboratory Method,Broth dilution,
562.58728,Escherichia coli strain 14087995,562,ceftazidime,susceptible,Susceptible,0.5,0.5,mg/L,,Laboratory Method,Broth dilution,
562.58730,Escherichia coli strain 14077295,562,ceftazidime,susceptible,Susceptible,0.5,0.5,mg/L,,Laboratory Method,Broth dilution,
562.58731,Escherichia coli strain 14072934,562,ceftazidime,susceptible,Susceptible,0.5,0.5,mg/L,,Laboratory Method,Broth dilution,
562.58732,Escherichia coli strain 15051805,562,ceftazidime,resistant,Resistant,2,2,mg/L,,Laboratory Method,Broth dilution,
562.58734,Escherichia coli strain 15054212,562,ceftazidime,resistant,Resistant,16,16,mg/L,,Laboratory Method,Broth dilution,
562.58735,Escherichia coli strain 15056393,562,ceftazidime,resistant,Resistant,4,4,mg/L,,Laboratory Method,Broth dilution,
562.58738,Escherichia coli strain 15078696,562,ceftazidime,resistant,Resistant,8,8,mg/L,,Laboratory Method,Broth dilution,
562.58739,Escherichia coli strain 15056874,562,ceftazidime,resistant,Resistant,4,4,mg/L,,Laboratory Method,Broth dilution,
562.58740,Escherichia coli strain 15056420,562,ceftazidime,resistant,Resistant,1,1,mg/L,,Laboratory Method,Broth dilution,
562.58741,Escherichia coli strain 101,562,ceftazidime,susceptible,Susceptible,,,,,Laboratory Method,Disk diffusion,
562.58743,Escherichia coli strain 103,562,ceftazidime,susceptible,Susceptible,,,,,Laboratory Method,Disk diffusion,
562.58745,Escherichia coli strain 105,562,ceftazidime,susceptible,Susceptible,,,,,Laboratory Method,Disk diffusion,
562.58746,Escherichia coli strain 109,562,ceftazidime,susceptible,Susceptible,,,,,Laboratory Method,Disk diffusion,
562.58747,Escherichia coli strain 110,562,ceftazidime,susceptible,Susceptible,,,,,Laboratory Method,Disk diffusion,
562.58748,Escherichia coli strain 112,562,ceftazidime,susceptible,Susceptible,,,,,Laboratory Method,Disk diffusion,
562.58749,Escherichia coli strain 111,562,ceftazidime,susceptible,Susceptible,,,,,Laboratory Method,Disk diffusion,
562.58751,Escherichia coli strain 106,562,ceftazidime,resistant,Resistant,,,,,Laboratory Method,Disk diffusion,
562.58752,Escherichia coli strain 107,562,ceftazidime,resistant,Resistant,,,,,Laboratory Method,Disk diffusion,
562.58753,Escherichia coli strain 113,562,ceftazidime,susceptible,Susceptible,,,,,Laboratory Method,Disk diffusion,
562.58754,Escherichia coli strain 118,562,ceftazidime,susceptible,Susceptible,,,,,Laboratory Method,Disk diffusion,
562.58755,Escherichia coli strain 117,562,ceftazidime,susceptible,Susceptible,,,,,Laboratory Method,Disk diffusion,
562.58757,Escherichia coli strain 114,562,ceftazidime,susceptible,Susceptible,,,,,Laboratory Method,Disk diffusion,
562.58758,Escherichia coli strain 115,562,ceftazidime,resistant,Resistant,,,,,Laboratory Method,Disk diffusion,
562.58759,Escherichia coli strain 119,562,ceftazidime,susceptible,Susceptible,,,,,Laboratory Method,Disk diffusion,
562.58761,Escherichia coli strain 201,562,ceftazidime,susceptible,Susceptible,,,,,Laboratory Method,Disk diffusion,
562.58762,Escherichia coli strain 121,562,ceftazidime,susceptible,Susceptible,,,,,Laboratory Method,Disk diffusion,
562.58763,Escherichia coli strain 202,562,ceftazidime,resistant,Resistant,,,,,Laboratory Method,Disk diffusion,
562.58764,Escherichia coli strain 301,562,ceftazidime,susceptible,Susceptible,,,,,Laboratory Method,Disk diffusion,
562.58766,Escherichia coli strain 203,562,ceftazidime,resistant,Resistant,,,,,Laboratory Method,Disk diffusion,
562.58767,Escherichia coli strain 204,562,ceftazidime,resistant,Resistant,,,,,Laboratory Method,Disk diffusion,
562.58768,Escherichia coli strain 205,562,ceftazidime,resistant,Resistant,,,,,Laboratory Method,Disk diffusion,
562.65796,Escherichia coli strain 123074,562,ceftazidime,resistant,Resistant,,,,,Laboratory Method,,
562.65797,Escherichia coli strain 123445,562,ceftazidime,resistant,Resistant,,,,,Laboratory Method,,
562.65798,Escherichia coli strain E003488,562,ceftazidime,resistant,Resistant,,,,,Laboratory Method,,
562.65799,Escherichia coli strain E006910,562,ceftazidime,resistant,Resistant,,,,,Laboratory Method,,
562.65800,Escherichia coli strain R56,562,ceftazidime,resistant,Resistant,,,,,Laboratory Method,,
562.65801,Escherichia coli strain R37,562,ceftazidime,resistant,Resistant,,,,,Laboratory Method,,
562.65802,Escherichia coli strain R61a,562,ceftazidime,resistant,Resistant,,,,,Laboratory Method,,
562.65803,Escherichia coli strain R107,562,ceftazidime,resistant,Resistant,,,,,Laboratory Method,,
562.65804,Escherichia coli strain R208,562,ceftazidime,resistant,Resistant,,,,,Laboratory Method,,
562.65805,Escherichia coli strain R299,562,ceftazidime,resistant,Resistant,,,,,Laboratory Method,,
562.65806,Escherichia coli strain R392,562,ceftazidime,resistant,Resistant,,,,,Laboratory Method,,
562.65807,Escherichia coli strain R423,562,ceftazidime,resistant,Resistant,,,,,Laboratory Method,,
562.65808,Escherichia coli strain R432,562,ceftazidime,resistant,Resistant,,,,,Laboratory Method,,
562.65809,Escherichia coli strain RS119,562,ceftazidime,resistant,Resistant,,,,,Laboratory Method,,
562.65810,Escherichia coli strain RS153,562,ceftazidime,resistant,Resistant,,,,,Laboratory Method,,
562.65811,Escherichia coli strain RS254,562,ceftazidime,resistant,Resistant,,,,,Laboratory Method,,
562.65812,Escherichia coli strain RS288,562,ceftazidime,resistant,Resistant,,,,,Laboratory Method,,
562.65813,Escherichia coli strain RS333,562,ceftazidime,resistant,Resistant,,,,,Laboratory Method,,
562.65815,Escherichia coli strain RS334,562,ceftazidime,resistant,Resistant,,,,,Laboratory Method,,
562.65816,Escherichia coli strain V210,562,ceftazidime,resistant,Resistant,,,,,Laboratory Method,,
562.65817,Escherichia coli strain V177,562,ceftazidime,resistant,Resistant,,,,,Laboratory Method,,
562.65818,Escherichia coli strain RS371,562,ceftazidime,resistant,Resistant,,,,,Laboratory Method,,
562.65819,Escherichia coli strain V161,562,ceftazidime,resistant,Resistant,,,,,Laboratory Method,,
562.48345,Escherichia coli 590,562,ceftiofur,resistant,Resistant,>8,8,mg/L,>,Laboratory Method,,
562.48346,Escherichia coli 290,562,ceftiofur,resistant,Resistant,=8,8,mg/L,=,Laboratory Method,,
562.48348,Escherichia coli 292,562,ceftiofur,resistant,Resistant,=8,8,mg/L,=,Laboratory Method,,
562.48349,Escherichia coli 291,562,ceftiofur,resistant,Resistant,=8,8,mg/L,=,Laboratory Method,,
562.19078,Escherichia coli strain ECH+09,562,ceftriaxone,resistant,Resistant,,8,mm,=,Laboratory Method,Disk diffusion,
562.19081,Escherichia coli strain ECPUTH02,562,ceftriaxone,resistant,Resistant,,64,mg/L,=,Laboratory Method,Agar dilution,
562.19083,Escherichia coli strain ECPSTH08,562,ceftriaxone,resistant,Resistant,,128,mg/L,=,Laboratory Method,Agar dilution,
562.19084,Escherichia coli strain ECH+07,562,ceftriaxone,resistant,Resistant,,16,mm,=,Laboratory Method,Disk diffusion,
562.19085,Escherichia coli strain ECPUTH03,562,ceftriaxone,resistant,Resistant,,256,mg/L,=,Laboratory Method,Agar dilution,
562.19086,Escherichia coli strain ECPUTH09,562,ceftriaxone,resistant,Resistant,,64,mg/L,=,Laboratory Method,Agar dilution,
562.19221,Escherichia coli strain ECLC+05,562,ceftriaxone,resistant,Resistant,,18,mm,=,Laboratory Method,Disk diffusion,
562.42686,Escherichia coli strain 24,562,ceftriaxone,resistant,Resistant,8,8,mg/L,=,Laboratory Method,Broth dilution,
562.48345,Escherichia coli 590,562,ceftriaxone,resistant,Resistant,=16,16,mg/L,=,Laboratory Method,,
562.48346,Escherichia coli 290,562,ceftriaxone,resistant,Resistant,=8,8,mg/L,=,Laboratory Method,,
562.48348,Escherichia coli 292,562,ceftriaxone,resistant,Resistant,=8,8,mg/L,=,Laboratory Method,,
562.48349,Escherichia coli 291,562,ceftriaxone,resistant,Resistant,=8,8,mg/L,=,Laboratory Method,,
1328432.3,Escherichia coli BWH 32,1328432,cephalothin,susceptible,Susceptible,,,,,Laboratory Method,Broth dilution,
1328433.3,Escherichia coli BWH 34,1328433,cephalothin,susceptible,Susceptible,,,,,Laboratory Method,Broth dilution,
1328434.3,Escherichia coli BWH 40,1328434,cephalothin,resistant,Resistant,,,,,Laboratory Method,Broth dilution,
1438684.3,Escherichia coli CHS 68,1438684,cephalothin,resistant,Resistant,,,,,Laboratory Method,Broth dilution,
1438685.3,Escherichia coli CHS 69,1438685,cephalothin,resistant,Resistant,,,,,Laboratory Method,Broth dilution,
1438686.3,Escherichia coli CHS 77,1438686,cephalothin,resistant,Resistant,,,,,Laboratory Method,Broth dilution,
562.135560,Escherichia coli MGL_106,562,chloramphenicol,susceptible,Susceptible,19,19,mm,,Laboratory Method,Disk diffusion,
562.135561,Escherichia coli MGL_91,562,chloramphenicol,resistant,Resistant,12,12,mm,,Laboratory Method,Disk diffusion,
562.135562,Escherichia coli MGL_87,562,chloramphenicol,susceptible,Susceptible,18,18,mm,,Laboratory Method,Disk diffusion,
562.135563,Escherichia coli MGL_86,562,chloramphenicol,susceptible,Susceptible,28,28,mm,,Laboratory Method,Disk diffusion,
562.135567,Escherichia coli 20200622_MGL_66,562,chloramphenicol,resistant,Resistant,,,,,Laboratory Method,Disk diffusion,
562.135569,Escherichia coli 20200203_MGL_07,562,chloramphenicol,resistant,Resistant,11,11,mm,,Laboratory Method,Disk diffusion,
562.135570,Escherichia coli 20200203_MGL_22,562,chloramphenicol,resistant,Resistant,10,10,mm,,Laboratory Method,Disk diffusion,
562.135571,Escherichia coli MGL_125,562,chloramphenicol,susceptible,Susceptible,18,18,mm,,Laboratory Method,Disk diffusion,
562.135572,Escherichia coli MGL_123,562,chloramphenicol,resistant,Resistant,,,,,Laboratory Method,Disk diffusion,
562.135573,Escherichia coli MGL_117,562,chloramphenicol,susceptible,Susceptible,22,22,mm,,Laboratory Method,Disk diffusion,
562.135574,Escherichia coli MGL_116,562,chloramphenicol,resistant,Resistant,,,,,Laboratory Method,Disk diffusion,
562.135575,Escherichia coli MGL_118,562,chloramphenicol,susceptible,Susceptible,22,22,mm,,Laboratory Method,Disk diffusion,
562.135578,Escherichia coli 20200203_MGL_16,562,chloramphenicol,resistant,Resistant,,,,,Laboratory Method,Disk diffusion,
562.135579,Escherichia coli MGL_1560,562,chloramphenicol,resistant,Resistant,,,,,Laboratory Method,Disk diffusion,
562.135581,Escherichia coli 20200203_MGL_06,562,chloramphenicol,resistant,Resistant,11,11,mm,,Laboratory Method,Disk diffusion,
562.135582,Escherichia coli 20200203_MGL_05,562,chloramphenicol,resistant,Resistant,11,11,mm,,Laboratory Method,Disk diffusion,
562.135584,Escherichia coli 20200203_MGL_20,562,chloramphenicol,resistant,Resistant,10,10,mm,,Laboratory Method,Disk diffusion,
562.135586,Escherichia coli MGL_150,562,chloramphenicol,susceptible,Susceptible,18,18,mm,,Laboratory Method,Disk diffusion,
562.135588,Escherichia coli MGL_136,562,chloramphenicol,susceptible,Susceptible,25,25,mm,,Laboratory Method,Disk diffusion,
562.135590,Escherichia coli 20200203_MGL_01,562,chloramphenicol,susceptible,Susceptible,20,20,mm,,Laboratory Method,Disk diffusion,
562.135591,Escherichia coli 20200203_MGL_12,562,chloramphenicol,resistant,Resistant,11,11,mm,,Laboratory Method,Disk diffusion,
562.135592,Escherichia coli MGL_131,562,chloramphenicol,resistant,Resistant,10,10,mm,,Laboratory Method,Disk diffusion,
562.135593,Escherichia coli MGL_126,562,chloramphenicol,resistant,Resistant,,,,,Laboratory Method,Disk diffusion,
562.135594,Escherichia coli 20200203_MGL_03,562,chloramphenicol,susceptible,Susceptible,19,19,mm,,Laboratory Method,Disk diffusion,
562.17359,Escherichia coli strain 81009,562,chloramphenicol,susceptible,Susceptible,==4,4,mg/L,=,Laboratory Method,Broth dilution,
562.48345,Escherichia coli 590,562,chloramphenicol,susceptible,Susceptible,=8,8,mg/L,=,Laboratory Method,,
562.48346,Escherichia coli 290,562,chloramphenicol,susceptible,Susceptible,=8,8,mg/L,=,Laboratory Method,,
562.48348,Escherichia coli 292,562,chloramphenicol,susceptible,Susceptible,=8,8,mg/L,=,Laboratory Method,,
562.48349,Escherichia coli 291,562,chloramphenicol,susceptible,Susceptible,=8,8,mg/L,=,Laboratory Method,,
562.58703,Escherichia coli strain 14036998,562,chloramphenicol,susceptible,Susceptible,8,8,mg/L,,Laboratory Method,Broth dilution,
562.58704,Escherichia coli strain 14037824,562,chloramphenicol,resistant,Resistant,128,128,mg/L,,Laboratory Method,Broth dilution,
562.58705,Escherichia coli strain 14040376,562,chloramphenicol,resistant,Resistant,256,256,mg/L,,Laboratory Method,Broth dilution,
562.58706,Escherichia coli strain 14043377,562,chloramphenicol,susceptible,Susceptible,8,8,mg/L,,Laboratory Method,Broth dilution,
562.58707,Escherichia coli strain 14043512,562,chloramphenicol,susceptible,Susceptible,8,8,mg/L,,Laboratory Method,Broth dilution,
562.58708,Escherichia coli strain 14044802,562,chloramphenicol,susceptible,Susceptible,8,8,mg/L,,Laboratory Method,Broth dilution,
562.58709,Escherichia coli strain 14045775,562,chloramphenicol,resistant,Resistant,>128,128,mg/L,>,Laboratory Method,Broth dilution,
562.58710,Escherichia coli strain 14065450,562,chloramphenicol,susceptible,Susceptible,8,8,mg/L,,Laboratory Method,Broth dilution,
562.58712,Escherichia coli strain 14053473,562,chloramphenicol,resistant,Resistant,128,128,mg/L,,Laboratory Method,Broth dilution,
562.58713,Escherichia coli strain 14050802,562,chloramphenicol,susceptible,Susceptible,8,8,mg/L,,Laboratory Method,Broth dilution,
562.58714,Escherichia coli strain 14047606,562,chloramphenicol,resistant,Resistant,>128,128,mg/L,>,Laboratory Method,Broth dilution,
562.58715,Escherichia coli strain 14050800,562,chloramphenicol,susceptible,Susceptible,8,8,mg/L,,Laboratory Method,Broth dilution,
562.58716,Escherichia coli strain 14057877,562,chloramphenicol,resistant,Resistant,>128,128,mg/L,>,Laboratory Method,Broth dilution,
562.58717,Escherichia coli strain 14054555,562,chloramphenicol,susceptible,Susceptible,8,8,mg/L,,Laboratory Method,Broth dilution,
562.58718,Escherichia coli strain 14062120,562,chloramphenicol,resistant,Resistant,256,256,mg/L,,Laboratory Method,Broth dilution,
562.58719,Escherichia coli strain 14062104,562,chloramphenicol,susceptible,Susceptible,8,8,mg/L,,Laboratory Method,Broth dilution,
562.58720,Escherichia coli strain 14060900,562,chloramphenicol,resistant,Resistant,128,128,mg/L,,Laboratory Method,Broth dilution,
562.58721,Escherichia coli strain 14066715,562,chloramphenicol,resistant,Resistant,256,256,mg/L,,Laboratory Method,Broth dilution,
562.58722,Escherichia coli strain 14067330,562,chloramphenicol,resistant,Resistant,64,64,mg/L,,Laboratory Method,Broth dilution,
562.58723,Escherichia coli strain 14069546,562,chloramphenicol,resistant,Resistant,256,256,mg/L,,Laboratory Method,Broth dilution,
562.58724,Escherichia coli strain 15038100,562,chloramphenicol,resistant,Resistant,256,256,mg/L,,Laboratory Method,Broth dilution,
562.58725,Escherichia coli strain 14091902,562,chloramphenicol,susceptible,Susceptible,8,8,mg/L,,Laboratory Method,Broth dilution,
562.58726,Escherichia coli strain 14085180,562,chloramphenicol,resistant,Resistant,128,128,mg/L,,Laboratory Method,Broth dilution,
562.58727,Escherichia coli strain 14083136,562,chloramphenicol,resistant,Resistant,>128,128,mg/L,>,Laboratory Method,Broth dilution,
562.58728,Escherichia coli strain 14087995,562,chloramphenicol,resistant,Resistant,256,256,mg/L,,Laboratory Method,Broth dilution,
562.58730,Escherichia coli strain 14077295,562,chloramphenicol,susceptible,Susceptible,8,8,mg/L,,Laboratory Method,Broth dilution,
562.58732,Escherichia coli strain 15051805,562,chloramphenicol,resistant,Resistant,128,128,mg/L,,Laboratory Method,Broth dilution,
562.58733,Escherichia coli strain 15050011,562,chloramphenicol,resistant,Resistant,256,256,mg/L,,Laboratory Method,Broth dilution,
562.58734,Escherichia coli strain 15054212,562,chloramphenicol,resistant,Resistant,256,256,mg/L,,Laboratory Method,Broth dilution,
562.58736,Escherichia coli strain 15062645,562,chloramphenicol,resistant,Resistant,256,256,mg/L,,Laboratory Method,Broth dilution,
562.58737,Escherichia coli strain 15057173,562,chloramphenicol,resistant,Resistant,256,256,mg/L,,Laboratory Method,Broth dilution,
562.58738,Escherichia coli strain 15078696,562,chloramphenicol,resistant,Resistant,128,128,mg/L,,Laboratory Method,Broth dilution,
562.58739,Escherichia coli strain 15056874,562,chloramphenicol,resistant,Resistant,256,256,mg/L,,Laboratory Method,Broth dilution,
562.58740,Escherichia coli strain 15056420,562,chloramphenicol,susceptible,Susceptible,8,8,mg/L,,Laboratory Method,Broth dilution,
562.65780,Escherichia coli strain CFS0351,562,chloramphenicol,resistant,Resistant,,,,,Laboratory Method,,
562.65781,Escherichia coli strain CFS0344,562,chloramphenicol,resistant,Resistant,,,,,Laboratory Method,,
562.65782,Escherichia coli strain CFS0350,562,chloramphenicol,resistant,Resistant,,,,,Laboratory Method,,
562.65783,Escherichia coli strain CFS0348,562,chloramphenicol,resistant,Resistant,,,,,Laboratory Method,,
562.65784,Escherichia coli strain CFS0349,562,chloramphenicol,resistant,Resistant,,,,,Laboratory Method,,
562.65785,Escherichia coli strain CFS0345,562,chloramphenicol,resistant,Resistant,,,,,Laboratory Method,,
562.65786,Escherichia coli strain CFS0347,562,chloramphenicol,resistant,Resistant,,,,,Laboratory Method,,
562.65787,Escherichia coli strain CFS0354,562,chloramphenicol,resistant,Resistant,,,,,Laboratory Method,,
562.65788,Escherichia coli strain CFS0359,562,chloramphenicol,resistant,Resistant,,,,,Laboratory Method,,
562.65789,Escherichia coli strain CFS0355,562,chloramphenicol,susceptible,Susceptible,,,,,Laboratory Method,,
562.65790,Escherichia coli strain CFS0356,562,chloramphenicol,susceptible,Susceptible,,,,,Laboratory Method,,
562.65791,Escherichia coli strain CFS0360,562,chloramphenicol,resistant,Resistant,,,,,Laboratory Method,,
562.65796,Escherichia coli strain 123074,562,chloramphenicol,resistant,Resistant,,,,,Laboratory Method,,
562.65797,Escherichia coli strain 123445,562,chloramphenicol,resistant,Resistant,,,,,Laboratory Method,,
562.65799,Escherichia coli strain E006910,562,chloramphenicol,susceptible,Susceptible,,,,,Laboratory Method,,
562.65800,Escherichia coli strain R56,562,chloramphenicol,resistant,Resistant,,,,,Laboratory Method,,
562.65801,Escherichia coli strain R37,562,chloramphenicol,susceptible,Susceptible,,,,,Laboratory Method,,
562.65802,Escherichia coli strain R61a,562,chloramphenicol,resistant,Resistant,,,,,Laboratory Method,,
562.65803,Escherichia coli strain R107,562,chloramphenicol,susceptible,Susceptible,,,,,Laboratory Method,,
562.65804,Escherichia coli strain R208,562,chloramphenicol,susceptible,Susceptible,,,,,Laboratory Method,,
562.65805,Escherichia coli strain R299,562,chloramphenicol,resistant,Resistant,,,,,Laboratory Method,,
562.65806,Escherichia coli strain R392,562,chloramphenicol,resistant,Resistant,,,,,Laboratory Method,,
562.65807,Escherichia coli strain R423,562,chloramphenicol,resistant,Resistant,,,,,Laboratory Method,,
562.65808,Escherichia coli strain R432,562,chloramphenicol,resistant,Resistant,,,,,Laboratory Method,,
562.65809,Escherichia coli strain RS119,562,chloramphenicol,resistant,Resistant,,,,,Laboratory Method,,
562.65810,Escherichia coli strain RS153,562,chloramphenicol,resistant,Resistant,,,,,Laboratory Method,,
562.65811,Escherichia coli strain RS254,562,chloramphenicol,resistant,Resistant,,,,,Laboratory Method,,
562.65812,Escherichia coli strain RS288,562,chloramphenicol,resistant,Resistant,,,,,Laboratory Method,,
562.65813,Escherichia coli strain RS333,562,chloramphenicol,resistant,Resistant,,,,,Laboratory Method,,
562.65814,Escherichia coli strain V139,562,chloramphenicol,resistant,Resistant,,,,,Laboratory Method,,
562.65815,Escherichia coli strain RS334,562,chloramphenicol,resistant,Resistant,,,,,Laboratory Method,,
562.65816,Escherichia coli strain V210,562,chloramphenicol,resistant,Resistant,,,,,Laboratory Method,,
562.65817,Escherichia coli strain V177,562,chloramphenicol,resistant,Resistant,,,,,Laboratory Method,,
562.65818,Escherichia coli strain RS371,562,chloramphenicol,resistant,Resistant,,,,,Laboratory Method,,
562.65819,Escherichia coli strain V161,562,chloramphenicol,resistant,Resistant,,,,,Laboratory Method,,
1328432.3,Escherichia coli BWH 32,1328432,ciprofloxacin,susceptible,Susceptible,,,,,Laboratory Method,Broth dilution,
1328433.3,Escherichia coli BWH 34,1328433,ciprofloxacin,resistant,Resistant,,,,,Laboratory Method,Broth dilution,
1328434.3,Escherichia coli BWH 40,1328434,ciprofloxacin,resistant,Resistant,,,,,Laboratory Method,Broth dilution,
1438684.3,Escherichia coli CHS 68,1438684,ciprofloxacin,resistant,Resistant,,,,,Laboratory Method,Broth dilution,
1438685.3,Escherichia coli CHS 69,1438685,ciprofloxacin,resistant,Resistant,,,,,Laboratory Method,Broth dilution,
1438686.3,Escherichia coli CHS 77,1438686,ciprofloxacin,resistant,Resistant,,,,,Laboratory Method,Broth dilution,
562.135559,Escherichia coli MGL_90,562,ciprofloxacin,resistant,Resistant,,,,,Laboratory Method,Disk diffusion,
562.135560,Escherichia coli MGL_106,562,ciprofloxacin,resistant,Resistant,21,21,mm,,Laboratory Method,Disk diffusion,
562.135561,Escherichia coli MGL_91,562,ciprofloxacin,resistant,Resistant,,,,,Laboratory Method,Disk diffusion,
562.135562,Escherichia coli MGL_87,562,ciprofloxacin,resistant,Resistant,,,,,Laboratory Method,Disk diffusion,
562.135563,Escherichia coli MGL_86,562,ciprofloxacin,resistant,Resistant,,,,,Laboratory Method,Disk diffusion,
562.135565,Escherichia coli MGL_82,562,ciprofloxacin,resistant,Resistant,,,,,Laboratory Method,Disk diffusion,
562.135567,Escherichia coli 20200622_MGL_66,562,ciprofloxacin,resistant,Resistant,,,,,Laboratory Method,Disk diffusion,
562.135568,Escherichia coli 20200622_MGL_67,562,ciprofloxacin,resistant,Resistant,,,,,Laboratory Method,Disk diffusion,
562.135569,Escherichia coli 20200203_MGL_07,562,ciprofloxacin,resistant,Resistant,,,,,Laboratory Method,Disk diffusion,
562.135570,Escherichia coli 20200203_MGL_22,562,ciprofloxacin,resistant,Resistant,,,,,Laboratory Method,Disk diffusion,
562.135571,Escherichia coli MGL_125,562,ciprofloxacin,resistant,Resistant,,,,,Laboratory Method,Disk diffusion,
562.135572,Escherichia coli MGL_123,562,ciprofloxacin,resistant,Resistant,,,,,Laboratory Method,Disk diffusion,
562.135573,Escherichia coli MGL_117,562,ciprofloxacin,resistant,Resistant,,,,,Laboratory Method,Disk diffusion,
562.135574,Escherichia coli MGL_116,562,ciprofloxacin,resistant,Resistant,,,,,Laboratory Method,Disk diffusion,
562.135575,Escherichia coli MGL_118,562,ciprofloxacin,resistant,Resistant,,,,,Laboratory Method,Disk diffusion,
562.135576,Escherichia coli 20200203_MGL_04,562,ciprofloxacin,resistant,Resistant,,,,,Laboratory Method,Disk diffusion,
562.135578,Escherichia coli 20200203_MGL_16,562,ciprofloxacin,resistant,Resistant,,,,,Laboratory Method,Disk diffusion,
562.135579,Escherichia coli MGL_1560,562,ciprofloxacin,resistant,Resistant,,,,,Laboratory Method,Disk diffusion,
562.135580,Escherichia coli MGL_1550,562,ciprofloxacin,resistant,Resistant,,,,,Laboratory Method,Disk diffusion,
562.135581,Escherichia coli 20200203_MGL_06,562,ciprofloxacin,resistant,Resistant,,,,,Laboratory Method,Disk diffusion,
562.135582,Escherichia coli 20200203_MGL_05,562,ciprofloxacin,resistant,Resistant,,,,,Laboratory Method,Disk diffusion,
562.135583,Escherichia coli 20200317_MGL_35,562,ciprofloxacin,resistant,Resistant,,,,,Laboratory Method,Disk diffusion,
562.135584,Escherichia coli 20200203_MGL_20,562,ciprofloxacin,resistant,Resistant,13,13,mm,,Laboratory Method,Disk diffusion,
562.135585,Escherichia coli 20200203_MGL_19,562,ciprofloxacin,resistant,Resistant,,,,,Laboratory Method,Disk diffusion,
562.135586,Escherichia coli MGL_150,562,ciprofloxacin,resistant,Resistant,,,,,Laboratory Method,Disk diffusion,
562.135587,Escherichia coli MGL_153,562,ciprofloxacin,resistant,Resistant,,,,,Laboratory Method,Disk diffusion,
562.135588,Escherichia coli MGL_136,562,ciprofloxacin,resistant,Resistant,,,,,Laboratory Method,Disk diffusion,
562.135589,Escherichia coli MGL_133,562,ciprofloxacin,resistant,Resistant,,,,,Laboratory Method,Disk diffusion,
562.135590,Escherichia coli 20200203_MGL_01,562,ciprofloxacin,resistant,Resistant,,,,,Laboratory Method,Disk diffusion,
562.135592,Escherichia coli MGL_131,562,ciprofloxacin,resistant,Resistant,,,,,Laboratory Method,Disk diffusion,
562.135593,Escherichia coli MGL_126,562,ciprofloxacin,resistant,Resistant,,,,,Laboratory Method,Disk diffusion,
562.135594,Escherichia coli 20200203_MGL_03,562,ciprofloxacin,resistant,Resistant,,,,,Laboratory Method,Disk diffusion,
562.13671,Escherichia coli strain 116,562,ciprofloxacin,susceptible,Susceptible,,,,,Laboratory Method,Disk diffusion,
562.19151,Escherichia coli strain 104,562,ciprofloxacin,susceptible,Susceptible,,,,,Laboratory Method,Disk diffusion,
562.42635,Escherichia coli strain 108,562,ciprofloxacin,susceptible,Susceptible,,,,,Laboratory Method,Disk diffusion,
562.42686,Escherichia coli strain 24,562,ciprofloxacin,resistant,Resistant,8,8,mg/L,>,Laboratory Method,Broth dilution,
562.58703,Escherichia coli strain 14036998,562,ciprofloxacin,resistant,Resistant,0.12,0.12,mg/L,,Laboratory Method,Broth dilution,
562.58704,Escherichia coli strain 14037824,562,ciprofloxacin,susceptible,Susceptible,0.015,0.015,mg/L,,Laboratory Method,Broth dilution,
562.58705,Escherichia coli strain 14040376,562,ciprofloxacin,resistant,Resistant,8,8,mg/L,,Laboratory Method,Broth dilution,
562.58706,Escherichia coli strain 14043377,562,ciprofloxacin,resistant,Resistant,8,8,mg/L,,Laboratory Method,Broth dilution,
562.58707,Escherichia coli strain 14043512,562,ciprofloxacin,resistant,Resistant,4,4,mg/L,,Laboratory Method,Broth dilution,
562.58708,Escherichia coli strain 14044802,562,ciprofloxacin,susceptible,Susceptible,0.015,0.015,mg/L,,Laboratory Method,Broth dilution,
562.58710,Escherichia coli strain 14065450,562,ciprofloxacin,resistant,Resistant,8,8,mg/L,,Laboratory Method,Broth dilution,
562.58711,Escherichia coli strain 14063820,562,ciprofloxacin,resistant,Resistant,0.5,0.5,mg/L,,Laboratory Method,Broth dilution,
562.58713,Escherichia coli strain 14050802,562,ciprofloxacin,susceptible,Susceptible,0.015,0.015,mg/L,,Laboratory Method,Broth dilution,
562.58714,Escherichia coli strain 14047606,562,ciprofloxacin,resistant,Resistant,8,8,mg/L,,Laboratory Method,Broth dilution,
562.58715,Escherichia coli strain 14050800,562,ciprofloxacin,resistant,Resistant,0.5,0.5,mg/L,,Laboratory Method,Broth dilution,
562.58716,Escherichia coli strain 14057877,562,ciprofloxacin,resistant,Resistant,>8,8,mg/L,>,Laboratory Method,Broth dilution,
562.58717,Escherichia coli strain 14054555,562,ciprofloxacin,susceptible,Susceptible,0.015,0.015,mg/L,,Laboratory Method,Broth dilution,
562.58718,Escherichia coli strain 14062120,562,ciprofloxacin,susceptible,Susceptible,0.015,0.015,mg/L,,Laboratory Method,Broth dilution,
562.58719,Escherichia coli strain 14062104,562,ciprofloxacin,resistant,Resistant,>8,8,mg/L,>,Laboratory Method,Broth dilution,
562.58720,Escherichia coli strain 14060900,562,ciprofloxacin,resistant,Resistant,4,4,mg/L,,Laboratory Method,Broth dilution,
562.58721,Escherichia coli strain 14066715,562,ciprofloxacin,resistant,Resistant,4,4,mg/L,,Laboratory Method,Broth dilution,
562.58723,Escherichia coli strain 14069546,562,ciprofloxacin,resistant,Resistant,16,16,mg/L,,Laboratory Method,Broth dilution,
562.58724,Escherichia coli strain 15038100,562,ciprofloxacin,resistant,Resistant,8,8,mg/L,,Laboratory Method,Broth dilution,
562.58725,Escherichia coli strain 14091902,562,ciprofloxacin,resistant,Resistant,16,16,mg/L,,Laboratory Method,Broth dilution,
562.58727,Escherichia coli strain 14083136,562,ciprofloxacin,resistant,Resistant,0.5,0.5,mg/L,,Laboratory Method,Broth dilution,
562.58728,Escherichia coli strain 14087995,562,ciprofloxacin,resistant,Resistant,8,8,mg/L,,Laboratory Method,Broth dilution,
562.58729,Escherichia coli strain 14073256,562,ciprofloxacin,resistant,Resistant,4,4,mg/L,,Laboratory Method,Broth dilution,
562.58730,Escherichia coli strain 14077295,562,ciprofloxacin,resistant,Resistant,8,8,mg/L,,Laboratory Method,Broth dilution,
562.58731,Escherichia coli strain 14072934,562,ciprofloxacin,resistant,Resistant,16,16,mg/L,,Laboratory Method,Broth dilution,
562.58732,Escherichia coli strain 15051805,562,ciprofloxacin,resistant,Resistant,0.12,0.12,mg/L,,Laboratory Method,Broth dilution,
562.58733,Escherichia coli strain 15050011,562,ciprofloxacin,resistant,Resistant,0.12,0.12,mg/L,,Laboratory Method,Broth dilution,
562.58734,Escherichia coli strain 15054212,562,ciprofloxacin,resistant,Resistant,16,16,mg/L,,Laboratory Method,Broth dilution,
562.58735,Escherichia coli strain 15056393,562,ciprofloxacin,resistant,Resistant,8,8,mg/L,,Laboratory Method,Broth dilution,
562.58736,Escherichia coli strain 15062645,562,ciprofloxacin,resistant,Resistant,2,2,mg/L,,Laboratory Method,Broth dilution,
562.58737,Escherichia coli strain 15057173,562,ciprofloxacin,resistant,Resistant,16,16,mg/L,,Laboratory Method,Broth dilution,
562.58738,Escherichia coli strain 15078696,562,ciprofloxacin,susceptible,Susceptible,,,,,Laboratory Method,Broth dilution,
562.58739,Escherichia coli strain 15056874,562,ciprofloxacin,resistant,Resistant,,,,,Laboratory Method,Broth dilution,
562.58740,Escherichia coli strain 15056420,562,ciprofloxacin,resistant,Resistant,0.25,0.25,mg/L,,Laboratory Method,Broth dilution,
562.58741,Escherichia coli strain 101,562,ciprofloxacin,susceptible,Susceptible,,,,,Laboratory Method,Disk diffusion,
562.58742,Escherichia coli strain 102,562,ciprofloxacin,susceptible,Susceptible,,,,,Laboratory Method,Disk diffusion,
562.58743,Escherichia coli strain 103,562,ciprofloxacin,susceptible,Susceptible,,,,,Laboratory Method,Disk diffusion,
562.58745,Escherichia coli strain 105,562,ciprofloxacin,susceptible,Susceptible,,,,,Laboratory Method,Disk diffusion,
562.58746,Escherichia coli strain 109,562,ciprofloxacin,susceptible,Susceptible,,,,,Laboratory Method,Disk diffusion,
562.58747,Escherichia coli strain 110,562,ciprofloxacin,susceptible,Susceptible,,,,,Laboratory Method,Disk diffusion,
562.58748,Escherichia coli strain 112,562,ciprofloxacin,resistant,Resistant,,,,,Laboratory Method,Disk diffusion,
562.58751,Escherichia coli strain 106,562,ciprofloxacin,susceptible,Susceptible,,,,,Laboratory Method,Disk diffusion,
562.58752,Escherichia coli strain 107,562,ciprofloxacin,susceptible,Susceptible,,,,,Laboratory Method,Disk diffusion,
562.58753,Escherichia coli strain 113,562,ciprofloxacin,susceptible,Susceptible,,,,,Laboratory Method,Disk diffusion,
562.58754,Escherichia coli strain 118,562,ciprofloxacin,susceptible,Susceptible,,,,,Laboratory Method,Disk diffusion,
562.58755,Escherichia coli strain 117,562,ciprofloxacin,susceptible,Susceptible,,,,,Laboratory Method,Disk diffusion,
562.58757,Escherichia coli strain 114,562,ciprofloxacin,susceptible,Susceptible,,,,,Laboratory Method,Disk diffusion,
562.58758,Escherichia coli strain 115,562,ciprofloxacin,susceptible,Susceptible,,,,,Laboratory Method,Disk diffusion,
562.58759,Escherichia coli strain 119,562,ciprofloxacin,resistant,Resistant,,,,,Laboratory Method,Disk diffusion,
562.58760,Escherichia coli strain 120,562,ciprofloxacin,susceptible,Susceptible,,,,,Laboratory Method,Disk diffusion,
562.58761,Escherichia coli strain 201,562,ciprofloxacin,resistant,Resistant,,,,,Laboratory Method,Disk diffusion,
562.58762,Escherichia coli strain 121,562,ciprofloxacin,susceptible,Susceptible,,,,,Laboratory Method,Disk diffusion,
562.58763,Escherichia coli strain 202,562,ciprofloxacin,resistant,Resistant,,,,,Laboratory Method,Disk diffusion,
562.58765,Escherichia coli strain 302,562,ciprofloxacin,susceptible,Susceptible,,,,,Laboratory Method,Disk diffusion,
562.58766,Escherichia coli strain 203,562,ciprofloxacin,resistant,Resistant,,,,,Laboratory Method,Disk diffusion,
562.58767,Escherichia coli strain 204,562,ciprofloxacin,susceptible,Susceptible,,,,,Laboratory Method,Disk diffusion,
562.58768,Escherichia coli strain 205,562,ciprofloxacin,susceptible,Susceptible,,,,,Laboratory Method,Disk diffusion,
562.65780,Escherichia coli strain CFS0351,562,ciprofloxacin,resistant,Resistant,,,,,Laboratory Method,,
562.65781,Escherichia coli strain CFS0344,562,ciprofloxacin,resistant,Resistant,,,,,Laboratory Method,,
562.65782,Escherichia coli strain CFS0350,562,ciprofloxacin,resistant,Resistant,,,,,Laboratory Method,,
562.65783,Escherichia coli strain CFS0348,562,ciprofloxacin,resistant,Resistant,,,,,Laboratory Method,,
562.65784,Escherichia coli strain CFS0349,562,ciprofloxacin,resistant,Resistant,,,,,Laboratory Method,,
562.65785,Escherichia coli strain CFS0345,562,ciprofloxacin,resistant,Resistant,,,,,Laboratory Method,,
562.65786,Escherichia coli strain CFS0347,562,ciprofloxacin,resistant,Resistant,,,,,Laboratory Method,,
562.65787,Escherichia coli strain CFS0354,562,ciprofloxacin,resistant,Resistant,,,,,Laboratory Method,,
562.65788,Escherichia coli strain CFS0359,562,ciprofloxacin,resistant,Resistant,,,,,Laboratory Method,,
562.65789,Escherichia coli strain CFS0355,562,ciprofloxacin,resistant,Resistant,,,,,Laboratory Method,,
562.65790,Escherichia coli strain CFS0356,562,ciprofloxacin,resistant,Resistant,,,,,Laboratory Method,,
562.65791,Escherichia coli strain CFS0360,562,ciprofloxacin,resistant,Resistant,,,,,Laboratory Method,,
562.65796,Escherichia coli strain 123074,562,ciprofloxacin,resistant,Resistant,,,,,Laboratory Method,,
562.65797,Escherichia coli strain 123445,562,ciprofloxacin,resistant,Resistant,,,,,Laboratory Method,,
562.65798,Escherichia coli strain E003488,562,ciprofloxacin,resistant,Resistant,,,,,Laboratory Method,,
562.65799,Escherichia coli strain E006910,562,ciprofloxacin,resistant,Resistant,,,,,Laboratory Method,,
562.65800,Escherichia coli strain R56,562,ciprofloxacin,resistant,Resistant,,,,,Laboratory Method,,
562.65801,Escherichia coli strain R37,562,ciprofloxacin,resistant,Resistant,,,,,Laboratory Method,,
562.65802,Escherichia coli strain R61a,562,ciprofloxacin,resistant,Resistant,,,,,Laboratory Method,,
562.65803,Escherichia coli strain R107,562,ciprofloxacin,resistant,Resistant,,,,,Laboratory Method,,
562.65804,Escherichia coli strain R208,562,ciprofloxacin,resistant,Resistant,,,,,Laboratory Method,,
562.65805,Escherichia coli strain R299,562,ciprofloxacin,resistant,Resistant,,,,,Laboratory Method,,
562.65806,Escherichia coli strain R392,562,ciprofloxacin,resistant,Resistant,,,,,Laboratory Method,,
562.65807,Escherichia coli strain R423,562,ciprofloxacin,resistant,Resistant,,,,,Laboratory Method,,
562.65808,Escherichia coli strain R432,562,ciprofloxacin,resistant,Resistant,,,,,Laboratory Method,,
562.65809,Escherichia coli strain RS119,562,ciprofloxacin,resistant,Resistant,,,,,Laboratory Method,,
562.65810,Escherichia coli strain RS153,562,ciprofloxacin,resistant,Resistant,,,,,Laboratory Method,,
562.65811,Escherichia coli strain RS254,562,ciprofloxacin,resistant,Resistant,,,,,Laboratory Method,,
562.65812,Escherichia coli strain RS288,562,ciprofloxacin,resistant,Resistant,,,,,Laboratory Method,,
562.65813,Escherichia coli strain RS333,562,ciprofloxacin,resistant,Resistant,,,,,Laboratory Method,,
562.65814,Escherichia coli strain V139,562,ciprofloxacin,resistant,Resistant,,,,,Laboratory Method,,
562.65815,Escherichia coli strain RS334,562,ciprofloxacin,resistant,Resistant,,,,,Laboratory Method,,
562.65816,Escherichia coli strain V210,562,ciprofloxacin,resistant,Resistant,,,,,Laboratory Method,,
562.65817,Escherichia coli strain V177,562,ciprofloxacin,resistant,Resistant,,,,,Laboratory Method,,
562.65818,Escherichia coli strain RS371,562,ciprofloxacin,resistant,Resistant,,,,,Laboratory Method,,
562.65819,Escherichia coli strain V161,562,ciprofloxacin,resistant,Resistant,,,,,Laboratory Method,,
562.17359,Escherichia coli strain 81009,562,colistin,susceptible,Susceptible,<0.5,0.5,mg/L,<,Laboratory Method,Broth dilution,
562.19079,Escherichia coli strain ECCTRSRTH06,562,colistin,resistant,Resistant,,10,mm,=,Laboratory Method,Disk diffusion,
562.58703,Escherichia coli strain 14036998,562,colistin,resistant,Resistant,4,4,mg/L,,Laboratory Method,Broth dilution,
562.58704,Escherichia coli strain 14037824,562,colistin,resistant,Resistant,8,8,mg/L,,Laboratory Method,Broth dilution,
562.58705,Escherichia coli strain 14040376,562,colistin,resistant,Resistant,4,4,mg/L,,Laboratory Method,Broth dilution,
562.58706,Escherichia coli strain 14043377,562,colistin,resistant,Resistant,4,4,mg/L,,Laboratory Method,Broth dilution,
562.58707,Escherichia coli strain 14043512,562,colistin,resistant,Resistant,4,4,mg/L,,Laboratory Method,Broth dilution,
562.58708,Escherichia coli strain 14044802,562,colistin,resistant,Resistant,4,4,mg/L,,Laboratory Method,Broth dilution,
562.58709,Escherichia coli strain 14045775,562,colistin,resistant,Resistant,4,4,mg/L,,Laboratory Method,Broth dilution,
562.58710,Escherichia coli strain 14065450,562,colistin,resistant,Resistant,8,8,mg/L,,Laboratory Method,Broth dilution,
562.58711,Escherichia coli strain 14063820,562,colistin,resistant,Resistant,8,8,mg/L,,Laboratory Method,Broth dilution,
562.58712,Escherichia coli strain 14053473,562,colistin,resistant,Resistant,4,4,mg/L,,Laboratory Method,Broth dilution,
562.58713,Escherichia coli strain 14050802,562,colistin,resistant,Resistant,4,4,mg/L,,Laboratory Method,Broth dilution,
562.58714,Escherichia coli strain 14047606,562,colistin,resistant,Resistant,8,8,mg/L,,Laboratory Method,Broth dilution,
562.58715,Escherichia coli strain 14050800,562,colistin,resistant,Resistant,4,4,mg/L,,Laboratory Method,Broth dilution,
562.58716,Escherichia coli strain 14057877,562,colistin,resistant,Resistant,4,4,mg/L,,Laboratory Method,Broth dilution,
562.58717,Escherichia coli strain 14054555,562,colistin,resistant,Resistant,8,8,mg/L,,Laboratory Method,Broth dilution,
562.58718,Escherichia coli strain 14062120,562,colistin,resistant,Resistant,8,8,mg/L,,Laboratory Method,Broth dilution,
562.58719,Escherichia coli strain 14062104,562,colistin,resistant,Resistant,4,4,mg/L,,Laboratory Method,Broth dilution,
562.58720,Escherichia coli strain 14060900,562,colistin,resistant,Resistant,4,4,mg/L,,Laboratory Method,Broth dilution,
562.58721,Escherichia coli strain 14066715,562,colistin,resistant,Resistant,8,8,mg/L,,Laboratory Method,Broth dilution,
562.58722,Escherichia coli strain 14067330,562,colistin,resistant,Resistant,4,4,mg/L,,Laboratory Method,Broth dilution,
562.58723,Escherichia coli strain 14069546,562,colistin,resistant,Resistant,8,8,mg/L,,Laboratory Method,Broth dilution,
562.58724,Escherichia coli strain 15038100,562,colistin,resistant,Resistant,4,4,mg/L,,Laboratory Method,Broth dilution,
562.58725,Escherichia coli strain 14091902,562,colistin,resistant,Resistant,8,8,mg/L,,Laboratory Method,Broth dilution,
562.58726,Escherichia coli strain 14085180,562,colistin,resistant,Resistant,4,4,mg/L,,Laboratory Method,Broth dilution,
562.58727,Escherichia coli strain 14083136,562,colistin,resistant,Resistant,>16,16,mg/L,>,Laboratory Method,Broth dilution,
562.58728,Escherichia coli strain 14087995,562,colistin,resistant,Resistant,8,8,mg/L,,Laboratory Method,Broth dilution,
562.58729,Escherichia coli strain 14073256,562,colistin,resistant,Resistant,8,8,mg/L,,Laboratory Method,Broth dilution,
562.58731,Escherichia coli strain 14072934,562,colistin,resistant,Resistant,8,8,mg/L,,Laboratory Method,Broth dilution,
562.58732,Escherichia coli strain 15051805,562,colistin,resistant,Resistant,8,8,mg/L,,Laboratory Method,Broth dilution,
562.58733,Escherichia coli strain 15050011,562,colistin,resistant,Resistant,4,4,mg/L,,Laboratory Method,Broth dilution,
562.58734,Escherichia coli strain 15054212,562,colistin,resistant,Resistant,4,4,mg/L,,Laboratory Method,Broth dilution,
562.58736,Escherichia coli strain 15062645,562,colistin,resistant,Resistant,4,4,mg/L,,Laboratory Method,Broth dilution,
562.58737,Escherichia coli strain 15057173,562,colistin,resistant,Resistant,4,4,mg/L,,Laboratory Method,Broth dilution,
562.58738,Escherichia coli strain 15078696,562,colistin,resistant,Resistant,4,4,mg/L,,Laboratory Method,Broth dilution,
562.58739,Escherichia coli strain 15056874,562,colistin,resistant,Resistant,4,4,mg/L,,Laboratory Method,Broth dilution,
562.58740,Escherichia coli strain 15056420,562,colistin,resistant,Resistant,8,8,mg/L,,Laboratory Method,Broth dilution,
562.42686,Escherichia coli strain 24,562,doripenem,susceptible,Susceptible,0.5,0.5,mg/L,=,Laboratory Method,Broth dilution,
1400156.3,Escherichia coli BIDMC 43a,1400156,doxycycline,susceptible,Susceptible,,,,,Laboratory Method,Broth dilution,
1400157.3,Escherichia coli BIDMC 43b,1400157,doxycycline,susceptible,Susceptible,,,,,Laboratory Method,Broth dilution,
1438668.3,Escherichia coli BIDMC 58,1438668,doxycycline,resistant,Resistant,,,,,Laboratory Method,Broth dilution,
1438670.3,Escherichia coli BIDMC 62,1438670,doxycycline,resistant,Resistant,,,,,Laboratory Method,Broth dilution,
1438672.3,Escherichia coli BIDMC 64,1438672,doxycycline,susceptible,Susceptible,,,,,Laboratory Method,Broth dilution,
1445862.3,Escherichia coli BIDMC 82,1445862,doxycycline,susceptible,Susceptible,,,,,Laboratory Method,Broth dilution,
562.135559,Escherichia coli MGL_90,562,doxycycline,susceptible,Susceptible,16,16,mm,,Laboratory Method,Disk diffusion,
562.135560,Escherichia coli MGL_106,562,doxycycline,susceptible,Susceptible,17,17,mm,,Laboratory Method,Disk diffusion,
562.135561,Escherichia coli MGL_91,562,doxycycline,resistant,Resistant,,,,,Laboratory Method,Disk diffusion,
562.135562,Escherichia coli MGL_87,562,doxycycline,susceptible,Susceptible,17,17,mm,,Laboratory Method,Disk diffusion,
562.135563,Escherichia coli MGL_86,562,doxycycline,susceptible,Susceptible,21,21,mm,,Laboratory Method,Disk diffusion,
562.135564,Escherichia coli 20200203_MGL_08,562,doxycycline,susceptible,Susceptible,17,17,mm,,Laboratory Method,Disk diffusion,
562.135565,Escherichia coli MGL_82,562,doxycycline,susceptible,Susceptible,15,15,mm,,Laboratory Method,Disk diffusion,
562.135567,Escherichia coli 20200622_MGL_66,562,doxycycline,resistant,Resistant,,,,,Laboratory Method,Disk diffusion,
562.135568,Escherichia coli 20200622_MGL_67,562,doxycycline,susceptible,Susceptible,14,14,mm,,Laboratory Method,Disk diffusion,
562.135569,Escherichia coli 20200203_MGL_07,562,doxycycline,resistant,Resistant,,,,,Laboratory Method,Disk diffusion,
562.135571,Escherichia coli MGL_125,562,doxycycline,susceptible,Susceptible,16,16,mm,,Laboratory Method,Disk diffusion,
562.135572,Escherichia coli MGL_123,562,doxycycline,resistant,Resistant,,,,,Laboratory Method,Disk diffusion,
562.135573,Escherichia coli MGL_117,562,doxycycline,resistant,Resistant,10,10,mm,,Laboratory Method,Disk diffusion,
562.135574,Escherichia coli MGL_116,562,doxycycline,resistant,Resistant,,,,,Laboratory Method,Disk diffusion,
562.135575,Escherichia coli MGL_118,562,doxycycline,resistant,Resistant,,,,,Laboratory Method,Disk diffusion,
562.135576,Escherichia coli 20200203_MGL_04,562,doxycycline,resistant,Resistant,,,,,Laboratory Method,Disk diffusion,
562.135577,Escherichia coli 20200203_MGL_11,562,doxycycline,resistant,Resistant,,,,,Laboratory Method,Disk diffusion,
562.135579,Escherichia coli MGL_1560,562,doxycycline,resistant,Resistant,,,,,Laboratory Method,Disk diffusion,
562.135580,Escherichia coli MGL_1550,562,doxycycline,susceptible,Susceptible,14,14,mm,,Laboratory Method,Disk diffusion,
562.135581,Escherichia coli 20200203_MGL_06,562,doxycycline,resistant,Resistant,,,,,Laboratory Method,Disk diffusion,
562.135582,Escherichia coli 20200203_MGL_05,562,doxycycline,resistant,Resistant,,,,,Laboratory Method,Disk diffusion,
562.135583,Escherichia coli 20200317_MGL_35,562,doxycycline,resistant,Resistant,,,,,Laboratory Method,Disk diffusion,
562.135584,Escherichia coli 20200203_MGL_20,562,doxycycline,resistant,Resistant,10,10,mm,,Laboratory Method,Disk diffusion,
562.135586,Escherichia coli MGL_150,562,doxycycline,susceptible,Susceptible,20,20,mm,,Laboratory Method,Disk diffusion,
562.135587,Escherichia coli MGL_153,562,doxycycline,susceptible,Susceptible,17,17,mm,,Laboratory Method,Disk diffusion,
562.135588,Escherichia coli MGL_136,562,doxycycline,susceptible,Susceptible,19,19,mm,,Laboratory Method,Disk diffusion,
562.135589,Escherichia coli MGL_133,562,doxycycline,susceptible,Susceptible,17,17,mm,,Laboratory Method,Disk diffusion,
562.135591,Escherichia coli 20200203_MGL_12,562,doxycycline,resistant,Resistant,9,9,mm,,Laboratory Method,Disk diffusion,
562.135592,Escherichia coli MGL_131,562,doxycycline,resistant,Resistant,,,,,Laboratory Method,Disk diffusion,
562.135593,Escherichia coli MGL_126,562,doxycycline,resistant,Resistant,,,,,Laboratory Method,Disk diffusion,
562.135594,Escherichia coli 20200203_MGL_03,562,doxycycline,susceptible,Susceptible,18,18,mm,,Laboratory Method,Disk diffusion,
1328432.3,Escherichia coli BWH 32,1328432,ertapenem,susceptible,Susceptible,,,,,Laboratory Method,Broth dilution,
1438684.3,Escherichia coli CHS 68,1438684,ertapenem,resistant,Resistant,,,,,Laboratory Method,Broth dilution,
1438685.3,Escherichia coli CHS 69,1438685,ertapenem,resistant,Resistant,,,,,Laboratory Method,Broth dilution,
1438686.3,Escherichia coli CHS 77,1438686,ertapenem,resistant,Resistant,,,,,Laboratory Method,Broth dilution,
562.17359,Escherichia coli strain 81009,562,ertapenem,susceptible,Susceptible,<0.125,0.125,mg/L,<,Laboratory Method,Broth dilution,
562.42686,Escherichia coli strain 24,562,ertapenem,resistant,Resistant,4,4,mg/L,=,Laboratory Method,Broth dilution,
562.65796,Escherichia coli strain 123074,562,ertapenem,susceptible,Susceptible,,,,,Laboratory Method,,
562.65797,Escherichia coli strain 123445,562,ertapenem,susceptible,Susceptible,,,,,Laboratory Method,,
562.65798,Escherichia coli strain E003488,562,ertapenem,susceptible,Susceptible,,,,,Laboratory Method,,
562.65799,Escherichia coli strain E006910,562,ertapenem,susceptible,Susceptible,,,,,Laboratory Method,,
562.65800,Escherichia coli strain R56,562,ertapenem,susceptible,Susceptible,,,,,Laboratory Method,,
562.65801,Escherichia coli strain R37,562,ertapenem,susceptible,Susceptible,,,,,Laboratory Method,,
562.65802,Escherichia coli strain R61a,562,ertapenem,susceptible,Susceptible,,,,,Laboratory Method,,
562.65803,Escherichia coli strain R107,562,ertapenem,susceptible,Susceptible,,,,,Laboratory Method,,
562.65804,Escherichia coli strain R208,562,ertapenem,susceptible,Susceptible,,,,,Laboratory Method,,
562.65805,Escherichia coli strain R299,562,ertapenem,susceptible,Susceptible,,,,,Laboratory Method,,
562.65806,Escherichia coli strain R392,562,ertapenem,susceptible,Susceptible,,,,,Laboratory Method,,
562.65807,Escherichia coli strain R423,562,ertapenem,susceptible,Susceptible,,,,,Laboratory Method,,
562.65808,Escherichia coli strain R432,562,ertapenem,susceptible,Susceptible,,,,,Laboratory Method,,
562.65809,Escherichia coli strain RS119,562,ertapenem,susceptible,Susceptible,,,,,Laboratory Method,,
562.65810,Escherichia coli strain RS153,562,ertapenem,susceptible,Susceptible,,,,,Laboratory Method,,
562.65811,Escherichia coli strain RS254,562,ertapenem,susceptible,Susceptible,,,,,Laboratory Method,,
562.65812,Escherichia coli strain RS288,562,ertapenem,susceptible,Susceptible,,,,,Laboratory Method,,
562.65813,Escherichia coli strain RS333,562,ertapenem,susceptible,Susceptible,,,,,Laboratory Method,,
562.65814,Escherichia coli strain V139,562,ertapenem,susceptible,Susceptible,,,,,Laboratory Method,,
562.65816,Escherichia coli strain V210,562,ertapenem,susceptible,Susceptible,,,,,Laboratory Method,,
562.65817,Escherichia coli strain V177,562,ertapenem,susceptible,Susceptible,,,,,Laboratory Method,,
562.65818,Escherichia coli strain RS371,562,ertapenem,susceptible,Susceptible,,,,,Laboratory Method,,
562.65819,Escherichia coli strain V161,562,ertapenem,susceptible,Susceptible,,,,,Laboratory Method,,
562.135559,Escherichia coli MGL_90,562,erythromycin,resistant,Resistant,,,,,Laboratory Method,Disk diffusion,
562.135560,Escherichia coli MGL_106,562,erythromycin,resistant,Resistant,,,,,Laboratory Method,Disk diffusion,
562.135561,Escherichia coli MGL_91,562,erythromycin,resistant,Resistant,,,,,Laboratory Method,Disk diffusion,
562.135562,Escherichia coli MGL_87,562,erythromycin,resistant,Resistant,,,,,Laboratory Method,Disk diffusion,
562.135563,Escherichia coli MGL_86,562,erythromycin,resistant,Resistant,21,21,mm,,Laboratory Method,Disk diffusion,
562.135564,Escherichia coli 20200203_MGL_08,562,erythromycin,resistant,Resistant,,,,,Laboratory Method,Disk diffusion,
562.135565,Escherichia coli MGL_82,562,erythromycin,resistant,Resistant,,,,,Laboratory Method,Disk diffusion,
562.135567,Escherichia coli 20200622_MGL_66,562,erythromycin,resistant,Resistant,,,,,Laboratory Method,Disk diffusion,
562.135568,Escherichia coli 20200622_MGL_67,562,erythromycin,resistant,Resistant,,,,,Laboratory Method,Disk diffusion,
562.135570,Escherichia coli 20200203_MGL_22,562,erythromycin,resistant,Resistant,,,,,Laboratory Method,Disk diffusion,
562.135571,Escherichia coli MGL_125,562,erythromycin,resistant,Resistant,,,,,Laboratory Method,Disk diffusion,
562.135572,Escherichia coli MGL_123,562,erythromycin,resistant,Resistant,,,,,Laboratory Method,Disk diffusion,
562.135573,Escherichia coli MGL_117,562,erythromycin,resistant,Resistant,,,,,Laboratory Method,Disk diffusion,
562.135574,Escherichia coli MGL_116,562,erythromycin,resistant,Resistant,,,,,Laboratory Method,Disk diffusion,
562.135575,Escherichia coli MGL_118,562,erythromycin,resistant,Resistant,,,,,Laboratory Method,Disk diffusion,
562.135576,Escherichia coli 20200203_MGL_04,562,erythromycin,resistant,Resistant,,,,,Laboratory Method,Disk diffusion,
562.135577,Escherichia coli 20200203_MGL_11,562,erythromycin,resistant,Resistant,,,,,Laboratory Method,Disk diffusion,
562.135578,Escherichia coli 20200203_MGL_16,562,erythromycin,resistant,Resistant,,,,,Laboratory Method,Disk diffusion,
562.135579,Escherichia coli MGL_1560,562,erythromycin,resistant,Resistant,,,,,Laboratory Method,Disk diffusion,
562.135580,Escherichia coli MGL_1550,562,erythromycin,resistant,Resistant,,,,,Laboratory Method,Disk diffusion,
562.135581,Escherichia coli 20200203_MGL_06,562,erythromycin,resistant,Resistant,,,,,Laboratory Method,Disk diffusion,
562.135582,Escherichia coli 20200203_MGL_05,562,erythromycin,resistant,Resistant,,,,,Laboratory Method,Disk diffusion,
562.135583,Escherichia coli 20200317_MGL_35,562,erythromycin,resistant,Resistant,,,,,Laboratory Method,Disk diffusion,
562.135586,Escherichia coli MGL_150,562,erythromycin,resistant,Resistant,,,,,Laboratory Method,Disk diffusion,
562.135587,Escherichia coli MGL_153,562,erythromycin,resistant,Resistant,,,,,Laboratory Method,Disk diffusion,
562.135588,Escherichia coli MGL_136,562,erythromycin,resistant,Resistant,12,12,mm,,Laboratory Method,Disk diffusion,
562.135589,Escherichia coli MGL_133,562,erythromycin,resistant,Resistant,,,,,Laboratory Method,Disk diffusion,
562.135590,Escherichia coli 20200203_MGL_01,562,erythromycin,resistant,Resistant,,,,,Laboratory Method,Disk diffusion,
562.135591,Escherichia coli 20200203_MGL_12,562,erythromycin,resistant,Resistant,,,,,Laboratory Method,Disk diffusion,
562.135592,Escherichia coli MGL_131,562,erythromycin,resistant,Resistant,,,,,Laboratory Method,Disk diffusion,
562.135593,Escherichia coli MGL_126,562,erythromycin,resistant,Resistant,,,,,Laboratory Method,Disk diffusion,
562.135594,Escherichia coli 20200203_MGL_03,562,erythromycin,resistant,Resistant,,,,,Laboratory Method,Disk diffusion,
1328432.3,Escherichia coli BWH 32,1328432,gentamicin,susceptible,Susceptible,,,,,Laboratory Method,Broth dilution,
1328433.3,Escherichia coli BWH 34,1328433,gentamicin,susceptible,Susceptible,,,,,Laboratory Method,Broth dilution,
1328434.3,Escherichia coli BWH 40,1328434,gentamicin,susceptible,Susceptible,,,,,Laboratory Method,Broth dilution,
1438684.3,Escherichia coli CHS 68,1438684,gentamicin,resistant,Resistant,,,,,Laboratory Method,Broth dilution,
1438685.3,Escherichia coli CHS 69,1438685,gentamicin,resistant,Resistant,,,,,Laboratory Method,Broth dilution,
1438686.3,Escherichia coli CHS 77,1438686,gentamicin,susceptible,Susceptible,,,,,Laboratory Method,Broth dilution,
562.13671,Escherichia coli strain 116,562,gentamicin,resistant,Resistant,,,,,Laboratory Method,Disk diffusion,
562.42635,Escherichia coli strain 108,562,gentamicin,susceptible,Susceptible,,,,,Laboratory Method,Disk diffusion,
562.42686,Escherichia coli strain 24,562,gentamicin,resistant,Resistant,16,16,mg/L,>,Laboratory Method,Broth dilution,
562.48345,Escherichia coli 590,562,gentamicin,susceptible,Susceptible,=1,1,mg/L,=,Laboratory Method,,
562.48346,Escherichia coli 290,562,gentamicin,susceptible,Susceptible,=1,1,mg/L,=,Laboratory Method,,
562.48348,Escherichia coli 292,562,gentamicin,susceptible,Susceptible,=0.5,0.5,mg/L,=,Laboratory Method,,
562.48349,Escherichia coli 291,562,gentamicin,susceptible,Susceptible,=1,1,mg/L,=,Laboratory Method,,
562.58703,Escherichia coli strain 14036998,562,gentamicin,susceptible,Susceptible,0.5,0.5,mg/L,,Laboratory Method,Broth dilution,
562.58704,Escherichia coli strain 14037824,562,gentamicin,resistant,Resistant,32,32,mg/L,,Laboratory Method,Broth dilution,
562.58705,Escherichia coli strain 14040376,562,gentamicin,susceptible,Susceptible,1,1,mg/L,,Laboratory Method,Broth dilution,
562.58708,Escherichia coli strain 14044802,562,gentamicin,susceptible,Susceptible,0.5,0.5,mg/L,,Laboratory Method,Broth dilution,
562.58709,Escherichia coli strain 14045775,562,gentamicin,susceptible,Susceptible,0.5,0.5,mg/L,,Laboratory Method,Broth dilution,
562.58710,Escherichia coli strain 14065450,562,gentamicin,susceptible,Susceptible,0.5,0.5,mg/L,,Laboratory Method,Broth dilution,
562.58711,Escherichia coli strain 14063820,562,gentamicin,susceptible,Susceptible,0.5,0.5,mg/L,,Laboratory Method,Broth dilution,
562.58712,Escherichia coli strain 14053473,562,gentamicin,susceptible,Susceptible,0.5,0.5,mg/L,,Laboratory Method,Broth dilution,
562.58714,Escherichia coli strain 14047606,562,gentamicin,susceptible,Susceptible,0.5,0.5,mg/L,,Laboratory Method,Broth dilution,
562.58715,Escherichia coli strain 14050800,562,gentamicin,susceptible,Susceptible,0.5,0.5,mg/L,,Laboratory Method,Broth dilution,
562.58716,Escherichia coli strain 14057877,562,gentamicin,susceptible,Susceptible,2,2,mg/L,,Laboratory Method,Broth dilution,
562.58718,Escherichia coli strain 14062120,562,gentamicin,resistant,Resistant,64,64,mg/L,,Laboratory Method,Broth dilution,
562.58719,Escherichia coli strain 14062104,562,gentamicin,susceptible,Susceptible,0.5,0.5,mg/L,,Laboratory Method,Broth dilution,
562.58720,Escherichia coli strain 14060900,562,gentamicin,resistant,Resistant,>32,32,mg/L,>,Laboratory Method,Broth dilution,
562.58721,Escherichia coli strain 14066715,562,gentamicin,resistant,Resistant,64,64,mg/L,,Laboratory Method,Broth dilution,
562.58723,Escherichia coli strain 14069546,562,gentamicin,susceptible,Susceptible,2,2,mg/L,,Laboratory Method,Broth dilution,
562.58724,Escherichia coli strain 15038100,562,gentamicin,resistant,Resistant,32,32,mg/L,,Laboratory Method,Broth dilution,
562.58725,Escherichia coli strain 14091902,562,gentamicin,resistant,Resistant,64,64,mg/L,,Laboratory Method,Broth dilution,
562.58726,Escherichia coli strain 14085180,562,gentamicin,susceptible,Susceptible,0.5,0.5,mg/L,,Laboratory Method,Broth dilution,
562.58727,Escherichia coli strain 14083136,562,gentamicin,resistant,Resistant,4,4,mg/L,,Laboratory Method,Broth dilution,
562.58728,Escherichia coli strain 14087995,562,gentamicin,susceptible,Susceptible,1,1,mg/L,,Laboratory Method,Broth dilution,
562.58729,Escherichia coli strain 14073256,562,gentamicin,resistant,Resistant,32,32,mg/L,,Laboratory Method,Broth dilution,
562.58730,Escherichia coli strain 14077295,562,gentamicin,susceptible,Susceptible,0.5,0.5,mg/L,,Laboratory Method,Broth dilution,
562.58731,Escherichia coli strain 14072934,562,gentamicin,susceptible,Susceptible,0.5,0.5,mg/L,,Laboratory Method,Broth dilution,
562.58732,Escherichia coli strain 15051805,562,gentamicin,resistant,Resistant,32,32,mg/L,,Laboratory Method,Broth dilution,
562.58733,Escherichia coli strain 15050011,562,gentamicin,resistant,Resistant,64,64,mg/L,,Laboratory Method,Broth dilution,
562.58734,Escherichia coli strain 15054212,562,gentamicin,resistant,Resistant,32,32,mg/L,,Laboratory Method,Broth dilution,
562.58735,Escherichia coli strain 15056393,562,gentamicin,resistant,Resistant,64,64,mg/L,,Laboratory Method,Broth dilution,
562.58736,Escherichia coli strain 15062645,562,gentamicin,resistant,Resistant,64,64,mg/L,,Laboratory Method,Broth dilution,
562.58740,Escherichia coli strain 15056420,562,gentamicin,susceptible,Susceptible,0.5,0.5,mg/L,,Laboratory Method,Broth dilution,
562.58741,Escherichia coli strain 101,562,gentamicin,susceptible,Susceptible,,,,,Laboratory Method,Disk diffusion,
562.58742,Escherichia coli strain 102,562,gentamicin,susceptible,Susceptible,,,,,Laboratory Method,Disk diffusion,
562.58743,Escherichia coli strain 103,562,gentamicin,susceptible,Susceptible,,,,,Laboratory Method,Disk diffusion,
562.58745,Escherichia coli strain 105,562,gentamicin,susceptible,Susceptible,,,,,Laboratory Method,Disk diffusion,
562.58746,Escherichia coli strain 109,562,gentamicin,susceptible,Susceptible,,,,,Laboratory Method,Disk diffusion,
562.58747,Escherichia coli strain 110,562,gentamicin,susceptible,Susceptible,,,,,Laboratory Method,Disk diffusion,
562.58748,Escherichia coli strain 112,562,gentamicin,resistant,Resistant,,,,,Laboratory Method,Disk diffusion,
562.58749,Escherichia coli strain 111,562,gentamicin,susceptible,Susceptible,,,,,Laboratory Method,Disk diffusion,
562.58751,Escherichia coli strain 106,562,gentamicin,susceptible,Susceptible,,,,,Laboratory Method,Disk diffusion,
562.58752,Escherichia coli strain 107,562,gentamicin,susceptible,Susceptible,,,,,Laboratory Method,Disk diffusion,
562.58753,Escherichia coli strain 113,562,gentamicin,susceptible,Susceptible,,,,,Laboratory Method,Disk diffusion,
562.58754,Escherichia coli strain 118,562,gentamicin,susceptible,Susceptible,,,,,Laboratory Method,Disk diffusion,
562.58755,Escherichia coli strain 117,562,gentamicin,susceptible,Susceptible,,,,,Laboratory Method,Disk diffusion,
562.58757,Escherichia coli strain 114,562,gentamicin,susceptible,Susceptible,,,,,Laboratory Method,Disk diffusion,
562.58758,Escherichia coli strain 115,562,gentamicin,susceptible,Susceptible,,,,,Laboratory Method,Disk diffusion,
562.58759,Escherichia coli strain 119,562,gentamicin,susceptible,Susceptible,,,,,Laboratory Method,Disk diffusion,
562.58760,Escherichia coli strain 120,562,gentamicin,susceptible,Susceptible,,,,,Laboratory Method,Disk diffusion,
562.58761,Escherichia coli strain 201,562,gentamicin,resistant,Resistant,,,,,Laboratory Method,Disk diffusion,
562.58762,Escherichia coli strain 121,562,gentamicin,susceptible,Susceptible,,,,,Laboratory Method,Disk diffusion,
562.58763,Escherichia coli strain 202,562,gentamicin,resistant,Resistant,,,,,Laboratory Method,Disk diffusion,
562.58764,Escherichia coli strain 301,562,gentamicin,resistant,Resistant,,,,,Laboratory Method,Disk diffusion,
562.58766,Escherichia coli strain 203,562,gentamicin,resistant,Resistant,,,,,Laboratory Method,Disk diffusion,
562.58767,Escherichia coli strain 204,562,gentamicin,susceptible,Susceptible,,,,,Laboratory Method,Disk diffusion,
562.58768,Escherichia coli strain 205,562,gentamicin,susceptible,Susceptible,,,,,Laboratory Method,Disk diffusion,
562.65780,Escherichia coli strain CFS0351,562,gentamicin,susceptible,Susceptible,,,,,Laboratory Method,,
562.65781,Escherichia coli strain CFS0344,562,gentamicin,resistant,Resistant,,,,,Laboratory Method,,
562.65782,Escherichia coli strain CFS0350,562,gentamicin,resistant,Resistant,,,,,Laboratory Method,,
562.65783,Escherichia coli strain CFS0348,562,gentamicin,resistant,Resistant,,,,,Laboratory Method,,
562.65784,Escherichia coli strain CFS0349,562,gentamicin,susceptible,Susceptible,,,,,Laboratory Method,,
562.65785,Escherichia coli strain CFS0345,562,gentamicin,resistant,Resistant,,,,,Laboratory Method,,
562.65786,Escherichia coli strain CFS0347,562,gentamicin,resistant,Resistant,,,,,Laboratory Method,,
562.65787,Escherichia coli strain CFS0354,562,gentamicin,susceptible,Susceptible,,,,,Laboratory Method,,
562.65788,Escherichia coli strain CFS0359,562,gentamicin,susceptible,Susceptible,,,,,Laboratory Method,,
562.65789,Escherichia coli strain CFS0355,562,gentamicin,resistant,Resistant,,,,,Laboratory Method,,
562.65790,Escherichia coli strain CFS0356,562,gentamicin,resistant,Resistant,,,,,Laboratory Method,,
562.65791,Escherichia coli strain CFS0360,562,gentamicin,susceptible,Susceptible,,,,,Laboratory Method,,
562.65796,Escherichia coli strain 123074,562,gentamicin,resistant,Resistant,,,,,Laboratory Method,,
562.65798,Escherichia coli strain E003488,562,gentamicin,susceptible,Susceptible,,,,,Laboratory Method,,
562.65799,Escherichia coli strain E006910,562,gentamicin,susceptible,Susceptible,,,,,Laboratory Method,,
562.65800,Escherichia coli strain R56,562,gentamicin,resistant,Resistant,,,,,Laboratory Method,,
562.65801,Escherichia coli strain R37,562,gentamicin,susceptible,Susceptible,,,,,Laboratory Method,,
562.65802,Escherichia coli strain R61a,562,gentamicin,resistant,Resistant,,,,,Laboratory Method,,
562.65803,Escherichia coli strain R107,562,gentamicin,susceptible,Susceptible,,,,,Laboratory Method,,
562.65804,Escherichia coli strain R208,562,gentamicin,susceptible,Susceptible,,,,,Laboratory Method,,
562.65805,Escherichia coli strain R299,562,gentamicin,resistant,Resistant,,,,,Laboratory Method,,
562.65806,Escherichia coli strain R392,562,gentamicin,resistant,Resistant,,,,,Laboratory Method,,
562.65807,Escherichia coli strain R423,562,gentamicin,resistant,Resistant,,,,,Laboratory Method,,
562.65808,Escherichia coli strain R432,562,gentamicin,resistant,Resistant,,,,,Laboratory Method,,
562.65809,Escherichia coli strain RS119,562,gentamicin,resistant,Resistant,,,,,Laboratory Method,,
562.65810,Escherichia coli strain RS153,562,gentamicin,resistant,Resistant,,,,,Laboratory Method,,
562.65811,Escherichia coli strain RS254,562,gentamicin,resistant,Resistant,,,,,Laboratory Method,,
562.65812,Escherichia coli strain RS288,562,gentamicin,resistant,Resistant,,,,,Laboratory Method,,
562.65813,Escherichia coli strain RS333,562,gentamicin,susceptible,Susceptible,,,,,Laboratory Method,,
562.65814,Escherichia coli strain V139,562,gentamicin,susceptible,Susceptible,,,,,Laboratory Method,,
562.65815,Escherichia coli strain RS334,562,gentamicin,resistant,Resistant,,,,,Laboratory Method,,
562.65816,Escherichia coli strain V210,562,gentamicin,resistant,Resistant,,,,,Laboratory Method,,
562.65817,Escherichia coli strain V177,562,gentamicin,susceptible,Susceptible,,,,,Laboratory Method,,
562.65818,Escherichia coli strain RS371,562,gentamicin,resistant,Resistant,,,,,Laboratory Method,,
562.65819,Escherichia coli strain V161,562,gentamicin,susceptible,Susceptible,,,,,Laboratory Method,,
1328432.3,Escherichia coli BWH 32,1328432,imipenem,susceptible,Susceptible,,,,,Laboratory Method,Broth dilution,
1328433.3,Escherichia coli BWH 34,1328433,imipenem,resistant,Resistant,,,,,Laboratory Method,Broth dilution,
1328434.3,Escherichia coli BWH 40,1328434,imipenem,resistant,Resistant,,,,,Laboratory Method,Broth dilution,
1438684.3,Escherichia coli CHS 68,1438684,imipenem,resistant,Resistant,,,,,Laboratory Method,Broth dilution,
1438685.3,Escherichia coli CHS 69,1438685,imipenem,resistant,Resistant,,,,,Laboratory Method,Broth dilution,
1438686.3,Escherichia coli CHS 77,1438686,imipenem,resistant,Resistant,,,,,Laboratory Method,Broth dilution,
562.135559,Escherichia coli MGL_90,562,imipenem,resistant,Resistant,11,11,mm,,Laboratory Method,Disk diffusion,
562.135560,Escherichia coli MGL_106,562,imipenem,resistant,Resistant,10,10,mm,,Laboratory Method,Disk diffusion,
562.135561,Escherichia coli MGL_91,562,imipenem,resistant,Resistant,12,12,mm,,Laboratory Method,Disk diffusion,
562.135562,Escherichia coli MGL_87,562,imipenem,resistant,Resistant,11,11,mm,,Laboratory Method,Disk diffusion,
562.135563,Escherichia coli MGL_86,562,imipenem,resistant,Resistant,14,14,mm,,Laboratory Method,Disk diffusion,
562.135565,Escherichia coli MGL_82,562,imipenem,resistant,Resistant,11,11,mm,,Laboratory Method,Disk diffusion,
562.135567,Escherichia coli 20200622_MGL_66,562,imipenem,resistant,Resistant,,,,,Laboratory Method,Disk diffusion,
562.135568,Escherichia coli 20200622_MGL_67,562,imipenem,resistant,Resistant,,,,,Laboratory Method,Disk diffusion,
562.135569,Escherichia coli 20200203_MGL_07,562,imipenem,resistant,Resistant,,,,,Laboratory Method,Disk diffusion,
562.135570,Escherichia coli 20200203_MGL_22,562,imipenem,resistant,Resistant,,,,,Laboratory Method,Disk diffusion,
562.135571,Escherichia coli MGL_125,562,imipenem,resistant,Resistant,,,,,Laboratory Method,Disk diffusion,
562.135572,Escherichia coli MGL_123,562,imipenem,resistant,Resistant,,,,,Laboratory Method,Disk diffusion,
562.135573,Escherichia coli MGL_117,562,imipenem,resistant,Resistant,12,12,mm,,Laboratory Method,Disk diffusion,
562.135574,Escherichia coli MGL_116,562,imipenem,resistant,Resistant,11,11,mm,,Laboratory Method,Disk diffusion,
562.135575,Escherichia coli MGL_118,562,imipenem,resistant,Resistant,14,14,mm,,Laboratory Method,Disk diffusion,
562.135576,Escherichia coli 20200203_MGL_04,562,imipenem,resistant,Resistant,9,9,mm,,Laboratory Method,Disk diffusion,
562.135577,Escherichia coli 20200203_MGL_11,562,imipenem,resistant,Resistant,17,17,mm,,Laboratory Method,Disk diffusion,
562.135578,Escherichia coli 20200203_MGL_16,562,imipenem,resistant,Resistant,,,,,Laboratory Method,Disk diffusion,
562.135579,Escherichia coli MGL_1560,562,imipenem,resistant,Resistant,12,12,mm,,Laboratory Method,Disk diffusion,
562.135580,Escherichia coli MGL_1550,562,imipenem,resistant,Resistant,,,,,Laboratory Method,Disk diffusion,
562.135581,Escherichia coli 20200203_MGL_06,562,imipenem,resistant,Resistant,11,11,mm,,Laboratory Method,Disk diffusion,
562.135582,Escherichia coli 20200203_MGL_05,562,imipenem,resistant,Resistant,7,7,mm,,Laboratory Method,Disk diffusion,
562.135583,Escherichia coli 20200317_MGL_35,562,imipenem,resistant,Resistant,,,,,Laboratory Method,Disk diffusion,
562.135584,Escherichia coli 20200203_MGL_20,562,imipenem,resistant,Resistant,,,,,Laboratory Method,Disk diffusion,
562.135585,Escherichia coli 20200203_MGL_19,562,imipenem,resistant,Resistant,,,,,Laboratory Method,Disk diffusion,
562.135586,Escherichia coli MGL_150,562,imipenem,resistant,Resistant,13,13,mm,,Laboratory Method,Disk diffusion,
562.135587,Escherichia coli MGL_153,562,imipenem,resistant,Resistant,12,12,mm,,Laboratory Method,Disk diffusion,
562.135588,Escherichia coli MGL_136,562,imipenem,resistant,Resistant,16,16,mm,,Laboratory Method,Disk diffusion,
562.135589,Escherichia coli MGL_133,562,imipenem,resistant,Resistant,12,12,mm,,Laboratory Method,Disk diffusion,
562.135590,Escherichia coli 20200203_MGL_01,562,imipenem,resistant,Resistant,9,9,mm,,Laboratory Method,Disk diffusion,
562.135591,Escherichia coli 20200203_MGL_12,562,imipenem,resistant,Resistant,11,11,mm,,Laboratory Method,Disk diffusion,
562.135592,Escherichia coli MGL_131,562,imipenem,resistant,Resistant,13,13,mm,,Laboratory Method,Disk diffusion,
562.135593,Escherichia coli MGL_126,562,imipenem,resistant,Resistant,14,14,mm,,Laboratory Method,Disk diffusion,
562.135594,Escherichia coli 20200203_MGL_03,562,imipenem,resistant,Resistant,8,8,mm,,Laboratory Method,Disk diffusion,
562.17359,Escherichia coli strain 81009,562,imipenem,susceptible,Susceptible,<0.25,0.25,mg/L,<,Laboratory Method,Broth dilution,
562.65780,Escherichia coli strain CFS0351,562,imipenem,susceptible,Susceptible,,,,,Laboratory Method,,
562.65781,Escherichia coli strain CFS0344,562,imipenem,resistant,Resistant,,,,,Laboratory Method,,
562.65782,Escherichia coli strain CFS0350,562,imipenem,susceptible,Susceptible,,,,,Laboratory Method,,
562.65783,Escherichia coli strain CFS0348,562,imipenem,susceptible,Susceptible,,,,,Laboratory Method,,
562.65784,Escherichia coli strain CFS0349,562,imipenem,susceptible,Susceptible,,,,,Laboratory Method,,
562.65785,Escherichia coli strain CFS0345,562,imipenem,resistant,Resistant,,,,,Laboratory Method,,
562.65786,Escherichia coli strain CFS0347,562,imipenem,susceptible,Susceptible,,,,,Laboratory Method,,
562.65787,Escherichia coli strain CFS0354,562,imipenem,susceptible,Susceptible,,,,,Laboratory Method,,
562.65788,Escherichia coli strain CFS0359,562,imipenem,susceptible,Susceptible,,,,,Laboratory Method,,
562.65789,Escherichia coli strain CFS0355,562,imipenem,susceptible,Susceptible,,,,,Laboratory Method,,
562.65790,Escherichia coli strain CFS0356,562,imipenem,susceptible,Susceptible,,,,,Laboratory Method,,
562.65791,Escherichia coli strain CFS0360,562,imipenem,susceptible,Susceptible,,,,,Laboratory Method,,
562.135559,Escherichia coli MGL_90,562,kanamycin,resistant,Resistant,,,,,Laboratory Method,Disk diffusion,
562.135560,Escherichia coli MGL_106,562,kanamycin,resistant,Resistant,,,,,Laboratory Method,Disk diffusion,
562.135561,Escherichia coli MGL_91,562,kanamycin,resistant,Resistant,,,,,Laboratory Method,Disk diffusion,
562.135562,Escherichia coli MGL_87,562,kanamycin,resistant,Resistant,,,,,Laboratory Method,Disk diffusion,
562.135563,Escherichia coli MGL_86,562,kanamycin,resistant,Resistant,,,,,Laboratory Method,Disk diffusion,
562.135564,Escherichia coli 20200203_MGL_08,562,kanamycin,resistant,Resistant,,,,,Laboratory Method,Disk diffusion,
562.135565,Escherichia coli MGL_82,562,kanamycin,resistant,Resistant,,,,,Laboratory Method,Disk diffusion,
562.135567,Escherichia coli 20200622_MGL_66,562,kanamycin,resistant,Resistant,,,,,Laboratory Method,Disk diffusion,
562.135568,Escherichia coli 20200622_MGL_67,562,kanamycin,resistant,Resistant,,,,,Laboratory Method,Disk diffusion,
562.135569,Escherichia coli 20200203_MGL_07,562,kanamycin,resistant,Resistant,,,,,Laboratory Method,Disk diffusion,
562.135570,Escherichia coli 20200203_MGL_22,562,kanamycin,resistant,Resistant,,,,,Laboratory Method,Disk diffusion,
562.135571,Escherichia coli MGL_125,562,kanamycin,resistant,Resistant,,,,,Laboratory Method,Disk diffusion,
562.135572,Escherichia coli MGL_123,562,kanamycin,resistant,Resistant,,,,,Laboratory Method,Disk diffusion,
562.135573,Escherichia coli MGL_117,562,kanamycin,resistant,Resistant,,,,,Laboratory Method,Disk diffusion,
562.135574,Escherichia coli MGL_116,562,kanamycin,resistant,Resistant,,,,,Laboratory Method,Disk diffusion,
562.135575,Escherichia coli MGL_118,562,kanamycin,resistant,Resistant,,,,,Laboratory Method,Disk diffusion,
562.135576,Escherichia coli 20200203_MGL_04,562,kanamycin,resistant,Resistant,,,,,Laboratory Method,Disk diffusion,
562.135578,Escherichia coli 20200203_MGL_16,562,kanamycin,resistant,Resistant,,,,,Laboratory Method,Disk diffusion,
562.135579,Escherichia coli MGL_1560,562,kanamycin,resistant,Resistant,,,,,Laboratory Method,Disk diffusion,
562.135580,Escherichia coli MGL_1550,562,kanamycin,resistant,Resistant,,,,,Laboratory Method,Disk diffusion,
562.135581,Escherichia coli 20200203_MGL_06,562,kanamycin,resistant,Resistant,,,,,Laboratory Method,Disk diffusion,
562.135582,Escherichia coli 20200203_MGL_05,562,kanamycin,resistant,Resistant,,,,,Laboratory Method,Disk diffusion,
562.135583,Escherichia coli 20200317_MGL_35,562,kanamycin,resistant,Resistant,10,10,mm,,Laboratory Method,Disk diffusion,
562.135584,Escherichia coli 20200203_MGL_20,562,kanamycin,resistant,Resistant,13,13,mm,,Laboratory Method,Disk diffusion,
562.135585,Escherichia coli 20200203_MGL_19,562,kanamycin,resistant,Resistant,,,,,Laboratory Method,Disk diffusion,
562.135586,Escherichia coli MGL_150,562,kanamycin,resistant,Resistant,,,,,Laboratory Method,Disk diffusion,
562.135587,Escherichia coli MGL_153,562,kanamycin,resistant,Resistant,,,,,Laboratory Method,Disk diffusion,
562.135588,Escherichia coli MGL_136,562,kanamycin,resistant,Resistant,,,,,Laboratory Method,Disk diffusion,
562.135589,Escherichia coli MGL_133,562,kanamycin,resistant,Resistant,,,,,Laboratory Method,Disk diffusion,
562.135590,Escherichia coli 20200203_MGL_01,562,kanamycin,resistant,Resistant,,,,,Laboratory Method,Disk diffusion,
562.135591,Escherichia coli 20200203_MGL_12,562,kanamycin,resistant,Resistant,,,,,Laboratory Method,Disk diffusion,
562.135592,Escherichia coli MGL_131,562,kanamycin,resistant,Resistant,,,,,Laboratory Method,Disk diffusion,
562.135593,Escherichia coli MGL_126,562,kanamycin,resistant,Resistant,,,,,Laboratory Method,Disk diffusion,
562.135594,Escherichia coli 20200203_MGL_03,562,kanamycin,resistant,Resistant,,,,,Laboratory Method,Disk diffusion,
562.48345,Escherichia coli 590,562,kanamycin,susceptible,Susceptible,<=8,8,mg/L,<=,Laboratory Method,,
562.48346,Escherichia coli 290,562,kanamycin,susceptible,Susceptible,<=8,8,mg/L,<=,Laboratory Method,,
562.48348,Escherichia coli 292,562,kanamycin,susceptible,Susceptible,<=8,8,mg/L,<=,Laboratory Method,,
562.48349,Escherichia coli 291,562,kanamycin,susceptible,Susceptible,<=8,8,mg/L,<=,Laboratory Method,,
562.65780,Escherichia coli strain CFS0351,562,kanamycin,susceptible,Susceptible,,,,,Laboratory Method,,
562.65781,Escherichia coli strain CFS0344,562,kanamycin,resistant,Resistant,,,,,Laboratory Method,,
562.65782,Escherichia coli strain CFS0350,562,kanamycin,resistant,Resistant,,,,,Laboratory Method,,
562.65783,Escherichia coli strain CFS0348,562,kanamycin,resistant,Resistant,,,,,Laboratory Method,,
562.65784,Escherichia coli strain CFS0349,562,kanamycin,susceptible,Susceptible,,,,,Laboratory Method,,
562.65785,Escherichia coli strain CFS0345,562,kanamycin,resistant,Resistant,,,,,Laboratory Method,,
562.65786,Escherichia coli strain CFS0347,562,kanamycin,susceptible,Susceptible,,,,,Laboratory Method,,
562.65787,Escherichia coli strain CFS0354,562,kanamycin,susceptible,Susceptible,,,,,Laboratory Method,,
562.65788,Escherichia coli strain CFS0359,562,kanamycin,resistant,Resistant,,,,,Laboratory Method,,
562.65789,Escherichia coli strain CFS0355,562,kanamycin,susceptible,Susceptible,,,,,Laboratory Method,,
562.65790,Escherichia coli strain CFS0356,562,kanamycin,susceptible,Susceptible,,,,,Laboratory Method,,
562.65791,Escherichia coli strain CFS0360,562,kanamycin,resistant,Resistant,,,,,Laboratory Method,,
1328432.3,Escherichia coli BWH 32,1328432,levofloxacin,susceptible,Susceptible,,,,,Laboratory Method,Broth dilution,
1328433.3,Escherichia coli BWH 34,1328433,levofloxacin,resistant,Resistant,,,,,Laboratory Method,Broth dilution,
1328434.3,Escherichia coli BWH 40,1328434,levofloxacin,resistant,Resistant,,,,,Laboratory Method,Broth dilution,
1438684.3,Escherichia coli CHS 68,1438684,levofloxacin,resistant,Resistant,,,,,Laboratory Method,Broth dilution,
1438685.3,Escherichia coli CHS 69,1438685,levofloxacin,resistant,Resistant,,,,,Laboratory Method,Broth dilution,
1438686.3,Escherichia coli CHS 77,1438686,levofloxacin,resistant,Resistant,,,,,Laboratory Method,Broth dilution,
562.42686,Escherichia coli strain 24,562,levofloxacin,resistant,Resistant,8,8,mg/L,>,Laboratory Method,Broth dilution,
1328432.3,Escherichia coli BWH 32,1328432,meropenem,susceptible,Susceptible,,,,,Laboratory Method,Broth dilution,
1328437.3,Escherichia coli BIDMC 3,1328437,meropenem,resistant,Resistant,32,32,,,Laboratory Method,Broth dilution,
1328438.3,Escherichia coli BIDMC 6,1328438,meropenem,resistant,Resistant,32,32,,,Laboratory Method,Broth dilution,
1328439.3,Escherichia coli BIDMC 9,1328439,meropenem,resistant,Resistant,32,32,,,Laboratory Method,Broth dilution,
1328440.3,Escherichia coli BIDMC 15,1328440,meropenem,resistant,Resistant,32,32,,,Laboratory Method,Broth dilution,
1328441.3,Escherichia coli BIDMC 17A,1328441,meropenem,resistant,Resistant,32,32,,,Laboratory Method,Broth dilution,
1328442.3,Escherichia coli BIDMC 17B,1328442,meropenem,resistant,Resistant,32,32,,,Laboratory Method,Broth dilution,
1328443.3,Escherichia coli BIDMC 19A,1328443,meropenem,resistant,Resistant,32,32,,,Laboratory Method,Broth dilution,
1328444.3,Escherichia coli BIDMC 19B,1328444,meropenem,resistant,Resistant,32,32,,,Laboratory Method,Broth dilution,
1328445.3,Escherichia coli BIDMC 19C,1328445,meropenem,resistant,Resistant,32,32,,,Laboratory Method,Broth dilution,
1328446.3,Escherichia coli BIDMC 20A,1328446,meropenem,resistant,Resistant,8,8,,,Laboratory Method,Broth dilution,
1328447.3,Escherichia coli BIDMC 20B,1328447,meropenem,susceptible,Susceptible,32,32,,,Laboratory Method,Broth dilution,
1438684.3,Escherichia coli CHS 68,1438684,meropenem,resistant,Resistant,,,,,Laboratory Method,Broth dilution,
1438685.3,Escherichia coli CHS 69,1438685,meropenem,resistant,Resistant,,,,,Laboratory Method,Broth dilution,
1438686.3,Escherichia coli CHS 77,1438686,meropenem,resistant,Resistant,,,,,Laboratory Method,Broth dilution,
562.17359,Escherichia coli strain 81009,562,meropenem,susceptible,Susceptible,<0.25,0.25,mg/L,<,Laboratory Method,Broth dilution,
562.42686,Escherichia coli strain 24,562,meropenem,susceptible,Susceptible,0.5,0.5,mg/L,=,Laboratory Method,Broth dilution,
562.58703,Escherichia coli strain 14036998,562,meropenem,susceptible,Susceptible,0.03,0.03,mg/L,,Laboratory Method,Broth dilution,
562.58704,Escherichia coli strain 14037824,562,meropenem,susceptible,Susceptible,0.03,0.03,mg/L,,Laboratory Method,Broth dilution,
562.58705,Escherichia coli strain 14040376,562,meropenem,susceptible,Susceptible,0.03,0.03,mg/L,,Laboratory Method,Broth dilution,
562.58706,Escherichia coli strain 14043377,562,meropenem,susceptible,Susceptible,0.03,0.03,mg/L,,Laboratory Method,Broth dilution,
562.58707,Escherichia coli strain 14043512,562,meropenem,susceptible,Susceptible,0.03,0.03,mg/L,,Laboratory Method,Broth dilution,
562.58708,Escherichia coli strain 14044802,562,meropenem,susceptible,Susceptible,0.03,0.03,mg/L,,Laboratory Method,Broth dilution,
562.58709,Escherichia coli strain 14045775,562,meropenem,susceptible,Susceptible,0.03,0.03,mg/L,,Laboratory Method,Broth dilution,
562.58711,Escherichia coli strain 14063820,562,meropenem,susceptible,Susceptible,0.03,0.03,mg/L,,Laboratory Method,Broth dilution,
562.58712,Escherichia coli strain 14053473,562,meropenem,susceptible,Susceptible,0.03,0.03,mg/L,,Laboratory Method,Broth dilution,
562.58713,Escherichia coli strain 14050802,562,meropenem,susceptible,Susceptible,0.03,0.03,mg/L,,Laboratory Method,Broth dilution,
562.58714,Escherichia coli strain 14047606,562,meropenem,susceptible,Susceptible,0.03,0.03,mg/L,,Laboratory Method,Broth dilution,
562.58715,Escherichia coli strain 14050800,562,meropenem,susceptible,Susceptible,0.03,0.03,mg/L,,Laboratory Method,Broth dilution,
562.58716,Escherichia coli strain 14057877,562,meropenem,susceptible,Susceptible,0.03,0.03,mg/L,,Laboratory Method,Broth dilution,
562.58717,Escherichia coli strain 14054555,562,meropenem,susceptible,Susceptible,0.03,0.03,mg/L,,Laboratory Method,Broth dilution,
562.58718,Escherichia coli strain 14062120,562,meropenem,susceptible,Susceptible,0.03,0.03,mg/L,,Laboratory Method,Broth dilution,
562.58719,Escherichia coli strain 14062104,562,meropenem,susceptible,Susceptible,0.03,0.03,mg/L,,Laboratory Method,Broth dilution,
562.58720,Escherichia coli strain 14060900,562,meropenem,susceptible,Susceptible,0.03,0.03,mg/L,,Laboratory Method,Broth dilution,
562.58721,Escherichia coli strain 14066715,562,meropenem,susceptible,Susceptible,0.03,0.03,mg/L,,Laboratory Method,Broth dilution,
562.58722,Escherichia coli strain 14067330,562,meropenem,susceptible,Susceptible,0.03,0.03,mg/L,,Laboratory Method,Broth dilution,
562.58723,Escherichia coli strain 14069546,562,meropenem,susceptible,Susceptible,0.03,0.03,mg/L,,Laboratory Method,Broth dilution,
562.58724,Escherichia coli strain 15038100,562,meropenem,susceptible,Susceptible,0.03,0.03,mg/L,,Laboratory Method,Broth dilution,
562.58726,Escherichia coli strain 14085180,562,meropenem,susceptible,Susceptible,0.03,0.03,mg/L,,Laboratory Method,Broth dilution,
562.58727,Escherichia coli strain 14083136,562,meropenem,susceptible,Susceptible,0.03,0.03,mg/L,,Laboratory Method,Broth dilution,
562.58728,Escherichia coli strain 14087995,562,meropenem,susceptible,Susceptible,0.03,0.03,mg/L,,Laboratory Method,Broth dilution,
562.58729,Escherichia coli strain 14073256,562,meropenem,susceptible,Susceptible,0.03,0.03,mg/L,,Laboratory Method,Broth dilution,
562.58730,Escherichia coli strain 14077295,562,meropenem,susceptible,Susceptible,0.03,0.03,mg/L,,Laboratory Method,Broth dilution,
562.58731,Escherichia coli strain 14072934,562,meropenem,susceptible,Susceptible,0.03,0.03,mg/L,,Laboratory Method,Broth dilution,
562.58732,Escherichia coli strain 15051805,562,meropenem,susceptible,Susceptible,0.03,0.03,mg/L,,Laboratory Method,Broth dilution,
562.58733,Escherichia coli strain 15050011,562,meropenem,susceptible,Susceptible,0.03,0.03,mg/L,,Laboratory Method,Broth dilution,
562.58736,Escherichia coli strain 15062645,562,meropenem,susceptible,Susceptible,0.03,0.03,mg/L,,Laboratory Method,Broth dilution,
562.58737,Escherichia coli strain 15057173,562,meropenem,susceptible,Susceptible,0.03,0.03,mg/L,,Laboratory Method,Broth dilution,
562.58738,Escherichia coli strain 15078696,562,meropenem,susceptible,Susceptible,0.03,0.03,mg/L,,Laboratory Method,Broth dilution,
562.58740,Escherichia coli strain 15056420,562,meropenem,susceptible,Susceptible,0.03,0.03,mg/L,,Laboratory Method,Broth dilution,
1400156.3,Escherichia coli BIDMC 43a,1400156,minocycline,susceptible,Susceptible,,,,,Laboratory Method,Broth dilution,
1400157.3,Escherichia coli BIDMC 43b,1400157,minocycline,susceptible,Susceptible,,,,,Laboratory Method,Broth dilution,
1438668.3,Escherichia coli BIDMC 58,1438668,minocycline,resistant,Resistant,,,,,Laboratory Method,Broth dilution,
1438670.3,Escherichia coli BIDMC 62,1438670,minocycline,resistant,Resistant,,,,,Laboratory Method,Broth dilution,
1438672.3,Escherichia coli BIDMC 64,1438672,minocycline,susceptible,Susceptible,,,,,Laboratory Method,Broth dilution,
1445862.3,Escherichia coli BIDMC 82,1445862,minocycline,susceptible,Susceptible,,,,,Laboratory Method,Broth dilution,
562.135559,Escherichia coli MGL_90,562,nalidixic acid,resistant,Resistant,,,,,Laboratory Method,Disk diffusion,
562.135560,Escherichia coli MGL_106,562,nalidixic acid,resistant,Resistant,13,13,mm,,Laboratory Method,Disk diffusion,
562.135561,Escherichia coli MGL_91,562,nalidixic acid,resistant,Resistant,,,,,Laboratory Method,Disk diffusion,
562.135562,Escherichia coli MGL_87,562,nalidixic acid,resistant,Resistant,,,,,Laboratory Method,Disk diffusion,
562.135565,Escherichia coli MGL_82,562,nalidixic acid,resistant,Resistant,,,,,Laboratory Method,Disk diffusion,
562.135571,Escherichia coli MGL_125,562,nalidixic acid,resistant,Resistant,,,,,Laboratory Method,Disk diffusion,
562.135572,Escherichia coli MGL_123,562,nalidixic acid,resistant,Resistant,,,,,Laboratory Method,Disk diffusion,
562.135573,Escherichia coli MGL_117,562,nalidixic acid,resistant,Resistant,,,,,Laboratory Method,Disk diffusion,
562.135574,Escherichia coli MGL_116,562,nalidixic acid,resistant,Resistant,,,,,Laboratory Method,Disk diffusion,
562.135579,Escherichia coli MGL_1560,562,nalidixic acid,resistant,Resistant,,,,,Laboratory Method,Disk diffusion,
562.135580,Escherichia coli MGL_1550,562,nalidixic acid,resistant,Resistant,,,,,Laboratory Method,Disk diffusion,
562.135586,Escherichia coli MGL_150,562,nalidixic acid,resistant,Resistant,,,,,Laboratory Method,Disk diffusion,
562.135587,Escherichia coli MGL_153,562,nalidixic acid,resistant,Resistant,,,,,Laboratory Method,Disk diffusion,
562.135588,Escherichia coli MGL_136,562,nalidixic acid,resistant,Resistant,,,,,Laboratory Method,Disk diffusion,
562.135589,Escherichia coli MGL_133,562,nalidixic acid,resistant,Resistant,,,,,Laboratory Method,Disk diffusion,
562.135592,Escherichia coli MGL_131,562,nalidixic acid,resistant,Resistant,,,,,Laboratory Method,Disk diffusion,
562.135593,Escherichia coli MGL_126,562,nalidixic acid,resistant,Resistant,,,,,Laboratory Method,Disk diffusion,
562.48345,Escherichia coli 590,562,nalidixic acid,resistant,Resistant,>32,32,mg/L,>,Laboratory Method,,
562.48346,Escherichia coli 290,562,nalidixic acid,resistant,Resistant,>32,32,mg/L,>,Laboratory Method,,
562.48348,Escherichia coli 292,562,nalidixic acid,resistant,Resistant,>32,32,mg/L,>,Laboratory Method,,
562.48349,Escherichia coli 291,562,nalidixic acid,resistant,Resistant,>32,32,mg/L,>,Laboratory Method,,
562.65780,Escherichia coli strain CFS0351,562,nalidixic acid,resistant,Resistant,,,,,Laboratory Method,,
562.65781,Escherichia coli strain CFS0344,562,nalidixic acid,resistant,Resistant,,,,,Laboratory Method,,
562.65782,Escherichia coli strain CFS0350,562,nalidixic acid,resistant,Resistant,,,,,Laboratory Method,,
562.65783,Escherichia coli strain CFS0348,562,nalidixic acid,resistant,Resistant,,,,,Laboratory Method,,
562.65784,Escherichia coli strain CFS0349,562,nalidixic acid,resistant,Resistant,,,,,Laboratory Method,,
562.65785,Escherichia coli strain CFS0345,562,nalidixic acid,resistant,Resistant,,,,,Laboratory Method,,
562.65786,Escherichia coli strain CFS0347,562,nalidixic acid,resistant,Resistant,,,,,Laboratory Method,,
562.65787,Escherichia coli strain CFS0354,562,nalidixic acid,resistant,Resistant,,,,,Laboratory Method,,
562.65788,Escherichia coli strain CFS0359,562,nalidixic acid,resistant,Resistant,,,,,Laboratory Method,,
562.65789,Escherichia coli strain CFS0355,562,nalidixic acid,resistant,Resistant,,,,,Laboratory Method,,
562.65790,Escherichia coli strain CFS0356,562,nalidixic acid,resistant,Resistant,,,,,Laboratory Method,,
562.65791,Escherichia coli strain CFS0360,562,nalidixic acid,resistant,Resistant,,,,,Laboratory Method,,
562.135572,Escherichia coli MGL_123,562,neomycin,resistant,Resistant,,,,,Laboratory Method,Disk diffusion,
1328432.3,Escherichia coli BWH 32,1328432,nitrofurantoin,susceptible,Susceptible,,,,,Laboratory Method,Broth dilution,
1328433.3,Escherichia coli BWH 34,1328433,nitrofurantoin,susceptible,Susceptible,,,,,Laboratory Method,Broth dilution,
1328434.3,Escherichia coli BWH 40,1328434,nitrofurantoin,susceptible,Susceptible,,,,,Laboratory Method,Broth dilution,
1438684.3,Escherichia coli CHS 68,1438684,nitrofurantoin,resistant,Resistant,,,,,Laboratory Method,Broth dilution,
1438685.3,Escherichia coli CHS 69,1438685,nitrofurantoin,resistant,Resistant,,,,,Laboratory Method,Broth dilution,
1438686.3,Escherichia coli CHS 77,1438686,nitrofurantoin,resistant,Resistant,,,,,Laboratory Method,Broth dilution,
562.135559,Escherichia coli MGL_90,562,penicillin,resistant,Resistant,,,,,Laboratory Method,Disk diffusion,
562.135560,Escherichia coli MGL_106,562,penicillin,resistant,Resistant,,,,,Laboratory Method,Disk diffusion,
562.135561,Escherichia coli MGL_91,562,penicillin,resistant,Resistant,,,,,Laboratory Method,Disk diffusion,
562.135562,Escherichia coli MGL_87,562,penicillin,resistant,Resistant,,,,,Laboratory Method,Disk diffusion,
562.135563,Escherichia coli MGL_86,562,penicillin,resistant,Resistant,,,,,Laboratory Method,Disk diffusion,
562.135564,Escherichia coli 20200203_MGL_08,562,penicillin,resistant,Resistant,,,,,Laboratory Method,Disk diffusion,
562.135565,Escherichia coli MGL_82,562,penicillin,resistant,Resistant,,,,,Laboratory Method,Disk diffusion,
562.135567,Escherichia coli 20200622_MGL_66,562,penicillin,resistant,Resistant,,,,,Laboratory Method,Disk diffusion,
562.135568,Escherichia coli 20200622_MGL_67,562,penicillin,resistant,Resistant,,,,,Laboratory Method,Disk diffusion,
562.135569,Escherichia coli 20200203_MGL_07,562,penicillin,resistant,Resistant,,,,,Laboratory Method,Disk diffusion,
562.135571,Escherichia coli MGL_125,562,penicillin,resistant,Resistant,,,,,Laboratory Method,Disk diffusion,
562.135572,Escherichia coli MGL_123,562,penicillin,resistant,Resistant,,,,,Laboratory Method,Disk diffusion,
562.135573,Escherichia coli MGL_117,562,penicillin,resistant,Resistant,,,,,Laboratory Method,Disk diffusion,
562.135574,Escherichia coli MGL_116,562,penicillin,resistant,Resistant,,,,,Laboratory Method,Disk diffusion,
562.135575,Escherichia coli MGL_118,562,penicillin,resistant,Resistant,,,,,Laboratory Method,Disk diffusion,
562.135576,Escherichia coli 20200203_MGL_04,562,penicillin,resistant,Resistant,,,,,Laboratory Method,Disk diffusion,
562.135577,Escherichia coli 20200203_MGL_11,562,penicillin,resistant,Resistant,,,,,Laboratory Method,Disk diffusion,
562.135578,Escherichia coli 20200203_MGL_16,562,penicillin,resistant,Resistant,,,,,Laboratory Method,Disk diffusion,
562.135579,Escherichia coli MGL_1560,562,penicillin,resistant,Resistant,,,,,Laboratory Method,Disk diffusion,
562.135580,Escherichia coli MGL_1550,562,penicillin,resistant,Resistant,,,,,Laboratory Method,Disk diffusion,
562.135582,Escherichia coli 20200203_MGL_05,562,penicillin,resistant,Resistant,,,,,Laboratory Method,Disk diffusion,
562.135583,Escherichia coli 20200317_MGL_35,562,penicillin,resistant,Resistant,,,,,Laboratory Method,Disk diffusion,
562.135584,Escherichia coli 20200203_MGL_20,562,penicillin,resistant,Resistant,10,10,mm,,Laboratory Method,Disk diffusion,
562.135585,Escherichia coli 20200203_MGL_19,562,penicillin,resistant,Resistant,,,,,Laboratory Method,Disk diffusion,
562.135586,Escherichia coli MGL_150,562,penicillin,resistant,Resistant,,,,,Laboratory Method,Disk diffusion,
562.135587,Escherichia coli MGL_153,562,penicillin,resistant,Resistant,,,,,Laboratory Method,Disk diffusion,
562.135588,Escherichia coli MGL_136,562,penicillin,resistant,Resistant,,,,,Laboratory Method,Disk diffusion,
562.135589,Escherichia coli MGL_133,562,penicillin,resistant,Resistant,,,,,Laboratory Method,Disk diffusion,
562.135590,Escherichia coli 20200203_MGL_01,562,penicillin,resistant,Resistant,,,,,Laboratory Method,Disk diffusion,
562.135592,Escherichia coli MGL_131,562,penicillin,resistant,Resistant,,,,,Laboratory Method,Disk diffusion,
562.135593,Escherichia coli MGL_126,562,penicillin,resistant,Resistant,,,,,Laboratory Method,Disk diffusion,
562.135594,Escherichia coli 20200203_MGL_03,562,penicillin,resistant,Resistant,,,,,Laboratory Method,Disk diffusion,
1328448.3,Escherichia coli BIDMC 37,1328448,piperacillin/tazobactam,susceptible,Susceptible,,,,,Laboratory Method,Broth dilution,
1328449.3,Escherichia coli BIDMC 38,1328449,piperacillin/tazobactam,susceptible,Susceptible,,,,,Laboratory Method,Broth dilution,
1328450.3,Escherichia coli BIDMC 39,1328450,piperacillin/tazobactam,susceptible,Susceptible,,,,,Laboratory Method,Broth dilution,
562.135559,Escherichia coli MGL_90,562,rifampin,resistant,Resistant,,,,,Laboratory Method,Disk diffusion,
562.135560,Escherichia coli MGL_106,562,rifampin,resistant,Resistant,,,,,Laboratory Method,Disk diffusion,
562.135561,Escherichia coli MGL_91,562,rifampin,resistant,Resistant,,,,,Laboratory Method,Disk diffusion,
562.135562,Escherichia coli MGL_87,562,rifampin,resistant,Resistant,11,11,mm,,Laboratory Method,Disk diffusion,
562.135563,Escherichia coli MGL_86,562,rifampin,resistant,Resistant,13,13,mm,,Laboratory Method,Disk diffusion,
562.135564,Escherichia coli 20200203_MGL_08,562,rifampin,resistant,Resistant,11,11,mm,,Laboratory Method,Disk diffusion,
562.135565,Escherichia coli MGL_82,562,rifampin,resistant,Resistant,9,9,mm,,Laboratory Method,Disk diffusion,
562.135567,Escherichia coli 20200622_MGL_66,562,rifampin,resistant,Resistant,,,,,Laboratory Method,Disk diffusion,
562.135568,Escherichia coli 20200622_MGL_67,562,rifampin,resistant,Resistant,,,,,Laboratory Method,Disk diffusion,
562.135569,Escherichia coli 20200203_MGL_07,562,rifampin,resistant,Resistant,,,,,Laboratory Method,Disk diffusion,
562.135570,Escherichia coli 20200203_MGL_22,562,rifampin,resistant,Resistant,8,8,mm,,Laboratory Method,Disk diffusion,
562.135571,Escherichia coli MGL_125,562,rifampin,resistant,Resistant,,,,,Laboratory Method,Disk diffusion,
562.135572,Escherichia coli MGL_123,562,rifampin,resistant,Resistant,,,,,Laboratory Method,Disk diffusion,
562.135573,Escherichia coli MGL_117,562,rifampin,resistant,Resistant,,,,,Laboratory Method,Disk diffusion,
562.135574,Escherichia coli MGL_116,562,rifampin,resistant,Resistant,,,,,Laboratory Method,Disk diffusion,
562.135575,Escherichia coli MGL_118,562,rifampin,resistant,Resistant,,,,,Laboratory Method,Disk diffusion,
562.135579,Escherichia coli MGL_1560,562,rifampin,resistant,Resistant,,,,,Laboratory Method,Disk diffusion,
562.135580,Escherichia coli MGL_1550,562,rifampin,resistant,Resistant,,,,,Laboratory Method,Disk diffusion,
562.135581,Escherichia coli 20200203_MGL_06,562,rifampin,resistant,Resistant,,,,,Laboratory Method,Disk diffusion,
562.135582,Escherichia coli 20200203_MGL_05,562,rifampin,resistant,Resistant,,,,,Laboratory Method,Disk diffusion,
562.135583,Escherichia coli 20200317_MGL_35,562,rifampin,resistant,Resistant,,,,,Laboratory Method,Disk diffusion,
562.135584,Escherichia coli 20200203_MGL_20,562,rifampin,resistant,Resistant,12,12,mm,,Laboratory Method,Disk diffusion,
562.135585,Escherichia coli 20200203_MGL_19,562,rifampin,resistant,Resistant,10,10,mm,,Laboratory Method,Disk diffusion,
562.135586,Escherichia coli MGL_150,562,rifampin,resistant,Resistant,8,8,mm,,Laboratory Method,Disk diffusion,
562.135587,Escherichia coli MGL_153,562,rifampin,resistant,Resistant,8,8,mm,,Laboratory Method,Disk diffusion,
562.135588,Escherichia coli MGL_136,562,rifampin,resistant,Resistant,11,11,mm,,Laboratory Method,Disk diffusion,
562.135589,Escherichia coli MGL_133,562,rifampin,resistant,Resistant,,,,,Laboratory Method,Disk diffusion,
562.135590,Escherichia coli 20200203_MGL_01,562,rifampin,resistant,Resistant,11,11,mm,,Laboratory Method,Disk diffusion,
562.135591,Escherichia coli 20200203_MGL_12,562,rifampin,resistant,Resistant,,,,,Laboratory Method,Disk diffusion,
562.135592,Escherichia coli MGL_131,562,rifampin,resistant,Resistant,,,,,Laboratory Method,Disk diffusion,
562.135593,Escherichia coli MGL_126,562,rifampin,resistant,Resistant,,,,,Laboratory Method,Disk diffusion,
562.135594,Escherichia coli 20200203_MGL_03,562,rifampin,resistant,Resistant,11,11,mm,,Laboratory Method,Disk diffusion,
562.135559,Escherichia coli MGL_90,562,streptomycin,resistant,Resistant,11,11,mm,,Laboratory Method,Disk diffusion,
562.135561,Escherichia coli MGL_91,562,streptomycin,resistant,Resistant,11,11,mm,,Laboratory Method,Disk diffusion,
562.135567,Escherichia coli 20200622_MGL_66,562,streptomycin,resistant,Resistant,9,9,mm,,Laboratory Method,Disk diffusion,
562.135568,Escherichia coli 20200622_MGL_67,562,streptomycin,resistant,Resistant,10,10,mm,,Laboratory Method,Disk diffusion,
562.135570,Escherichia coli 20200203_MGL_22,562,streptomycin,resistant,Resistant,8,8,mm,,Laboratory Method,Disk diffusion,
562.135572,Escherichia coli MGL_123,562,streptomycin,resistant,Resistant,,,,,Laboratory Method,Disk diffusion,
562.135574,Escherichia coli MGL_116,562,streptomycin,resistant,Resistant,11,11,mm,,Laboratory Method,Disk diffusion,
562.135576,Escherichia coli 20200203_MGL_04,562,streptomycin,resistant,Resistant,,,,,Laboratory Method,Disk diffusion,
562.135578,Escherichia coli 20200203_MGL_16,562,streptomycin,resistant,Resistant,11,11,mm,,Laboratory Method,Disk diffusion,
562.135583,Escherichia coli 20200317_MGL_35,562,streptomycin,resistant,Resistant,11,11,mm,,Laboratory Method,Disk diffusion,
562.135584,Escherichia coli 20200203_MGL_20,562,streptomycin,resistant,Resistant,8,8,mm,,Laboratory Method,Disk diffusion,
562.135585,Escherichia coli 20200203_MGL_19,562,streptomycin,resistant,Resistant,10,10,mm,,Laboratory Method,Disk diffusion,
562.135591,Escherichia coli 20200203_MGL_12,562,streptomycin,resistant,Resistant,,,,,Laboratory Method,Disk diffusion,
562.135592,Escherichia coli MGL_131,562,streptomycin,resistant,Resistant,10,10,mm,,Laboratory Method,Disk diffusion,
562.135593,Escherichia coli MGL_126,562,streptomycin,resistant,Resistant,11,11,mm,,Laboratory Method,Disk diffusion,
562.135594,Escherichia coli 20200203_MGL_03,562,streptomycin,resistant,Resistant,10,10,mm,,Laboratory Method,Disk diffusion,
562.48345,Escherichia coli 590,562,streptomycin,resistant,Resistant,>64,64,mg/L,>,Laboratory Method,,
562.48346,Escherichia coli 290,562,streptomycin,resistant,Resistant,=64,64,mg/L,=,Laboratory Method,,
562.48348,Escherichia coli 292,562,streptomycin,susceptible,Susceptible,<=32,32,mg/L,<=,Laboratory Method,,
562.48349,Escherichia coli 291,562,streptomycin,resistant,Resistant,>64,64,mg/L,>,Laboratory Method,,
562.58703,Escherichia coli strain 14036998,562,sulfamethoxazole,resistant,Resistant,2048,2048,mg/L,,Laboratory Method,Broth dilution,
562.58704,Escherichia coli strain 14037824,562,sulfamethoxazole,resistant,Resistant,2048,2048,mg/L,,Laboratory Method,Broth dilution,
562.58705,Escherichia coli strain 14040376,562,sulfamethoxazole,resistant,Resistant,2048,2048,mg/L,,Laboratory Method,Broth dilution,
562.58706,Escherichia coli strain 14043377,562,sulfamethoxazole,susceptible,Susceptible,16,16,mg/L,,Laboratory Method,Broth dilution,
562.58707,Escherichia coli strain 14043512,562,sulfamethoxazole,resistant,Resistant,2048,2048,mg/L,,Laboratory Method,Broth dilution,
562.58708,Escherichia coli strain 14044802,562,sulfamethoxazole,susceptible,Susceptible,16,16,mg/L,,Laboratory Method,Broth dilution,
562.58709,Escherichia coli strain 14045775,562,sulfamethoxazole,resistant,Resistant,>1024,1024,mg/L,>,Laboratory Method,Broth dilution,
562.58710,Escherichia coli strain 14065450,562,sulfamethoxazole,resistant,Resistant,1024,1024,mg/L,,Laboratory Method,Broth dilution,
562.58711,Escherichia coli strain 14063820,562,sulfamethoxazole,susceptible,Susceptible,8,8,mg/L,,Laboratory Method,Broth dilution,
562.58712,Escherichia coli strain 14053473,562,sulfamethoxazole,resistant,Resistant,1024,1024,mg/L,,Laboratory Method,Broth dilution,
562.58713,Escherichia coli strain 14050802,562,sulfamethoxazole,resistant,Resistant,2048,2048,mg/L,,Laboratory Method,Broth dilution,
562.58714,Escherichia coli strain 14047606,562,sulfamethoxazole,susceptible,Susceptible,8,8,mg/L,,Laboratory Method,Broth dilution,
562.58715,Escherichia coli strain 14050800,562,sulfamethoxazole,resistant,Resistant,2048,2048,mg/L,,Laboratory Method,Broth dilution,
562.58716,Escherichia coli strain 14057877,562,sulfamethoxazole,resistant,Resistant,1024,1024,mg/L,,Laboratory Method,Broth dilution,
562.58717,Escherichia coli strain 14054555,562,sulfamethoxazole,susceptible,Susceptible,32,32,mg/L,,Laboratory Method,Broth dilution,
562.58718,Escherichia coli strain 14062120,562,sulfamethoxazole,resistant,Resistant,2048,2048,mg/L,,Laboratory Method,Broth dilution,
562.58719,Escherichia coli strain 14062104,562,sulfamethoxazole,resistant,Resistant,1024,1024,mg/L,,Laboratory Method,Broth dilution,
562.58720,Escherichia coli strain 14060900,562,sulfamethoxazole,resistant,Resistant,1024,1024,mg/L,,Laboratory Method,Broth dilution,
562.58722,Escherichia coli strain 14067330,562,sulfamethoxazole,resistant,Resistant,1024,1024,mg/L,,Laboratory Method,Broth dilution,
562.58723,Escherichia coli strain 14069546,562,sulfamethoxazole,resistant,Resistant,2048,2048,mg/L,,Laboratory Method,Broth dilution,
562.58724,Escherichia coli strain 15038100,562,sulfamethoxazole,resistant,Resistant,2048,2048,mg/L,,Laboratory Method,Broth dilution,
562.58725,Escherichia coli strain 14091902,562,sulfamethoxazole,resistant,Resistant,2048,2048,mg/L,,Laboratory Method,Broth dilution,
562.58726,Escherichia coli strain 14085180,562,sulfamethoxazole,resistant,Resistant,>1024,1024,mg/L,>,Laboratory Method,Broth dilution,
562.58727,Escherichia coli strain 14083136,562,sulfamethoxazole,resistant,Resistant,>1024,1024,mg/L,>,Laboratory Method,Broth dilution,
562.58728,Escherichia coli strain 14087995,562,sulfamethoxazole,resistant,Resistant,2048,2048,mg/L,,Laboratory Method,Broth dilution,
562.58729,Escherichia coli strain 14073256,562,sulfamethoxazole,resistant,Resistant,2048,2048,mg/L,,Laboratory Method,Broth dilution,
562.58730,Escherichia coli strain 14077295,562,sulfamethoxazole,resistant,Resistant,1024,1024,mg/L,,Laboratory Method,Broth dilution,
562.58731,Escherichia coli strain 14072934,562,sulfamethoxazole,resistant,Resistant,2048,2048,mg/L,,Laboratory Method,Broth dilution,
562.58733,Escherichia coli strain 15050011,562,sulfamethoxazole,resistant,Resistant,2048,2048,mg/L,,Laboratory Method,Broth dilution,
562.58734,Escherichia coli strain 15054212,562,sulfamethoxazole,resistant,Resistant,2048,2048,mg/L,,Laboratory Method,Broth dilution,
562.58735,Escherichia coli strain 15056393,562,sulfamethoxazole,susceptible,Susceptible,8,8,mg/L,,Laboratory Method,Broth dilution,
562.58737,Escherichia coli strain 15057173,562,sulfamethoxazole,resistant,Resistant,2048,2048,mg/L,,Laboratory Method,Broth dilution,
562.58738,Escherichia coli strain 15078696,562,sulfamethoxazole,resistant,Resistant,2048,2048,mg/L,,Laboratory Method,Broth dilution,
562.58740,Escherichia coli strain 15056420,562,sulfamethoxazole,resistant,Resistant,2048,2048,mg/L,,Laboratory Method,Broth dilution,
562.48345,Escherichia coli 590,562,sulfisoxazole,resistant,Resistant,>256,256,mg/L,>,Laboratory Method,,
562.48346,Escherichia coli 290,562,sulfisoxazole,resistant,Resistant,>256,256,mg/L,>,Laboratory Method,,
562.48348,Escherichia coli 292,562,sulfisoxazole,resistant,Resistant,>256,256,mg/L,>,Laboratory Method,,
562.48349,Escherichia coli 291,562,sulfisoxazole,resistant,Resistant,>256,256,mg/L,>,Laboratory Method,,
1328440.3,Escherichia coli BIDMC 15,1328440,tetracycline,susceptible,Susceptible,,,,,Laboratory Method,Broth dilution,
1328442.3,Escherichia coli BIDMC 17B,1328442,tetracycline,susceptible,Susceptible,,,,,Laboratory Method,Broth dilution,
562.135561,Escherichia coli MGL_91,562,tetracycline,resistant,Resistant,,,,,Laboratory Method,Disk diffusion,
562.135567,Escherichia coli 20200622_MGL_66,562,tetracycline,resistant,Resistant,,,,,Laboratory Method,Disk diffusion,
562.135569,Escherichia coli 20200203_MGL_07,562,tetracycline,resistant,Resistant,,,,,Laboratory Method,Disk diffusion,
562.135570,Escherichia coli 20200203_MGL_22,562,tetracycline,resistant,Resistant,,,,,Laboratory Method,Disk diffusion,
562.135572,Escherichia coli MGL_123,562,tetracycline,resistant,Resistant,,,,,Laboratory Method,Disk diffusion,
562.135573,Escherichia coli MGL_117,562,tetracycline,resistant,Resistant,,,,,Laboratory Method,Disk diffusion,
562.135574,Escherichia coli MGL_116,562,tetracycline,resistant,Resistant,,,,,Laboratory Method,Disk diffusion,
562.135575,Escherichia coli MGL_118,562,tetracycline,resistant,Resistant,,,,,Laboratory Method,Disk diffusion,
562.135576,Escherichia coli 20200203_MGL_04,562,tetracycline,resistant,Resistant,,,,,Laboratory Method,Disk diffusion,
562.135577,Escherichia coli 20200203_MGL_11,562,tetracycline,resistant,Resistant,,,,,Laboratory Method,Disk diffusion,
562.135579,Escherichia coli MGL_1560,562,tetracycline,resistant,Resistant,,,,,Laboratory Method,Disk diffusion,
562.135582,Escherichia coli 20200203_MGL_05,562,tetracycline,resistant,Resistant,,,,,Laboratory Method,Disk diffusion,
562.135583,Escherichia coli 20200317_MGL_35,562,tetracycline,resistant,Resistant,,,,,Laboratory Method,Disk diffusion,
562.135585,Escherichia coli 20200203_MGL_19,562,tetracycline,resistant,Resistant,,,,,Laboratory Method,Disk diffusion,
562.135591,Escherichia coli 20200203_MGL_12,562,tetracycline,resistant,Resistant,,,,,Laboratory Method,Disk diffusion,
562.135592,Escherichia coli MGL_131,562,tetracycline,resistant,Resistant,,,,,Laboratory Method,Disk diffusion,
562.135593,Escherichia coli MGL_126,562,tetracycline,resistant,Resistant,,,,,Laboratory Method,Disk diffusion,
562.13671,Escherichia coli strain 116,562,tetracycline,resistant,Resistant,,,,,Laboratory Method,Disk diffusion,
562.19151,Escherichia coli strain 104,562,tetracycline,susceptible,Susceptible,,,,,Laboratory Method,Disk diffusion,
562.42635,Escherichia coli strain 108,562,tetracycline,resistant,Resistant,,,,,Laboratory Method,Disk diffusion,
562.42686,Escherichia coli strain 24,562,tetracycline,resistant,Resistant,32,32,mg/L,>,Laboratory Method,Broth dilution,
562.48345,Escherichia coli 590,562,tetracycline,resistant,Resistant,>32,32,mg/L,>,Laboratory Method,,
562.48346,Escherichia coli 290,562,tetracycline,resistant,Resistant,>32,32,mg/L,>,Laboratory Method,,
562.48348,Escherichia coli 292,562,tetracycline,resistant,Resistant,>32,32,mg/L,>,Laboratory Method,,
562.48349,Escherichia coli 291,562,tetracycline,resistant,Resistant,>32,32,mg/L,>,Laboratory Method,,
562.58703,Escherichia coli strain 14036998,562,tetracycline,resistant,Resistant,128,128,mg/L,,Laboratory Method,Broth dilution,
562.58704,Escherichia coli strain 14037824,562,tetracycline,resistant,Resistant,64,64,mg/L,,Laboratory Method,Broth dilution,
562.58705,Escherichia coli strain 14040376,562,tetracycline,resistant,Resistant,128,128,mg/L,,Laboratory Method,Broth dilution,
562.58706,Escherichia coli strain 14043377,562,tetracycline,resistant,Resistant,64,64,mg/L,,Laboratory Method,Broth dilution,
562.58707,Escherichia coli strain 14043512,562,tetracycline,resistant,Resistant,128,128,mg/L,,Laboratory Method,Broth dilution,
562.58708,Escherichia coli strain 14044802,562,tetracycline,susceptible,Susceptible,2,2,mg/L,,Laboratory Method,Broth dilution,
562.58709,Escherichia coli strain 14045775,562,tetracycline,resistant,Resistant,64,64,mg/L,,Laboratory Method,Broth dilution,
562.58710,Escherichia coli strain 14065450,562,tetracycline,resistant,Resistant,64,64,mg/L,,Laboratory Method,Broth dilution,
562.58711,Escherichia coli strain 14063820,562,tetracycline,resistant,Resistant,64,64,mg/L,,Laboratory Method,Broth dilution,
562.58712,Escherichia coli strain 14053473,562,tetracycline,resistant,Resistant,>64,64,mg/L,>,Laboratory Method,Broth dilution,
562.58713,Escherichia coli strain 14050802,562,tetracycline,resistant,Resistant,64,64,mg/L,,Laboratory Method,Broth dilution,
562.58715,Escherichia coli strain 14050800,562,tetracycline,resistant,Resistant,128,128,mg/L,,Laboratory Method,Broth dilution,
562.58716,Escherichia coli strain 14057877,562,tetracycline,resistant,Resistant,64,64,mg/L,,Laboratory Method,Broth dilution,
562.58717,Escherichia coli strain 14054555,562,tetracycline,resistant,Resistant,128,128,mg/L,,Laboratory Method,Broth dilution,
562.58719,Escherichia coli strain 14062104,562,tetracycline,resistant,Resistant,64,64,mg/L,,Laboratory Method,Broth dilution,
562.58720,Escherichia coli strain 14060900,562,tetracycline,resistant,Resistant,>64,64,mg/L,>,Laboratory Method,Broth dilution,
562.58722,Escherichia coli strain 14067330,562,tetracycline,resistant,Resistant,64,64,mg/L,,Laboratory Method,Broth dilution,
562.58723,Escherichia coli strain 14069546,562,tetracycline,resistant,Resistant,128,128,mg/L,,Laboratory Method,Broth dilution,
562.58724,Escherichia coli strain 15038100,562,tetracycline,resistant,Resistant,128,128,mg/L,,Laboratory Method,Broth dilution,
562.58725,Escherichia coli strain 14091902,562,tetracycline,resistant,Resistant,128,128,mg/L,,Laboratory Method,Broth dilution,
562.58726,Escherichia coli strain 14085180,562,tetracycline,resistant,Resistant,>64,64,mg/L,>,Laboratory Method,Broth dilution,
562.58727,Escherichia coli strain 14083136,562,tetracycline,resistant,Resistant,>64,64,mg/L,>,Laboratory Method,Broth dilution,
562.58728,Escherichia coli strain 14087995,562,tetracycline,resistant,Resistant,128,128,mg/L,,Laboratory Method,Broth dilution,
562.58729,Escherichia coli strain 14073256,562,tetracycline,resistant,Resistant,128,128,mg/L,,Laboratory Method,Broth dilution,
562.58730,Escherichia coli strain 14077295,562,tetracycline,resistant,Resistant,64,64,mg/L,,Laboratory Method,Broth dilution,
562.58731,Escherichia coli strain 14072934,562,tetracycline,resistant,Resistant,128,128,mg/L,,Laboratory Method,Broth dilution,
562.58732,Escherichia coli strain 15051805,562,tetracycline,resistant,Resistant,64,64,mg/L,,Laboratory Method,Broth dilution,
562.58733,Escherichia coli strain 15050011,562,tetracycline,resistant,Resistant,64,64,mg/L,,Laboratory Method,Broth dilution,
562.58734,Escherichia coli strain 15054212,562,tetracycline,resistant,Resistant,128,128,mg/L,,Laboratory Method,Broth dilution,
562.58736,Escherichia coli strain 15062645,562,tetracycline,resistant,Resistant,64,64,mg/L,,Laboratory Method,Broth dilution,
562.58737,Escherichia coli strain 15057173,562,tetracycline,resistant,Resistant,128,128,mg/L,,Laboratory Method,Broth dilution,
562.58739,Escherichia coli strain 15056874,562,tetracycline,resistant,Resistant,128,128,mg/L,,Laboratory Method,Broth dilution,
562.58740,Escherichia coli strain 15056420,562,tetracycline,susceptible,Susceptible,4,4,mg/L,,Laboratory Method,Broth dilution,
562.58742,Escherichia coli strain 102,562,tetracycline,resistant,Resistant,,,,,Laboratory Method,Disk diffusion,
562.58743,Escherichia coli strain 103,562,tetracycline,resistant,Resistant,,,,,Laboratory Method,Disk diffusion,
562.58745,Escherichia coli strain 105,562,tetracycline,resistant,Resistant,,,,,Laboratory Method,Disk diffusion,
562.58746,Escherichia coli strain 109,562,tetracycline,resistant,Resistant,,,,,Laboratory Method,Disk diffusion,
562.58747,Escherichia coli strain 110,562,tetracycline,resistant,Resistant,,,,,Laboratory Method,Disk diffusion,
562.58748,Escherichia coli strain 112,562,tetracycline,resistant,Resistant,,,,,Laboratory Method,Disk diffusion,
562.58749,Escherichia coli strain 111,562,tetracycline,resistant,Resistant,,,,,Laboratory Method,Disk diffusion,
562.58751,Escherichia coli strain 106,562,tetracycline,susceptible,Susceptible,,,,,Laboratory Method,Disk diffusion,
562.58752,Escherichia coli strain 107,562,tetracycline,susceptible,Susceptible,,,,,Laboratory Method,Disk diffusion,
562.58753,Escherichia coli strain 113,562,tetracycline,resistant,Resistant,,,,,Laboratory Method,Disk diffusion,
562.58755,Escherichia coli strain 117,562,tetracycline,resistant,Resistant,,,,,Laboratory Method,Disk diffusion,
562.58757,Escherichia coli strain 114,562,tetracycline,resistant,Resistant,,,,,Laboratory Method,Disk diffusion,
562.58758,Escherichia coli strain 115,562,tetracycline,susceptible,Susceptible,,,,,Laboratory Method,Disk diffusion,
562.58759,Escherichia coli strain 119,562,tetracycline,resistant,Resistant,,,,,Laboratory Method,Disk diffusion,
562.58760,Escherichia coli strain 120,562,tetracycline,resistant,Resistant,,,,,Laboratory Method,Disk diffusion,
562.58761,Escherichia coli strain 201,562,tetracycline,susceptible,Susceptible,,,,,Laboratory Method,Disk diffusion,
562.58763,Escherichia coli strain 202,562,tetracycline,resistant,Resistant,,,,,Laboratory Method,Disk diffusion,
562.58764,Escherichia coli strain 301,562,tetracycline,resistant,Resistant,,,,,Laboratory Method,Disk diffusion,
562.58765,Escherichia coli strain 302,562,tetracycline,resistant,Resistant,,,,,Laboratory Method,Disk diffusion,
562.58766,Escherichia coli strain 203,562,tetracycline,susceptible,Susceptible,,,,,Laboratory Method,Disk diffusion,
562.58767,Escherichia coli strain 204,562,tetracycline,resistant,Resistant,,,,,Laboratory Method,Disk diffusion,
562.58768,Escherichia coli strain 205,562,tetracycline,susceptible,Susceptible,,,,,Laboratory Method,Disk diffusion,
562.65780,Escherichia coli strain CFS0351,562,tetracycline,resistant,Resistant,,,,,Laboratory Method,,
562.65781,Escherichia coli strain CFS0344,562,tetracycline,resistant,Resistant,,,,,Laboratory Method,,
562.65782,Escherichia coli strain CFS0350,562,tetracycline,resistant,Resistant,,,,,Laboratory Method,,
562.65783,Escherichia coli strain CFS0348,562,tetracycline,resistant,Resistant,,,,,Laboratory Method,,
562.65784,Escherichia coli strain CFS0349,562,tetracycline,resistant,Resistant,,,,,Laboratory Method,,
562.65785,Escherichia coli strain CFS0345,562,tetracycline,resistant,Resistant,,,,,Laboratory Method,,
562.65786,Escherichia coli strain CFS0347,562,tetracycline,resistant,Resistant,,,,,Laboratory Method,,
562.65787,Escherichia coli strain CFS0354,562,tetracycline,resistant,Resistant,,,,,Laboratory Method,,
562.65788,Escherichia coli strain CFS0359,562,tetracycline,resistant,Resistant,,,,,Laboratory Method,,
562.65789,Escherichia coli strain CFS0355,562,tetracycline,resistant,Resistant,,,,,Laboratory Method,,
562.65790,Escherichia coli strain CFS0356,562,tetracycline,resistant,Resistant,,,,,Laboratory Method,,
562.65791,Escherichia coli strain CFS0360,562,tetracycline,resistant,Resistant,,,,,Laboratory Method,,
1328432.3,Escherichia coli BWH 32,1328432,tigecycline,susceptible,Susceptible,,,,,Laboratory Method,Broth dilution,
1328433.3,Escherichia coli BWH 34,1328433,tigecycline,susceptible,Susceptible,,,,,Laboratory Method,Broth dilution,
1328434.3,Escherichia coli BWH 40,1328434,tigecycline,susceptible,Susceptible,,,,,Laboratory Method,Broth dilution,
1438684.3,Escherichia coli CHS 68,1438684,tigecycline,susceptible,Susceptible,,,,,Laboratory Method,Broth dilution,
1438686.3,Escherichia coli CHS 77,1438686,tigecycline,resistant,Resistant,,,,,Laboratory Method,Broth dilution,
562.42686,Escherichia coli strain 24,562,tigecycline,susceptible,Susceptible,0.5,0.5,mg/L,<,Laboratory Method,Broth dilution,
562.58703,Escherichia coli strain 14036998,562,tigecycline,susceptible,Susceptible,0.25,0.25,mg/L,,Laboratory Method,Broth dilution,
562.58704,Escherichia coli strain 14037824,562,tigecycline,susceptible,Susceptible,0.25,0.25,mg/L,,Laboratory Method,Broth dilution,
562.58705,Escherichia coli strain 14040376,562,tigecycline,susceptible,Susceptible,0.25,0.25,mg/L,,Laboratory Method,Broth dilution,
562.58706,Escherichia coli strain 14043377,562,tigecycline,susceptible,Susceptible,0.25,0.25,mg/L,,Laboratory Method,Broth dilution,
562.58707,Escherichia coli strain 14043512,562,tigecycline,susceptible,Susceptible,0.5,0.5,mg/L,,Laboratory Method,Broth dilution,
562.58709,Escherichia coli strain 14045775,562,tigecycline,susceptible,Susceptible,0.25,0.25,mg/L,,Laboratory Method,Broth dilution,
562.58710,Escherichia coli strain 14065450,562,tigecycline,susceptible,Susceptible,0.25,0.25,mg/L,,Laboratory Method,Broth dilution,
562.58711,Escherichia coli strain 14063820,562,tigecycline,susceptible,Susceptible,0.25,0.25,mg/L,,Laboratory Method,Broth dilution,
562.58712,Escherichia coli strain 14053473,562,tigecycline,susceptible,Susceptible,0.25,0.25,mg/L,,Laboratory Method,Broth dilution,
562.58713,Escherichia coli strain 14050802,562,tigecycline,susceptible,Susceptible,0.25,0.25,mg/L,,Laboratory Method,Broth dilution,
562.58715,Escherichia coli strain 14050800,562,tigecycline,susceptible,Susceptible,0.25,0.25,mg/L,,Laboratory Method,Broth dilution,
562.58716,Escherichia coli strain 14057877,562,tigecycline,susceptible,Susceptible,0.25,0.25,mg/L,,Laboratory Method,Broth dilution,
562.58717,Escherichia coli strain 14054555,562,tigecycline,susceptible,Susceptible,0.25,0.25,mg/L,,Laboratory Method,Broth dilution,
562.58718,Escherichia coli strain 14062120,562,tigecycline,susceptible,Susceptible,0.25,0.25,mg/L,,Laboratory Method,Broth dilution,
562.58719,Escherichia coli strain 14062104,562,tigecycline,susceptible,Susceptible,0.25,0.25,mg/L,,Laboratory Method,Broth dilution,
562.58720,Escherichia coli strain 14060900,562,tigecycline,susceptible,Susceptible,0.25,0.25,mg/L,,Laboratory Method,Broth dilution,
562.58721,Escherichia coli strain 14066715,562,tigecycline,susceptible,Susceptible,0.25,0.25,mg/L,,Laboratory Method,Broth dilution,
562.58722,Escherichia coli strain 14067330,562,tigecycline,susceptible,Susceptible,0.25,0.25,mg/L,,Laboratory Method,Broth dilution,
562.58723,Escherichia coli strain 14069546,562,tigecycline,susceptible,Susceptible,0.25,0.25,mg/L,,Laboratory Method,Broth dilution,
562.58724,Escherichia coli strain 15038100,562,tigecycline,susceptible,Susceptible,0.25,0.25,mg/L,,Laboratory Method,Broth dilution,
562.58725,Escherichia coli strain 14091902,562,tigecycline,susceptible,Susceptible,0.25,0.25,mg/L,,Laboratory Method,Broth dilution,
562.58726,Escherichia coli strain 14085180,562,tigecycline,susceptible,Susceptible,0.25,0.25,mg/L,,Laboratory Method,Broth dilution,
562.58727,Escherichia coli strain 14083136,562,tigecycline,susceptible,Susceptible,0.25,0.25,mg/L,,Laboratory Method,Broth dilution,
562.58728,Escherichia coli strain 14087995,562,tigecycline,susceptible,Susceptible,0.25,0.25,mg/L,,Laboratory Method,Broth dilution,
562.58729,Escherichia coli strain 14073256,562,tigecycline,susceptible,Susceptible,0.25,0.25,mg/L,,Laboratory Method,Broth dilution,
562.58730,Escherichia coli strain 14077295,562,tigecycline,susceptible,Susceptible,0.25,0.25,mg/L,,Laboratory Method,Broth dilution,
562.58731,Escherichia coli strain 14072934,562,tigecycline,susceptible,Susceptible,0.5,0.5,mg/L,,Laboratory Method,Broth dilution,
562.58732,Escherichia coli strain 15051805,562,tigecycline,susceptible,Susceptible,0.25,0.25,mg/L,,Laboratory Method,Broth dilution,
562.58733,Escherichia coli strain 15050011,562,tigecycline,susceptible,Susceptible,0.25,0.25,mg/L,,Laboratory Method,Broth dilution,
562.58734,Escherichia coli strain 15054212,562,tigecycline,susceptible,Susceptible,0.25,0.25,mg/L,,Laboratory Method,Broth dilution,
562.58736,Escherichia coli strain 15062645,562,tigecycline,susceptible,Susceptible,0.25,0.25,mg/L,,Laboratory Method,Broth dilution,
562.58737,Escherichia coli strain 15057173,562,tigecycline,susceptible,Susceptible,0.25,0.25,mg/L,,Laboratory Method,Broth dilution,
562.58738,Escherichia coli strain 15078696,562,tigecycline,susceptible,Susceptible,0.25,0.25,mg/L,,Laboratory Method,Broth dilution,
562.58739,Escherichia coli strain 15056874,562,tigecycline,susceptible,Susceptible,0.25,0.25,mg/L,,Laboratory Method,Broth dilution,
562.58740,Escherichia coli strain 15056420,562,tigecycline,susceptible,Susceptible,0.25,0.25,mg/L,,Laboratory Method,Broth dilution,
562.58703,Escherichia coli strain 14036998,562,trimethoprim,resistant,Resistant,64,64,mg/L,,Laboratory Method,Broth dilution,
562.58704,Escherichia coli strain 14037824,562,trimethoprim,resistant,Resistant,64,64,mg/L,,Laboratory Method,Broth dilution,
562.58705,Escherichia coli strain 14040376,562,trimethoprim,resistant,Resistant,64,64,mg/L,,Laboratory Method,Broth dilution,
562.58706,Escherichia coli strain 14043377,562,trimethoprim,resistant,Resistant,>32,32,mg/L,>,Laboratory Method,Broth dilution,
562.58707,Escherichia coli strain 14043512,562,trimethoprim,resistant,Resistant,64,64,mg/L,,Laboratory Method,Broth dilution,
562.58708,Escherichia coli strain 14044802,562,trimethoprim,susceptible,Susceptible,0.25,0.25,mg/L,,Laboratory Method,Broth dilution,
562.58709,Escherichia coli strain 14045775,562,trimethoprim,resistant,Resistant,>32,32,mg/L,>,Laboratory Method,Broth dilution,
562.58710,Escherichia coli strain 14065450,562,trimethoprim,resistant,Resistant,32,32,mg/L,,Laboratory Method,Broth dilution,
562.58711,Escherichia coli strain 14063820,562,trimethoprim,resistant,Resistant,64,64,mg/L,,Laboratory Method,Broth dilution,
562.58712,Escherichia coli strain 14053473,562,trimethoprim,resistant,Resistant,>32,32,mg/L,>,Laboratory Method,Broth dilution,
562.58713,Escherichia coli strain 14050802,562,trimethoprim,resistant,Resistant,64,64,mg/L,,Laboratory Method,Broth dilution,
562.58714,Escherichia coli strain 14047606,562,trimethoprim,susceptible,Susceptible,0.25,0.25,mg/L,,Laboratory Method,Broth dilution,
562.58715,Escherichia coli strain 14050800,562,trimethoprim,resistant,Resistant,64,64,mg/L,,Laboratory Method,Broth dilution,
562.58716,Escherichia coli strain 14057877,562,trimethoprim,resistant,Resistant,32,32,mg/L,,Laboratory Method,Broth dilution,
562.58717,Escherichia coli strain 14054555,562,trimethoprim,susceptible,Susceptible,0.25,0.25,mg/L,,Laboratory Method,Broth dilution,
562.58718,Escherichia coli strain 14062120,562,trimethoprim,resistant,Resistant,64,64,mg/L,,Laboratory Method,Broth dilution,
562.58719,Escherichia coli strain 14062104,562,trimethoprim,resistant,Resistant,32,32,mg/L,,Laboratory Method,Broth dilution,
562.58720,Escherichia coli strain 14060900,562,trimethoprim,resistant,Resistant,>32,32,mg/L,>,Laboratory Method,Broth dilution,
562.58722,Escherichia coli strain 14067330,562,trimethoprim,resistant,Resistant,32,32,mg/L,,Laboratory Method,Broth dilution,
562.58723,Escherichia coli strain 14069546,562,trimethoprim,resistant,Resistant,64,64,mg/L,,Laboratory Method,Broth dilution,
562.58724,Escherichia coli strain 15038100,562,trimethoprim,susceptible,Susceptible,,,,,Laboratory Method,Broth dilution,
562.58725,Escherichia coli strain 14091902,562,trimethoprim,resistant,Resistant,64,64,mg/L,,Laboratory Method,Broth dilution,
562.58726,Escherichia coli strain 14085180,562,trimethoprim,susceptible,Susceptible,0.25,0.25,mg/L,,Laboratory Method,Broth dilution,
562.58727,Escherichia coli strain 14083136,562,trimethoprim,resistant,Resistant,>32,32,mg/L,>,Laboratory Method,Broth dilution,
562.58728,Escherichia coli strain 14087995,562,trimethoprim,resistant,Resistant,64,64,mg/L,,Laboratory Method,Broth dilution,
562.58729,Escherichia coli strain 14073256,562,trimethoprim,resistant,Resistant,64,64,mg/L,,Laboratory Method,Broth dilution,
562.58730,Escherichia coli strain 14077295,562,trimethoprim,resistant,Resistant,32,32,mg/L,,Laboratory Method,Broth dilution,
562.58731,Escherichia coli strain 14072934,562,trimethoprim,resistant,Resistant,64,64,mg/L,,Laboratory Method,Broth dilution,
562.58732,Escherichia coli strain 15051805,562,trimethoprim,resistant,Resistant,64,64,mg/L,,Laboratory Method,Broth dilution,
562.58733,Escherichia coli strain 15050011,562,trimethoprim,resistant,Resistant,64,64,mg/L,,Laboratory Method,Broth dilution,
562.58734,Escherichia coli strain 15054212,562,trimethoprim,resistant,Resistant,64,64,mg/L,,Laboratory Method,Broth dilution,
562.58735,Escherichia coli strain 15056393,562,trimethoprim,susceptible,Susceptible,0.25,0.25,mg/L,,Laboratory Method,Broth dilution,
562.58736,Escherichia coli strain 15062645,562,trimethoprim,resistant,Resistant,64,64,mg/L,,Laboratory Method,Broth dilution,
562.58737,Escherichia coli strain 15057173,562,trimethoprim,resistant,Resistant,64,64,mg/L,,Laboratory Method,Broth dilution,
562.58738,Escherichia coli strain 15078696,562,trimethoprim,resistant,Resistant,64,64,mg/L,,Laboratory Method,Broth dilution,
562.58740,Escherichia coli strain 15056420,562,trimethoprim,resistant,Resistant,64,64,mg/L,,Laboratory Method,Broth dilution,
1328432.3,Escherichia coli BWH 32,1328432,trimethoprim/sulfamethoxazole,susceptible,Susceptible,,,,,Laboratory Method,Broth dilution,
1328433.3,Escherichia coli BWH 34,1328433,trimethoprim/sulfamethoxazole,resistant,Resistant,,,,,Laboratory Method,Broth dilution,
1328434.3,Escherichia coli BWH 40,1328434,trimethoprim/sulfamethoxazole,resistant,Resistant,,,,,Laboratory Method,Broth dilution,
1438684.3,Escherichia coli CHS 68,1438684,trimethoprim/sulfamethoxazole,resistant,Resistant,,,,,Laboratory Method,Broth dilution,
1438685.3,Escherichia coli CHS 69,1438685,trimethoprim/sulfamethoxazole,susceptible,Susceptible,,,,,Laboratory Method,Broth dilution,
1438686.3,Escherichia coli CHS 77,1438686,trimethoprim/sulfamethoxazole,resistant,Resistant,,,,,Laboratory Method,Broth dilution,
562.135559,Escherichia coli MGL_90,562,trimethoprim/sulfamethoxazole,resistant,Resistant,,,,,Laboratory Method,Disk diffusion,
562.135560,Escherichia coli MGL_106,562,trimethoprim/sulfamethoxazole,resistant,Resistant,,,,,Laboratory Method,Disk diffusion,
562.135561,Escherichia coli MGL_91,562,trimethoprim/sulfamethoxazole,resistant,Resistant,,,,,Laboratory Method,Disk diffusion,
562.135562,Escherichia coli MGL_87,562,trimethoprim/sulfamethoxazole,resistant,Resistant,,,,,Laboratory Method,Disk diffusion,
562.135563,Escherichia coli MGL_86,562,trimethoprim/sulfamethoxazole,resistant,Resistant,,,,,Laboratory Method,Disk diffusion,
562.135571,Escherichia coli MGL_125,562,trimethoprim/sulfamethoxazole,resistant,Resistant,,,,,Laboratory Method,Disk diffusion,
562.135572,Escherichia coli MGL_123,562,trimethoprim/sulfamethoxazole,resistant,Resistant,,,,,Laboratory Method,Disk diffusion,
562.135573,Escherichia coli MGL_117,562,trimethoprim/sulfamethoxazole,resistant,Resistant,,,,,Laboratory Method,Disk diffusion,
562.135574,Escherichia coli MGL_116,562,trimethoprim/sulfamethoxazole,resistant,Resistant,,,,,Laboratory Method,Disk diffusion,
562.135575,Escherichia coli MGL_118,562,trimethoprim/sulfamethoxazole,resistant,Resistant,,,,,Laboratory Method,Disk diffusion,
562.135579,Escherichia coli MGL_1560,562,trimethoprim/sulfamethoxazole,susceptible,Susceptible,22,22,mm,,Laboratory Method,Disk diffusion,
562.135580,Escherichia coli MGL_1550,562,trimethoprim/sulfamethoxazole,resistant,Resistant,,,,,Laboratory Method,Disk diffusion,
562.135586,Escherichia coli MGL_150,562,trimethoprim/sulfamethoxazole,resistant,Resistant,,,,,Laboratory Method,Disk diffusion,
562.135587,Escherichia coli MGL_153,562,trimethoprim/sulfamethoxazole,resistant,Resistant,,,,,Laboratory Method,Disk diffusion,
562.135588,Escherichia coli MGL_136,562,trimethoprim/sulfamethoxazole,resistant,Resistant,,,,,Laboratory Method,Disk diffusion,
562.135589,Escherichia coli MGL_133,562,trimethoprim/sulfamethoxazole,resistant,Resistant,,,,,Laboratory Method,Disk diffusion,
562.135592,Escherichia coli MGL_131,562,trimethoprim/sulfamethoxazole,resistant,Resistant,,,,,Laboratory Method,Disk diffusion,
562.135593,Escherichia coli MGL_126,562,trimethoprim/sulfamethoxazole,susceptible,Susceptible,18,18,mm,,Laboratory Method,Disk diffusion,
562.48345,Escherichia coli 590,562,trimethoprim/sulfamethoxazole,resistant,Resistant,>4,4,mg/L,>,Laboratory Method,,
562.48346,Escherichia coli 290,562,trimethoprim/sulfamethoxazole,resistant,Resistant,>4,4,mg/L,>,Laboratory Method,,
562.48348,Escherichia coli 292,562,trimethoprim/sulfamethoxazole,resistant,Resistant,>4,4,mg/L,>,Laboratory Method,,
562.48349,Escherichia coli 291,562,trimethoprim/sulfamethoxazole,resistant,Resistant,>4,4,mg/L,>,Laboratory Method,,
